ATLAS CONCORDE,./temp_files/logo/ATLAS CONCORDE.png,"atlas concorde, атлас конкорд, плитка atlas concorde, керамогранит atlas concorde, плитка, керамогранит, atlas concord, плитка конкорд, плитка atlas, поставщик, атлас конкорд италия, атлас конкорд сайт","Каталог керамической плитки и керамогранита ATLAS CONCORDE / АТЛАС КОНКОРД (Италия) от прямого поставщика КЕРАМОТЕКА. Низкие цены, скидки. Оптовые и розничные продажи. Материал в наличии.",ATLAS CONCORDE / АТЛАС КОНКОРД (Италия) Керамическая плитка и керамогранит от прямого поставщика - компании КЕРАМОТЕКА,Италия,EVER,"atlas concorde ever, атлас конкорд эвер, керамогранит ever, купить, поставщик, скидки, цены",Каталог керамического гранита ATLAS CONCORDE EVER от прямого поставщика КЕРАМОТЕКА. Опт и розница. Скидки. Цены.,ATLAS CONCORDE EVER / АТЛАС КОНКОРД ЭВЕР - проектный керамогранит для общественных пространств. КЕРАМОТЕКА.,Под заказ,$$$,https://www.keramoteka.ru/upload/uf/34c/keramoteka-atlas-concorde-ever.pdf,Статус NHS - ОТСУТСВУЕТ,Керамогранит,Rock,60X120 СМ,ARGH,./temp_files/img/ATLAS CONCORDE_EVER_Rock.jpg
ATLAS CONCORDE,./temp_files/logo/ATLAS CONCORDE.png,"atlas concorde, атлас конкорд, плитка atlas concorde, керамогранит atlas concorde, плитка, керамогранит, atlas concord, плитка конкорд, плитка atlas, поставщик, атлас конкорд италия, атлас конкорд сайт","Каталог керамической плитки и керамогранита ATLAS CONCORDE / АТЛАС КОНКОРД (Италия) от прямого поставщика КЕРАМОТЕКА. Низкие цены, скидки. Оптовые и розничные продажи. Материал в наличии.",ATLAS CONCORDE / АТЛАС КОНКОРД (Италия) Керамическая плитка и керамогранит от прямого поставщика - компании КЕРАМОТЕКА,Италия,EVER,"atlas concorde ever, атлас конкорд эвер, керамогранит ever, купить, поставщик, скидки, цены",Каталог керамического гранита ATLAS CONCORDE EVER от прямого поставщика КЕРАМОТЕКА. Опт и розница. Скидки. Цены.,ATLAS CONCORDE EVER / АТЛАС КОНКОРД ЭВЕР - проектный керамогранит для общественных пространств. КЕРАМОТЕКА.,Под заказ,$$$,https://www.keramoteka.ru/upload/uf/34c/keramoteka-atlas-concorde-ever.pdf,Статус NHS - ОТСУТСВУЕТ,Керамогранит,Earth,60X120 СМ,ARGI,./temp_files/img/ATLAS CONCORDE_EVER_Earth.jpg
ATLAS CONCORDE,./temp_files/logo/ATLAS CONCORDE.png,"atlas concorde, атлас конкорд, плитка atlas concorde, керамогранит atlas concorde, плитка, керамогранит, atlas concord, плитка конкорд, плитка atlas, поставщик, атлас конкорд италия, атлас конкорд сайт","Каталог керамической плитки и керамогранита ATLAS CONCORDE / АТЛАС КОНКОРД (Италия) от прямого поставщика КЕРАМОТЕКА. Низкие цены, скидки. Оптовые и розничные продажи. Материал в наличии.",ATLAS CONCORDE / АТЛАС КОНКОРД (Италия) Керамическая плитка и керамогранит от прямого поставщика - компании КЕРАМОТЕКА,Италия,EVER,"atlas concorde ever, атлас конкорд эвер, керамогранит ever, купить, поставщик, скидки, цены",Каталог керамического гранита ATLAS CONCORDE EVER от прямого поставщика КЕРАМОТЕКА. Опт и розница. Скидки. Цены.,ATLAS CONCORDE EVER / АТЛАС КОНКОРД ЭВЕР - проектный керамогранит для общественных пространств. КЕРАМОТЕКА.,Под заказ,$$$,https://www.keramoteka.ru/upload/uf/34c/keramoteka-atlas-concorde-ever.pdf,Статус NHS - ОТСУТСВУЕТ,Керамогранит,Dark,60X120 СМ,ARGJ,./temp_files/img/ATLAS CONCORDE_EVER_Dark.jpg
ATLAS CONCORDE,./temp_files/logo/ATLAS CONCORDE.png,"atlas concorde, атлас конкорд, плитка atlas concorde, керамогранит atlas concorde, плитка, керамогранит, atlas concord, плитка конкорд, плитка atlas, поставщик, атлас конкорд италия, атлас конкорд сайт","Каталог керамической плитки и керамогранита ATLAS CONCORDE / АТЛАС КОНКОРД (Италия) от прямого поставщика КЕРАМОТЕКА. Низкие цены, скидки. Оптовые и розничные продажи. Материал в наличии.",ATLAS CONCORDE / АТЛАС КОНКОРД (Италия) Керамическая плитка и керамогранит от прямого поставщика - компании КЕРАМОТЕКА,Италия,EVER,"atlas concorde ever, атлас конкорд эвер, керамогранит ever, купить, поставщик, скидки, цены",Каталог керамического гранита ATLAS CONCORDE EVER от прямого поставщика КЕРАМОТЕКА. Опт и розница. Скидки. Цены.,ATLAS CONCORDE EVER / АТЛАС КОНКОРД ЭВЕР - проектный керамогранит для общественных пространств. КЕРАМОТЕКА.,Под заказ,$$$,https://www.keramoteka.ru/upload/uf/34c/keramoteka-atlas-concorde-ever.pdf,Статус NHS - ОТСУТСВУЕТ,Керамогранит,Moon,60X120 СМ,ARGE,./temp_files/img/ATLAS CONCORDE_EVER_Moon.jpg
ATLAS CONCORDE,./temp_files/logo/ATLAS CONCORDE.png,"atlas concorde, атлас конкорд, плитка atlas concorde, керамогранит atlas concorde, плитка, керамогранит, atlas concord, плитка конкорд, плитка atlas, поставщик, атлас конкорд италия, атлас конкорд сайт","Каталог керамической плитки и керамогранита ATLAS CONCORDE / АТЛАС КОНКОРД (Италия) от прямого поставщика КЕРАМОТЕКА. Низкие цены, скидки. Оптовые и розничные продажи. Материал в наличии.",ATLAS CONCORDE / АТЛАС КОНКОРД (Италия) Керамическая плитка и керамогранит от прямого поставщика - компании КЕРАМОТЕКА,Италия,EVER,"atlas concorde ever, атлас конкорд эвер, керамогранит ever, купить, поставщик, скидки, цены",Каталог керамического гранита ATLAS CONCORDE EVER от прямого поставщика КЕРАМОТЕКА. Опт и розница. Скидки. Цены.,ATLAS CONCORDE EVER / АТЛАС КОНКОРД ЭВЕР - проектный керамогранит для общественных пространств. КЕРАМОТЕКА.,Под заказ,$$$,https://www.keramoteka.ru/upload/uf/34c/keramoteka-atlas-concorde-ever.pdf,Статус NHS - ОТСУТСВУЕТ,Керамогранит,Light,60X120 СМ,ARGF,./temp_files/img/ATLAS CONCORDE_EVER_Light.jpg
ATLAS CONCORDE,./temp_files/logo/ATLAS CONCORDE.png,"atlas concorde, атлас конкорд, плитка atlas concorde, керамогранит atlas concorde, плитка, керамогранит, atlas concord, плитка конкорд, плитка atlas, поставщик, атлас конкорд италия, атлас конкорд сайт","Каталог керамической плитки и керамогранита ATLAS CONCORDE / АТЛАС КОНКОРД (Италия) от прямого поставщика КЕРАМОТЕКА. Низкие цены, скидки. Оптовые и розничные продажи. Материал в наличии.",ATLAS CONCORDE / АТЛАС КОНКОРД (Италия) Керамическая плитка и керамогранит от прямого поставщика - компании КЕРАМОТЕКА,Италия,EVER,"atlas concorde ever, атлас конкорд эвер, керамогранит ever, купить, поставщик, скидки, цены",Каталог керамического гранита ATLAS CONCORDE EVER от прямого поставщика КЕРАМОТЕКА. Опт и розница. Скидки. Цены.,ATLAS CONCORDE EVER / АТЛАС КОНКОРД ЭВЕР - проектный керамогранит для общественных пространств. КЕРАМОТЕКА.,Под заказ,$$$,https://www.keramoteka.ru/upload/uf/34c/keramoteka-atlas-concorde-ever.pdf,Статус NHS - ОТСУТСВУЕТ,Керамогранит,Artic,60X120 СМ,ARGK,./temp_files/img/ATLAS CONCORDE_EVER_Artic.jpg
ATLAS CONCORDE,./temp_files/logo/ATLAS CONCORDE.png,"atlas concorde, атлас конкорд, плитка atlas concorde, керамогранит atlas concorde, плитка, керамогранит, atlas concord, плитка конкорд, плитка atlas, поставщик, атлас конкорд италия, атлас конкорд сайт","Каталог керамической плитки и керамогранита ATLAS CONCORDE / АТЛАС КОНКОРД (Италия) от прямого поставщика КЕРАМОТЕКА. Низкие цены, скидки. Оптовые и розничные продажи. Материал в наличии.",ATLAS CONCORDE / АТЛАС КОНКОРД (Италия) Керамическая плитка и керамогранит от прямого поставщика - компании КЕРАМОТЕКА,Италия,EVER,"atlas concorde ever, атлас конкорд эвер, керамогранит ever, купить, поставщик, скидки, цены",Каталог керамического гранита ATLAS CONCORDE EVER от прямого поставщика КЕРАМОТЕКА. Опт и розница. Скидки. Цены.,ATLAS CONCORDE EVER / АТЛАС КОНКОРД ЭВЕР - проектный керамогранит для общественных пространств. КЕРАМОТЕКА.,Под заказ,$$$,https://www.keramoteka.ru/upload/uf/34c/keramoteka-atlas-concorde-ever.pdf,Статус NHS - ОТСУТСВУЕТ,Керамогранит,Rock Lappato Полуполированный,60X120 СМ,AR5R,./temp_files/img/ATLAS CONCORDE_EVER_Rock Lappato Полуполированный.jpg
ATLAS CONCORDE,./temp_files/logo/ATLAS CONCORDE.png,"atlas concorde, атлас конкорд, плитка atlas concorde, керамогранит atlas concorde, плитка, керамогранит, atlas concord, плитка конкорд, плитка atlas, поставщик, атлас конкорд италия, атлас конкорд сайт","Каталог керамической плитки и керамогранита ATLAS CONCORDE / АТЛАС КОНКОРД (Италия) от прямого поставщика КЕРАМОТЕКА. Низкие цены, скидки. Оптовые и розничные продажи. Материал в наличии.",ATLAS CONCORDE / АТЛАС КОНКОРД (Италия) Керамическая плитка и керамогранит от прямого поставщика - компании КЕРАМОТЕКА,Италия,EVER,"atlas concorde ever, атлас конкорд эвер, керамогранит ever, купить, поставщик, скидки, цены",Каталог керамического гранита ATLAS CONCORDE EVER от прямого поставщика КЕРАМОТЕКА. Опт и розница. Скидки. Цены.,ATLAS CONCORDE EVER / АТЛАС КОНКОРД ЭВЕР - проектный керамогранит для общественных пространств. КЕРАМОТЕКА.,Под заказ,$$$,https://www.keramoteka.ru/upload/uf/34c/keramoteka-atlas-concorde-ever.pdf,Статус NHS - ОТСУТСВУЕТ,Керамогранит,Earth Lappato Полуполированный,60X120 СМ,AR5S,./temp_files/img/ATLAS CONCORDE_EVER_Earth Lappato Полуполированный.jpg
ATLAS CONCORDE,./temp_files/logo/ATLAS CONCORDE.png,"atlas concorde, атлас конкорд, плитка atlas concorde, керамогранит atlas concorde, плитка, керамогранит, atlas concord, плитка конкорд, плитка atlas, поставщик, атлас конкорд италия, атлас конкорд сайт","Каталог керамической плитки и керамогранита ATLAS CONCORDE / АТЛАС КОНКОРД (Италия) от прямого поставщика КЕРАМОТЕКА. Низкие цены, скидки. Оптовые и розничные продажи. Материал в наличии.",ATLAS CONCORDE / АТЛАС КОНКОРД (Италия) Керамическая плитка и керамогранит от прямого поставщика - компании КЕРАМОТЕКА,Италия,EVER,"atlas concorde ever, атлас конкорд эвер, керамогранит ever, купить, поставщик, скидки, цены",Каталог керамического гранита ATLAS CONCORDE EVER от прямого поставщика КЕРАМОТЕКА. Опт и розница. Скидки. Цены.,ATLAS CONCORDE EVER / АТЛАС КОНКОРД ЭВЕР - проектный керамогранит для общественных пространств. КЕРАМОТЕКА.,Под заказ,$$$,https://www.keramoteka.ru/upload/uf/34c/keramoteka-atlas-concorde-ever.pdf,Статус NHS - ОТСУТСВУЕТ,Керамогранит,Dark Lappato Полуполированный,60X120 СМ,AR5T,./temp_files/img/ATLAS CONCORDE_EVER_Dark Lappato Полуполированный.jpg
ATLAS CONCORDE,./temp_files/logo/ATLAS CONCORDE.png,"atlas concorde, атлас конкорд, плитка atlas concorde, керамогранит atlas concorde, плитка, керамогранит, atlas concord, плитка конкорд, плитка atlas, поставщик, атлас конкорд италия, атлас конкорд сайт","Каталог керамической плитки и керамогранита ATLAS CONCORDE / АТЛАС КОНКОРД (Италия) от прямого поставщика КЕРАМОТЕКА. Низкие цены, скидки. Оптовые и розничные продажи. Материал в наличии.",ATLAS CONCORDE / АТЛАС КОНКОРД (Италия) Керамическая плитка и керамогранит от прямого поставщика - компании КЕРАМОТЕКА,Италия,EVER,"atlas concorde ever, атлас конкорд эвер, керамогранит ever, купить, поставщик, скидки, цены",Каталог керамического гранита ATLAS CONCORDE EVER от прямого поставщика КЕРАМОТЕКА. Опт и розница. Скидки. Цены.,ATLAS CONCORDE EVER / АТЛАС КОНКОРД ЭВЕР - проектный керамогранит для общественных пространств. КЕРАМОТЕКА.,Под заказ,$$$,https://www.keramoteka.ru/upload/uf/34c/keramoteka-atlas-concorde-ever.pdf,Статус NHS - ОТСУТСВУЕТ,Керамогранит,Moon Lappato Полуполированный,60X120 СМ,AR5P,./temp_files/img/ATLAS CONCORDE_EVER_Moon Lappato Полуполированный.jpg
ATLAS CONCORDE,./temp_files/logo/ATLAS CONCORDE.png,"atlas concorde, атлас конкорд, плитка atlas concorde, керамогранит atlas concorde, плитка, керамогранит, atlas concord, плитка конкорд, плитка atlas, поставщик, атлас конкорд италия, атлас конкорд сайт","Каталог керамической плитки и керамогранита ATLAS CONCORDE / АТЛАС КОНКОРД (Италия) от прямого поставщика КЕРАМОТЕКА. Низкие цены, скидки. Оптовые и розничные продажи. Материал в наличии.",ATLAS CONCORDE / АТЛАС КОНКОРД (Италия) Керамическая плитка и керамогранит от прямого поставщика - компании КЕРАМОТЕКА,Италия,EVER,"atlas concorde ever, атлас конкорд эвер, керамогранит ever, купить, поставщик, скидки, цены",Каталог керамического гранита ATLAS CONCORDE EVER от прямого поставщика КЕРАМОТЕКА. Опт и розница. Скидки. Цены.,ATLAS CONCORDE EVER / АТЛАС КОНКОРД ЭВЕР - проектный керамогранит для общественных пространств. КЕРАМОТЕКА.,Под заказ,$$$,https://www.keramoteka.ru/upload/uf/34c/keramoteka-atlas-concorde-ever.pdf,Статус NHS - ОТСУТСВУЕТ,Керамогранит,Light Lappato Полуполированный,60X120 СМ,AR5Q,./temp_files/img/ATLAS CONCORDE_EVER_Light Lappato Полуполированный.jpg
ATLAS CONCORDE,./temp_files/logo/ATLAS CONCORDE.png,"atlas concorde, атлас конкорд, плитка atlas concorde, керамогранит atlas concorde, плитка, керамогранит, atlas concord, плитка конкорд, плитка atlas, поставщик, атлас конкорд италия, атлас конкорд сайт","Каталог керамической плитки и керамогранита ATLAS CONCORDE / АТЛАС КОНКОРД (Италия) от прямого поставщика КЕРАМОТЕКА. Низкие цены, скидки. Оптовые и розничные продажи. Материал в наличии.",ATLAS CONCORDE / АТЛАС КОНКОРД (Италия) Керамическая плитка и керамогранит от прямого поставщика - компании КЕРАМОТЕКА,Италия,EVER,"atlas concorde ever, атлас конкорд эвер, керамогранит ever, купить, поставщик, скидки, цены",Каталог керамического гранита ATLAS CONCORDE EVER от прямого поставщика КЕРАМОТЕКА. Опт и розница. Скидки. Цены.,ATLAS CONCORDE EVER / АТЛАС КОНКОРД ЭВЕР - проектный керамогранит для общественных пространств. КЕРАМОТЕКА.,Под заказ,$$$,https://www.keramoteka.ru/upload/uf/34c/keramoteka-atlas-concorde-ever.pdf,Статус NHS - ОТСУТСВУЕТ,Керамогранит,Artic Lappato Полуполированный,60X120 СМ,AR5U,./temp_files/img/ATLAS CONCORDE_EVER_Artic Lappato Полуполированный.jpg
ATLAS CONCORDE,./temp_files/logo/ATLAS CONCORDE.png,"atlas concorde, атлас конкорд, плитка atlas concorde, керамогранит atlas concorde, плитка, керамогранит, atlas concord, плитка конкорд, плитка atlas, поставщик, атлас конкорд италия, атлас конкорд сайт","Каталог керамической плитки и керамогранита ATLAS CONCORDE / АТЛАС КОНКОРД (Италия) от прямого поставщика КЕРАМОТЕКА. Низкие цены, скидки. Оптовые и розничные продажи. Материал в наличии.",ATLAS CONCORDE / АТЛАС КОНКОРД (Италия) Керамическая плитка и керамогранит от прямого поставщика - компании КЕРАМОТЕКА,Италия,EVER,"atlas concorde ever, атлас конкорд эвер, керамогранит ever, купить, поставщик, скидки, цены",Каталог керамического гранита ATLAS CONCORDE EVER от прямого поставщика КЕРАМОТЕКА. Опт и розница. Скидки. Цены.,ATLAS CONCORDE EVER / АТЛАС КОНКОРД ЭВЕР - проектный керамогранит для общественных пространств. КЕРАМОТЕКА.,Под заказ,$$$,https://www.keramoteka.ru/upload/uf/34c/keramoteka-atlas-concorde-ever.pdf,Статус NHS - ОТСУТСВУЕТ,Керамогранит,Rock,60X60 СМ,ARFF,./temp_files/img/ATLAS CONCORDE_EVER_Rock.jpg
ATLAS CONCORDE,./temp_files/logo/ATLAS CONCORDE.png,"atlas concorde, атлас конкорд, плитка atlas concorde, керамогранит atlas concorde, плитка, керамогранит, atlas concord, плитка конкорд, плитка atlas, поставщик, атлас конкорд италия, атлас конкорд сайт","Каталог керамической плитки и керамогранита ATLAS CONCORDE / АТЛАС КОНКОРД (Италия) от прямого поставщика КЕРАМОТЕКА. Низкие цены, скидки. Оптовые и розничные продажи. Материал в наличии.",ATLAS CONCORDE / АТЛАС КОНКОРД (Италия) Керамическая плитка и керамогранит от прямого поставщика - компании КЕРАМОТЕКА,Италия,EVER,"atlas concorde ever, атлас конкорд эвер, керамогранит ever, купить, поставщик, скидки, цены",Каталог керамического гранита ATLAS CONCORDE EVER от прямого поставщика КЕРАМОТЕКА. Опт и розница. Скидки. Цены.,ATLAS CONCORDE EVER / АТЛАС КОНКОРД ЭВЕР - проектный керамогранит для общественных пространств. КЕРАМОТЕКА.,Под заказ,$$$,https://www.keramoteka.ru/upload/uf/34c/keramoteka-atlas-concorde-ever.pdf,Статус NHS - ОТСУТСВУЕТ,Керамогранит,Earth,60X60 СМ,ARFG,./temp_files/img/ATLAS CONCORDE_EVER_Earth.jpg
ATLAS CONCORDE,./temp_files/logo/ATLAS CONCORDE.png,"atlas concorde, атлас конкорд, плитка atlas concorde, керамогранит atlas concorde, плитка, керамогранит, atlas concord, плитка конкорд, плитка atlas, поставщик, атлас конкорд италия, атлас конкорд сайт","Каталог керамической плитки и керамогранита ATLAS CONCORDE / АТЛАС КОНКОРД (Италия) от прямого поставщика КЕРАМОТЕКА. Низкие цены, скидки. Оптовые и розничные продажи. Материал в наличии.",ATLAS CONCORDE / АТЛАС КОНКОРД (Италия) Керамическая плитка и керамогранит от прямого поставщика - компании КЕРАМОТЕКА,Италия,EVER,"atlas concorde ever, атлас конкорд эвер, керамогранит ever, купить, поставщик, скидки, цены",Каталог керамического гранита ATLAS CONCORDE EVER от прямого поставщика КЕРАМОТЕКА. Опт и розница. Скидки. Цены.,ATLAS CONCORDE EVER / АТЛАС КОНКОРД ЭВЕР - проектный керамогранит для общественных пространств. КЕРАМОТЕКА.,Под заказ,$$$,https://www.keramoteka.ru/upload/uf/34c/keramoteka-atlas-concorde-ever.pdf,Статус NHS - ОТСУТСВУЕТ,Керамогранит,Dark,60X60 СМ,ARFH,./temp_files/img/ATLAS CONCORDE_EVER_Dark.jpg
ATLAS CONCORDE,./temp_files/logo/ATLAS CONCORDE.png,"atlas concorde, атлас конкорд, плитка atlas concorde, керамогранит atlas concorde, плитка, керамогранит, atlas concord, плитка конкорд, плитка atlas, поставщик, атлас конкорд италия, атлас конкорд сайт","Каталог керамической плитки и керамогранита ATLAS CONCORDE / АТЛАС КОНКОРД (Италия) от прямого поставщика КЕРАМОТЕКА. Низкие цены, скидки. Оптовые и розничные продажи. Материал в наличии.",ATLAS CONCORDE / АТЛАС КОНКОРД (Италия) Керамическая плитка и керамогранит от прямого поставщика - компании КЕРАМОТЕКА,Италия,EVER,"atlas concorde ever, атлас конкорд эвер, керамогранит ever, купить, поставщик, скидки, цены",Каталог керамического гранита ATLAS CONCORDE EVER от прямого поставщика КЕРАМОТЕКА. Опт и розница. Скидки. Цены.,ATLAS CONCORDE EVER / АТЛАС КОНКОРД ЭВЕР - проектный керамогранит для общественных пространств. КЕРАМОТЕКА.,Под заказ,$$$,https://www.keramoteka.ru/upload/uf/34c/keramoteka-atlas-concorde-ever.pdf,Статус NHS - ОТСУТСВУЕТ,Керамогранит,Moon,60X60 СМ,AREK,./temp_files/img/ATLAS CONCORDE_EVER_Moon.jpg
ATLAS CONCORDE,./temp_files/logo/ATLAS CONCORDE.png,"atlas concorde, атлас конкорд, плитка atlas concorde, керамогранит atlas concorde, плитка, керамогранит, atlas concord, плитка конкорд, плитка atlas, поставщик, атлас конкорд италия, атлас конкорд сайт","Каталог керамической плитки и керамогранита ATLAS CONCORDE / АТЛАС КОНКОРД (Италия) от прямого поставщика КЕРАМОТЕКА. Низкие цены, скидки. Оптовые и розничные продажи. Материал в наличии.",ATLAS CONCORDE / АТЛАС КОНКОРД (Италия) Керамическая плитка и керамогранит от прямого поставщика - компании КЕРАМОТЕКА,Италия,EVER,"atlas concorde ever, атлас конкорд эвер, керамогранит ever, купить, поставщик, скидки, цены",Каталог керамического гранита ATLAS CONCORDE EVER от прямого поставщика КЕРАМОТЕКА. Опт и розница. Скидки. Цены.,ATLAS CONCORDE EVER / АТЛАС КОНКОРД ЭВЕР - проектный керамогранит для общественных пространств. КЕРАМОТЕКА.,Под заказ,$$$,https://www.keramoteka.ru/upload/uf/34c/keramoteka-atlas-concorde-ever.pdf,Статус NHS - ОТСУТСВУЕТ,Керамогранит,Light,60X60 СМ,AREL,./temp_files/img/ATLAS CONCORDE_EVER_Light.jpg
ATLAS CONCORDE,./temp_files/logo/ATLAS CONCORDE.png,"atlas concorde, атлас конкорд, плитка atlas concorde, керамогранит atlas concorde, плитка, керамогранит, atlas concord, плитка конкорд, плитка atlas, поставщик, атлас конкорд италия, атлас конкорд сайт","Каталог керамической плитки и керамогранита ATLAS CONCORDE / АТЛАС КОНКОРД (Италия) от прямого поставщика КЕРАМОТЕКА. Низкие цены, скидки. Оптовые и розничные продажи. Материал в наличии.",ATLAS CONCORDE / АТЛАС КОНКОРД (Италия) Керамическая плитка и керамогранит от прямого поставщика - компании КЕРАМОТЕКА,Италия,EVER,"atlas concorde ever, атлас конкорд эвер, керамогранит ever, купить, поставщик, скидки, цены",Каталог керамического гранита ATLAS CONCORDE EVER от прямого поставщика КЕРАМОТЕКА. Опт и розница. Скидки. Цены.,ATLAS CONCORDE EVER / АТЛАС КОНКОРД ЭВЕР - проектный керамогранит для общественных пространств. КЕРАМОТЕКА.,Под заказ,$$$,https://www.keramoteka.ru/upload/uf/34c/keramoteka-atlas-concorde-ever.pdf,Статус NHS - ОТСУТСВУЕТ,Керамогранит,Artic,60X60 СМ,ARFI,./temp_files/img/ATLAS CONCORDE_EVER_Artic.jpg
ATLAS CONCORDE,./temp_files/logo/ATLAS CONCORDE.png,"atlas concorde, атлас конкорд, плитка atlas concorde, керамогранит atlas concorde, плитка, керамогранит, atlas concord, плитка конкорд, плитка atlas, поставщик, атлас конкорд италия, атлас конкорд сайт","Каталог керамической плитки и керамогранита ATLAS CONCORDE / АТЛАС КОНКОРД (Италия) от прямого поставщика КЕРАМОТЕКА. Низкие цены, скидки. Оптовые и розничные продажи. Материал в наличии.",ATLAS CONCORDE / АТЛАС КОНКОРД (Италия) Керамическая плитка и керамогранит от прямого поставщика - компании КЕРАМОТЕКА,Италия,EVER,"atlas concorde ever, атлас конкорд эвер, керамогранит ever, купить, поставщик, скидки, цены",Каталог керамического гранита ATLAS CONCORDE EVER от прямого поставщика КЕРАМОТЕКА. Опт и розница. Скидки. Цены.,ATLAS CONCORDE EVER / АТЛАС КОНКОРД ЭВЕР - проектный керамогранит для общественных пространств. КЕРАМОТЕКА.,Под заказ,$$$,https://www.keramoteka.ru/upload/uf/34c/keramoteka-atlas-concorde-ever.pdf,Статус NHS - ОТСУТСВУЕТ,Керамогранит,Rock Lappato Полуполированный,60X60 СМ,ARF9,./temp_files/img/ATLAS CONCORDE_EVER_Rock Lappato Полуполированный.jpg
ATLAS CONCORDE,./temp_files/logo/ATLAS CONCORDE.png,"atlas concorde, атлас конкорд, плитка atlas concorde, керамогранит atlas concorde, плитка, керамогранит, atlas concord, плитка конкорд, плитка atlas, поставщик, атлас конкорд италия, атлас конкорд сайт","Каталог керамической плитки и керамогранита ATLAS CONCORDE / АТЛАС КОНКОРД (Италия) от прямого поставщика КЕРАМОТЕКА. Низкие цены, скидки. Оптовые и розничные продажи. Материал в наличии.",ATLAS CONCORDE / АТЛАС КОНКОРД (Италия) Керамическая плитка и керамогранит от прямого поставщика - компании КЕРАМОТЕКА,Италия,EVER,"atlas concorde ever, атлас конкорд эвер, керамогранит ever, купить, поставщик, скидки, цены",Каталог керамического гранита ATLAS CONCORDE EVER от прямого поставщика КЕРАМОТЕКА. Опт и розница. Скидки. Цены.,ATLAS CONCORDE EVER / АТЛАС КОНКОРД ЭВЕР - проектный керамогранит для общественных пространств. КЕРАМОТЕКА.,Под заказ,$$$,https://www.keramoteka.ru/upload/uf/34c/keramoteka-atlas-concorde-ever.pdf,Статус NHS - ОТСУТСВУЕТ,Керамогранит,Earth Lappato Полуполированный,60X60 СМ,ARGB,./temp_files/img/ATLAS CONCORDE_EVER_Earth Lappato Полуполированный.jpg
ATLAS CONCORDE,./temp_files/logo/ATLAS CONCORDE.png,"atlas concorde, атлас конкорд, плитка atlas concorde, керамогранит atlas concorde, плитка, керамогранит, atlas concord, плитка конкорд, плитка atlas, поставщик, атлас конкорд италия, атлас конкорд сайт","Каталог керамической плитки и керамогранита ATLAS CONCORDE / АТЛАС КОНКОРД (Италия) от прямого поставщика КЕРАМОТЕКА. Низкие цены, скидки. Оптовые и розничные продажи. Материал в наличии.",ATLAS CONCORDE / АТЛАС КОНКОРД (Италия) Керамическая плитка и керамогранит от прямого поставщика - компании КЕРАМОТЕКА,Италия,EVER,"atlas concorde ever, атлас конкорд эвер, керамогранит ever, купить, поставщик, скидки, цены",Каталог керамического гранита ATLAS CONCORDE EVER от прямого поставщика КЕРАМОТЕКА. Опт и розница. Скидки. Цены.,ATLAS CONCORDE EVER / АТЛАС КОНКОРД ЭВЕР - проектный керамогранит для общественных пространств. КЕРАМОТЕКА.,Под заказ,$$$,https://www.keramoteka.ru/upload/uf/34c/keramoteka-atlas-concorde-ever.pdf,Статус NHS - ОТСУТСВУЕТ,Керамогранит,Dark Lappato Полуполированный,60X60 СМ,ARGC,./temp_files/img/ATLAS CONCORDE_EVER_Dark Lappato Полуполированный.jpg
ATLAS CONCORDE,./temp_files/logo/ATLAS CONCORDE.png,"atlas concorde, атлас конкорд, плитка atlas concorde, керамогранит atlas concorde, плитка, керамогранит, atlas concord, плитка конкорд, плитка atlas, поставщик, атлас конкорд италия, атлас конкорд сайт","Каталог керамической плитки и керамогранита ATLAS CONCORDE / АТЛАС КОНКОРД (Италия) от прямого поставщика КЕРАМОТЕКА. Низкие цены, скидки. Оптовые и розничные продажи. Материал в наличии.",ATLAS CONCORDE / АТЛАС КОНКОРД (Италия) Керамическая плитка и керамогранит от прямого поставщика - компании КЕРАМОТЕКА,Италия,EVER,"atlas concorde ever, атлас конкорд эвер, керамогранит ever, купить, поставщик, скидки, цены",Каталог керамического гранита ATLAS CONCORDE EVER от прямого поставщика КЕРАМОТЕКА. Опт и розница. Скидки. Цены.,ATLAS CONCORDE EVER / АТЛАС КОНКОРД ЭВЕР - проектный керамогранит для общественных пространств. КЕРАМОТЕКА.,Под заказ,$$$,https://www.keramoteka.ru/upload/uf/34c/keramoteka-atlas-concorde-ever.pdf,Статус NHS - ОТСУТСВУЕТ,Керамогранит,Moon Lappato Полуполированный,60X60 СМ,ARF7,./temp_files/img/ATLAS CONCORDE_EVER_Moon Lappato Полуполированный.jpg
ATLAS CONCORDE,./temp_files/logo/ATLAS CONCORDE.png,"atlas concorde, атлас конкорд, плитка atlas concorde, керамогранит atlas concorde, плитка, керамогранит, atlas concord, плитка конкорд, плитка atlas, поставщик, атлас конкорд италия, атлас конкорд сайт","Каталог керамической плитки и керамогранита ATLAS CONCORDE / АТЛАС КОНКОРД (Италия) от прямого поставщика КЕРАМОТЕКА. Низкие цены, скидки. Оптовые и розничные продажи. Материал в наличии.",ATLAS CONCORDE / АТЛАС КОНКОРД (Италия) Керамическая плитка и керамогранит от прямого поставщика - компании КЕРАМОТЕКА,Италия,EVER,"atlas concorde ever, атлас конкорд эвер, керамогранит ever, купить, поставщик, скидки, цены",Каталог керамического гранита ATLAS CONCORDE EVER от прямого поставщика КЕРАМОТЕКА. Опт и розница. Скидки. Цены.,ATLAS CONCORDE EVER / АТЛАС КОНКОРД ЭВЕР - проектный керамогранит для общественных пространств. КЕРАМОТЕКА.,Под заказ,$$$,https://www.keramoteka.ru/upload/uf/34c/keramoteka-atlas-concorde-ever.pdf,Статус NHS - ОТСУТСВУЕТ,Керамогранит,Light Lappato Полуполированный,60X60 СМ,ARF8,./temp_files/img/ATLAS CONCORDE_EVER_Light Lappato Полуполированный.jpg
ATLAS CONCORDE,./temp_files/logo/ATLAS CONCORDE.png,"atlas concorde, атлас конкорд, плитка atlas concorde, керамогранит atlas concorde, плитка, керамогранит, atlas concord, плитка конкорд, плитка atlas, поставщик, атлас конкорд италия, атлас конкорд сайт","Каталог керамической плитки и керамогранита ATLAS CONCORDE / АТЛАС КОНКОРД (Италия) от прямого поставщика КЕРАМОТЕКА. Низкие цены, скидки. Оптовые и розничные продажи. Материал в наличии.",ATLAS CONCORDE / АТЛАС КОНКОРД (Италия) Керамическая плитка и керамогранит от прямого поставщика - компании КЕРАМОТЕКА,Италия,EVER,"atlas concorde ever, атлас конкорд эвер, керамогранит ever, купить, поставщик, скидки, цены",Каталог керамического гранита ATLAS CONCORDE EVER от прямого поставщика КЕРАМОТЕКА. Опт и розница. Скидки. Цены.,ATLAS CONCORDE EVER / АТЛАС КОНКОРД ЭВЕР - проектный керамогранит для общественных пространств. КЕРАМОТЕКА.,Под заказ,$$$,https://www.keramoteka.ru/upload/uf/34c/keramoteka-atlas-concorde-ever.pdf,Статус NHS - ОТСУТСВУЕТ,Керамогранит,Artic Lappato Полуполированный,60X60 СМ,ARGD,./temp_files/img/ATLAS CONCORDE_EVER_Artic Lappato Полуполированный.jpg
ATLAS CONCORDE,./temp_files/logo/ATLAS CONCORDE.png,"atlas concorde, атлас конкорд, плитка atlas concorde, керамогранит atlas concorde, плитка, керамогранит, atlas concord, плитка конкорд, плитка atlas, поставщик, атлас конкорд италия, атлас конкорд сайт","Каталог керамической плитки и керамогранита ATLAS CONCORDE / АТЛАС КОНКОРД (Италия) от прямого поставщика КЕРАМОТЕКА. Низкие цены, скидки. Оптовые и розничные продажи. Материал в наличии.",ATLAS CONCORDE / АТЛАС КОНКОРД (Италия) Керамическая плитка и керамогранит от прямого поставщика - компании КЕРАМОТЕКА,Италия,EVER,"atlas concorde ever, атлас конкорд эвер, керамогранит ever, купить, поставщик, скидки, цены",Каталог керамического гранита ATLAS CONCORDE EVER от прямого поставщика КЕРАМОТЕКА. Опт и розница. Скидки. Цены.,ATLAS CONCORDE EVER / АТЛАС КОНКОРД ЭВЕР - проектный керамогранит для общественных пространств. КЕРАМОТЕКА.,Под заказ,$$$,https://www.keramoteka.ru/upload/uf/34c/keramoteka-atlas-concorde-ever.pdf,Статус NHS - ОТСУТСВУЕТ,Керамогранит,Rock Strutturato Структурированный,60X60 СМ,ARFR,./temp_files/img/ATLAS CONCORDE_EVER_Rock Strutturato Структурированный.jpg
ATLAS CONCORDE,./temp_files/logo/ATLAS CONCORDE.png,"atlas concorde, атлас конкорд, плитка atlas concorde, керамогранит atlas concorde, плитка, керамогранит, atlas concord, плитка конкорд, плитка atlas, поставщик, атлас конкорд италия, атлас конкорд сайт","Каталог керамической плитки и керамогранита ATLAS CONCORDE / АТЛАС КОНКОРД (Италия) от прямого поставщика КЕРАМОТЕКА. Низкие цены, скидки. Оптовые и розничные продажи. Материал в наличии.",ATLAS CONCORDE / АТЛАС КОНКОРД (Италия) Керамическая плитка и керамогранит от прямого поставщика - компании КЕРАМОТЕКА,Италия,EVER,"atlas concorde ever, атлас конкорд эвер, керамогранит ever, купить, поставщик, скидки, цены",Каталог керамического гранита ATLAS CONCORDE EVER от прямого поставщика КЕРАМОТЕКА. Опт и розница. Скидки. Цены.,ATLAS CONCORDE EVER / АТЛАС КОНКОРД ЭВЕР - проектный керамогранит для общественных пространств. КЕРАМОТЕКА.,Под заказ,$$$,https://www.keramoteka.ru/upload/uf/34c/keramoteka-atlas-concorde-ever.pdf,Статус NHS - ОТСУТСВУЕТ,Керамогранит,Earth Strutturato Структурированный,60X60 СМ,ARFS,./temp_files/img/ATLAS CONCORDE_EVER_Earth Strutturato Структурированный.jpg
ATLAS CONCORDE,./temp_files/logo/ATLAS CONCORDE.png,"atlas concorde, атлас конкорд, плитка atlas concorde, керамогранит atlas concorde, плитка, керамогранит, atlas concord, плитка конкорд, плитка atlas, поставщик, атлас конкорд италия, атлас конкорд сайт","Каталог керамической плитки и керамогранита ATLAS CONCORDE / АТЛАС КОНКОРД (Италия) от прямого поставщика КЕРАМОТЕКА. Низкие цены, скидки. Оптовые и розничные продажи. Материал в наличии.",ATLAS CONCORDE / АТЛАС КОНКОРД (Италия) Керамическая плитка и керамогранит от прямого поставщика - компании КЕРАМОТЕКА,Италия,EVER,"atlas concorde ever, атлас конкорд эвер, керамогранит ever, купить, поставщик, скидки, цены",Каталог керамического гранита ATLAS CONCORDE EVER от прямого поставщика КЕРАМОТЕКА. Опт и розница. Скидки. Цены.,ATLAS CONCORDE EVER / АТЛАС КОНКОРД ЭВЕР - проектный керамогранит для общественных пространств. КЕРАМОТЕКА.,Под заказ,$$$,https://www.keramoteka.ru/upload/uf/34c/keramoteka-atlas-concorde-ever.pdf,Статус NHS - ОТСУТСВУЕТ,Керамогранит,Dark Strutturato Структурированный,60X60 СМ,ARFT,./temp_files/img/ATLAS CONCORDE_EVER_Dark Strutturato Структурированный.jpg
ATLAS CONCORDE,./temp_files/logo/ATLAS CONCORDE.png,"atlas concorde, атлас конкорд, плитка atlas concorde, керамогранит atlas concorde, плитка, керамогранит, atlas concord, плитка конкорд, плитка atlas, поставщик, атлас конкорд италия, атлас конкорд сайт","Каталог керамической плитки и керамогранита ATLAS CONCORDE / АТЛАС КОНКОРД (Италия) от прямого поставщика КЕРАМОТЕКА. Низкие цены, скидки. Оптовые и розничные продажи. Материал в наличии.",ATLAS CONCORDE / АТЛАС КОНКОРД (Италия) Керамическая плитка и керамогранит от прямого поставщика - компании КЕРАМОТЕКА,Италия,EVER,"atlas concorde ever, атлас конкорд эвер, керамогранит ever, купить, поставщик, скидки, цены",Каталог керамического гранита ATLAS CONCORDE EVER от прямого поставщика КЕРАМОТЕКА. Опт и розница. Скидки. Цены.,ATLAS CONCORDE EVER / АТЛАС КОНКОРД ЭВЕР - проектный керамогранит для общественных пространств. КЕРАМОТЕКА.,Под заказ,$$$,https://www.keramoteka.ru/upload/uf/34c/keramoteka-atlas-concorde-ever.pdf,Статус NHS - ОТСУТСВУЕТ,Керамогранит,Moon Strutturato Структурированный,60X60 СМ,ARFP,./temp_files/img/ATLAS CONCORDE_EVER_Moon Strutturato Структурированный.jpg
ATLAS CONCORDE,./temp_files/logo/ATLAS CONCORDE.png,"atlas concorde, атлас конкорд, плитка atlas concorde, керамогранит atlas concorde, плитка, керамогранит, atlas concord, плитка конкорд, плитка atlas, поставщик, атлас конкорд италия, атлас конкорд сайт","Каталог керамической плитки и керамогранита ATLAS CONCORDE / АТЛАС КОНКОРД (Италия) от прямого поставщика КЕРАМОТЕКА. Низкие цены, скидки. Оптовые и розничные продажи. Материал в наличии.",ATLAS CONCORDE / АТЛАС КОНКОРД (Италия) Керамическая плитка и керамогранит от прямого поставщика - компании КЕРАМОТЕКА,Италия,EVER,"atlas concorde ever, атлас конкорд эвер, керамогранит ever, купить, поставщик, скидки, цены",Каталог керамического гранита ATLAS CONCORDE EVER от прямого поставщика КЕРАМОТЕКА. Опт и розница. Скидки. Цены.,ATLAS CONCORDE EVER / АТЛАС КОНКОРД ЭВЕР - проектный керамогранит для общественных пространств. КЕРАМОТЕКА.,Под заказ,$$$,https://www.keramoteka.ru/upload/uf/34c/keramoteka-atlas-concorde-ever.pdf,Статус NHS - ОТСУТСВУЕТ,Керамогранит,Light Strutturato Структурированный,60X60 СМ,ARFQ,./temp_files/img/ATLAS CONCORDE_EVER_Light Strutturato Структурированный.jpg
ATLAS CONCORDE,./temp_files/logo/ATLAS CONCORDE.png,"atlas concorde, атлас конкорд, плитка atlas concorde, керамогранит atlas concorde, плитка, керамогранит, atlas concord, плитка конкорд, плитка atlas, поставщик, атлас конкорд италия, атлас конкорд сайт","Каталог керамической плитки и керамогранита ATLAS CONCORDE / АТЛАС КОНКОРД (Италия) от прямого поставщика КЕРАМОТЕКА. Низкие цены, скидки. Оптовые и розничные продажи. Материал в наличии.",ATLAS CONCORDE / АТЛАС КОНКОРД (Италия) Керамическая плитка и керамогранит от прямого поставщика - компании КЕРАМОТЕКА,Италия,EVER,"atlas concorde ever, атлас конкорд эвер, керамогранит ever, купить, поставщик, скидки, цены",Каталог керамического гранита ATLAS CONCORDE EVER от прямого поставщика КЕРАМОТЕКА. Опт и розница. Скидки. Цены.,ATLAS CONCORDE EVER / АТЛАС КОНКОРД ЭВЕР - проектный керамогранит для общественных пространств. КЕРАМОТЕКА.,Под заказ,$$$,https://www.keramoteka.ru/upload/uf/34c/keramoteka-atlas-concorde-ever.pdf,Статус NHS - ОТСУТСВУЕТ,Керамогранит,Artic Strutturato Структурированный,60X60 СМ,ARFU,./temp_files/img/ATLAS CONCORDE_EVER_Artic Strutturato Структурированный.jpg
ATLAS CONCORDE,./temp_files/logo/ATLAS CONCORDE.png,"atlas concorde, атлас конкорд, плитка atlas concorde, керамогранит atlas concorde, плитка, керамогранит, atlas concord, плитка конкорд, плитка atlas, поставщик, атлас конкорд италия, атлас конкорд сайт","Каталог керамической плитки и керамогранита ATLAS CONCORDE / АТЛАС КОНКОРД (Италия) от прямого поставщика КЕРАМОТЕКА. Низкие цены, скидки. Оптовые и розничные продажи. Материал в наличии.",ATLAS CONCORDE / АТЛАС КОНКОРД (Италия) Керамическая плитка и керамогранит от прямого поставщика - компании КЕРАМОТЕКА,Италия,EVER,"atlas concorde ever, атлас конкорд эвер, керамогранит ever, купить, поставщик, скидки, цены",Каталог керамического гранита ATLAS CONCORDE EVER от прямого поставщика КЕРАМОТЕКА. Опт и розница. Скидки. Цены.,ATLAS CONCORDE EVER / АТЛАС КОНКОРД ЭВЕР - проектный керамогранит для общественных пространств. КЕРАМОТЕКА.,Под заказ,$$$,https://www.keramoteka.ru/upload/uf/34c/keramoteka-atlas-concorde-ever.pdf,Статус NHS - ОТСУТСВУЕТ,Керамогранит,Earth,40X60 СМ,ARJ6,./temp_files/img/ATLAS CONCORDE_EVER_Earth.jpg
ATLAS CONCORDE,./temp_files/logo/ATLAS CONCORDE.png,"atlas concorde, атлас конкорд, плитка atlas concorde, керамогранит atlas concorde, плитка, керамогранит, atlas concord, плитка конкорд, плитка atlas, поставщик, атлас конкорд италия, атлас конкорд сайт","Каталог керамической плитки и керамогранита ATLAS CONCORDE / АТЛАС КОНКОРД (Италия) от прямого поставщика КЕРАМОТЕКА. Низкие цены, скидки. Оптовые и розничные продажи. Материал в наличии.",ATLAS CONCORDE / АТЛАС КОНКОРД (Италия) Керамическая плитка и керамогранит от прямого поставщика - компании КЕРАМОТЕКА,Италия,EVER,"atlas concorde ever, атлас конкорд эвер, керамогранит ever, купить, поставщик, скидки, цены",Каталог керамического гранита ATLAS CONCORDE EVER от прямого поставщика КЕРАМОТЕКА. Опт и розница. Скидки. Цены.,ATLAS CONCORDE EVER / АТЛАС КОНКОРД ЭВЕР - проектный керамогранит для общественных пространств. КЕРАМОТЕКА.,Под заказ,$$$,https://www.keramoteka.ru/upload/uf/34c/keramoteka-atlas-concorde-ever.pdf,Статус NHS - ОТСУТСВУЕТ,Керамогранит,Dark,40X60 СМ,ARJ7,./temp_files/img/ATLAS CONCORDE_EVER_Dark.jpg
ATLAS CONCORDE,./temp_files/logo/ATLAS CONCORDE.png,"atlas concorde, атлас конкорд, плитка atlas concorde, керамогранит atlas concorde, плитка, керамогранит, atlas concord, плитка конкорд, плитка atlas, поставщик, атлас конкорд италия, атлас конкорд сайт","Каталог керамической плитки и керамогранита ATLAS CONCORDE / АТЛАС КОНКОРД (Италия) от прямого поставщика КЕРАМОТЕКА. Низкие цены, скидки. Оптовые и розничные продажи. Материал в наличии.",ATLAS CONCORDE / АТЛАС КОНКОРД (Италия) Керамическая плитка и керамогранит от прямого поставщика - компании КЕРАМОТЕКА,Италия,EVER,"atlas concorde ever, атлас конкорд эвер, керамогранит ever, купить, поставщик, скидки, цены",Каталог керамического гранита ATLAS CONCORDE EVER от прямого поставщика КЕРАМОТЕКА. Опт и розница. Скидки. Цены.,ATLAS CONCORDE EVER / АТЛАС КОНКОРД ЭВЕР - проектный керамогранит для общественных пространств. КЕРАМОТЕКА.,Под заказ,$$$,https://www.keramoteka.ru/upload/uf/34c/keramoteka-atlas-concorde-ever.pdf,Статус NHS - ОТСУТСВУЕТ,Керамогранит,Light,40X60 СМ,ARHG,./temp_files/img/ATLAS CONCORDE_EVER_Light.jpg
ATLAS CONCORDE,./temp_files/logo/ATLAS CONCORDE.png,"atlas concorde, атлас конкорд, плитка atlas concorde, керамогранит atlas concorde, плитка, керамогранит, atlas concord, плитка конкорд, плитка atlas, поставщик, атлас конкорд италия, атлас конкорд сайт","Каталог керамической плитки и керамогранита ATLAS CONCORDE / АТЛАС КОНКОРД (Италия) от прямого поставщика КЕРАМОТЕКА. Низкие цены, скидки. Оптовые и розничные продажи. Материал в наличии.",ATLAS CONCORDE / АТЛАС КОНКОРД (Италия) Керамическая плитка и керамогранит от прямого поставщика - компании КЕРАМОТЕКА,Италия,EVER,"atlas concorde ever, атлас конкорд эвер, керамогранит ever, купить, поставщик, скидки, цены",Каталог керамического гранита ATLAS CONCORDE EVER от прямого поставщика КЕРАМОТЕКА. Опт и розница. Скидки. Цены.,ATLAS CONCORDE EVER / АТЛАС КОНКОРД ЭВЕР - проектный керамогранит для общественных пространств. КЕРАМОТЕКА.,Под заказ,$$$,https://www.keramoteka.ru/upload/uf/34c/keramoteka-atlas-concorde-ever.pdf,Статус NHS - ОТСУТСВУЕТ,Керамогранит,Artic,40X60 СМ,ARJ8,./temp_files/img/ATLAS CONCORDE_EVER_Artic.jpg
ATLAS CONCORDE,./temp_files/logo/ATLAS CONCORDE.png,"atlas concorde, атлас конкорд, плитка atlas concorde, керамогранит atlas concorde, плитка, керамогранит, atlas concord, плитка конкорд, плитка atlas, поставщик, атлас конкорд италия, атлас конкорд сайт","Каталог керамической плитки и керамогранита ATLAS CONCORDE / АТЛАС КОНКОРД (Италия) от прямого поставщика КЕРАМОТЕКА. Низкие цены, скидки. Оптовые и розничные продажи. Материал в наличии.",ATLAS CONCORDE / АТЛАС КОНКОРД (Италия) Керамическая плитка и керамогранит от прямого поставщика - компании КЕРАМОТЕКА,Италия,EVER,"atlas concorde ever, атлас конкорд эвер, керамогранит ever, купить, поставщик, скидки, цены",Каталог керамического гранита ATLAS CONCORDE EVER от прямого поставщика КЕРАМОТЕКА. Опт и розница. Скидки. Цены.,ATLAS CONCORDE EVER / АТЛАС КОНКОРД ЭВЕР - проектный керамогранит для общественных пространств. КЕРАМОТЕКА.,Под заказ,$$$,https://www.keramoteka.ru/upload/uf/34c/keramoteka-atlas-concorde-ever.pdf,Статус NHS - ОТСУТСВУЕТ,Керамогранит,Rock Strutturato Структурированный,40X60 СМ,ARKO,./temp_files/img/ATLAS CONCORDE_EVER_Rock Strutturato Структурированный.jpg
ATLAS CONCORDE,./temp_files/logo/ATLAS CONCORDE.png,"atlas concorde, атлас конкорд, плитка atlas concorde, керамогранит atlas concorde, плитка, керамогранит, atlas concord, плитка конкорд, плитка atlas, поставщик, атлас конкорд италия, атлас конкорд сайт","Каталог керамической плитки и керамогранита ATLAS CONCORDE / АТЛАС КОНКОРД (Италия) от прямого поставщика КЕРАМОТЕКА. Низкие цены, скидки. Оптовые и розничные продажи. Материал в наличии.",ATLAS CONCORDE / АТЛАС КОНКОРД (Италия) Керамическая плитка и керамогранит от прямого поставщика - компании КЕРАМОТЕКА,Италия,EVER,"atlas concorde ever, атлас конкорд эвер, керамогранит ever, купить, поставщик, скидки, цены",Каталог керамического гранита ATLAS CONCORDE EVER от прямого поставщика КЕРАМОТЕКА. Опт и розница. Скидки. Цены.,ATLAS CONCORDE EVER / АТЛАС КОНКОРД ЭВЕР - проектный керамогранит для общественных пространств. КЕРАМОТЕКА.,Под заказ,$$$,https://www.keramoteka.ru/upload/uf/34c/keramoteka-atlas-concorde-ever.pdf,Статус NHS - ОТСУТСВУЕТ,Керамогранит,Earth Strutturato Структурированный,40X60 СМ,ARKP,./temp_files/img/ATLAS CONCORDE_EVER_Earth Strutturato Структурированный.jpg
ATLAS CONCORDE,./temp_files/logo/ATLAS CONCORDE.png,"atlas concorde, атлас конкорд, плитка atlas concorde, керамогранит atlas concorde, плитка, керамогранит, atlas concord, плитка конкорд, плитка atlas, поставщик, атлас конкорд италия, атлас конкорд сайт","Каталог керамической плитки и керамогранита ATLAS CONCORDE / АТЛАС КОНКОРД (Италия) от прямого поставщика КЕРАМОТЕКА. Низкие цены, скидки. Оптовые и розничные продажи. Материал в наличии.",ATLAS CONCORDE / АТЛАС КОНКОРД (Италия) Керамическая плитка и керамогранит от прямого поставщика - компании КЕРАМОТЕКА,Италия,EVER,"atlas concorde ever, атлас конкорд эвер, керамогранит ever, купить, поставщик, скидки, цены",Каталог керамического гранита ATLAS CONCORDE EVER от прямого поставщика КЕРАМОТЕКА. Опт и розница. Скидки. Цены.,ATLAS CONCORDE EVER / АТЛАС КОНКОРД ЭВЕР - проектный керамогранит для общественных пространств. КЕРАМОТЕКА.,Под заказ,$$$,https://www.keramoteka.ru/upload/uf/34c/keramoteka-atlas-concorde-ever.pdf,Статус NHS - ОТСУТСВУЕТ,Керамогранит,Dark Strutturato Структурированный,40X60 СМ,ARKQ,./temp_files/img/ATLAS CONCORDE_EVER_Dark Strutturato Структурированный.jpg
ATLAS CONCORDE,./temp_files/logo/ATLAS CONCORDE.png,"atlas concorde, атлас конкорд, плитка atlas concorde, керамогранит atlas concorde, плитка, керамогранит, atlas concord, плитка конкорд, плитка atlas, поставщик, атлас конкорд италия, атлас конкорд сайт","Каталог керамической плитки и керамогранита ATLAS CONCORDE / АТЛАС КОНКОРД (Италия) от прямого поставщика КЕРАМОТЕКА. Низкие цены, скидки. Оптовые и розничные продажи. Материал в наличии.",ATLAS CONCORDE / АТЛАС КОНКОРД (Италия) Керамическая плитка и керамогранит от прямого поставщика - компании КЕРАМОТЕКА,Италия,EVER,"atlas concorde ever, атлас конкорд эвер, керамогранит ever, купить, поставщик, скидки, цены",Каталог керамического гранита ATLAS CONCORDE EVER от прямого поставщика КЕРАМОТЕКА. Опт и розница. Скидки. Цены.,ATLAS CONCORDE EVER / АТЛАС КОНКОРД ЭВЕР - проектный керамогранит для общественных пространств. КЕРАМОТЕКА.,Под заказ,$$$,https://www.keramoteka.ru/upload/uf/34c/keramoteka-atlas-concorde-ever.pdf,Статус NHS - ОТСУТСВУЕТ,Керамогранит,Moon Strutturato Структурированный,40X60 СМ,ARKM,./temp_files/img/ATLAS CONCORDE_EVER_Moon Strutturato Структурированный.jpg
ATLAS CONCORDE,./temp_files/logo/ATLAS CONCORDE.png,"atlas concorde, атлас конкорд, плитка atlas concorde, керамогранит atlas concorde, плитка, керамогранит, atlas concord, плитка конкорд, плитка atlas, поставщик, атлас конкорд италия, атлас конкорд сайт","Каталог керамической плитки и керамогранита ATLAS CONCORDE / АТЛАС КОНКОРД (Италия) от прямого поставщика КЕРАМОТЕКА. Низкие цены, скидки. Оптовые и розничные продажи. Материал в наличии.",ATLAS CONCORDE / АТЛАС КОНКОРД (Италия) Керамическая плитка и керамогранит от прямого поставщика - компании КЕРАМОТЕКА,Италия,EVER,"atlas concorde ever, атлас конкорд эвер, керамогранит ever, купить, поставщик, скидки, цены",Каталог керамического гранита ATLAS CONCORDE EVER от прямого поставщика КЕРАМОТЕКА. Опт и розница. Скидки. Цены.,ATLAS CONCORDE EVER / АТЛАС КОНКОРД ЭВЕР - проектный керамогранит для общественных пространств. КЕРАМОТЕКА.,Под заказ,$$$,https://www.keramoteka.ru/upload/uf/34c/keramoteka-atlas-concorde-ever.pdf,Статус NHS - ОТСУТСВУЕТ,Керамогранит,Light Strutturato Структурированный,40X60 СМ,ARKN,./temp_files/img/ATLAS CONCORDE_EVER_Light Strutturato Структурированный.jpg
ATLAS CONCORDE,./temp_files/logo/ATLAS CONCORDE.png,"atlas concorde, атлас конкорд, плитка atlas concorde, керамогранит atlas concorde, плитка, керамогранит, atlas concord, плитка конкорд, плитка atlas, поставщик, атлас конкорд италия, атлас конкорд сайт","Каталог керамической плитки и керамогранита ATLAS CONCORDE / АТЛАС КОНКОРД (Италия) от прямого поставщика КЕРАМОТЕКА. Низкие цены, скидки. Оптовые и розничные продажи. Материал в наличии.",ATLAS CONCORDE / АТЛАС КОНКОРД (Италия) Керамическая плитка и керамогранит от прямого поставщика - компании КЕРАМОТЕКА,Италия,EVER,"atlas concorde ever, атлас конкорд эвер, керамогранит ever, купить, поставщик, скидки, цены",Каталог керамического гранита ATLAS CONCORDE EVER от прямого поставщика КЕРАМОТЕКА. Опт и розница. Скидки. Цены.,ATLAS CONCORDE EVER / АТЛАС КОНКОРД ЭВЕР - проектный керамогранит для общественных пространств. КЕРАМОТЕКА.,Под заказ,$$$,https://www.keramoteka.ru/upload/uf/34c/keramoteka-atlas-concorde-ever.pdf,Статус NHS - ОТСУТСВУЕТ,Керамогранит,Artic Strutturato Структурированный,40X60 СМ,ARKR,./temp_files/img/ATLAS CONCORDE_EVER_Artic Strutturato Структурированный.jpg
ATLAS CONCORDE,./temp_files/logo/ATLAS CONCORDE.png,"atlas concorde, атлас конкорд, плитка atlas concorde, керамогранит atlas concorde, плитка, керамогранит, atlas concord, плитка конкорд, плитка atlas, поставщик, атлас конкорд италия, атлас конкорд сайт","Каталог керамической плитки и керамогранита ATLAS CONCORDE / АТЛАС КОНКОРД (Италия) от прямого поставщика КЕРАМОТЕКА. Низкие цены, скидки. Оптовые и розничные продажи. Материал в наличии.",ATLAS CONCORDE / АТЛАС КОНКОРД (Италия) Керамическая плитка и керамогранит от прямого поставщика - компании КЕРАМОТЕКА,Италия,EVER,"atlas concorde ever, атлас конкорд эвер, керамогранит ever, купить, поставщик, скидки, цены",Каталог керамического гранита ATLAS CONCORDE EVER от прямого поставщика КЕРАМОТЕКА. Опт и розница. Скидки. Цены.,ATLAS CONCORDE EVER / АТЛАС КОНКОРД ЭВЕР - проектный керамогранит для общественных пространств. КЕРАМОТЕКА.,Под заказ,$$$,https://www.keramoteka.ru/upload/uf/34c/keramoteka-atlas-concorde-ever.pdf,Статус NHS - ОТСУТСВУЕТ,Керамогранит,Rock,30X60 СМ,ARFX,./temp_files/img/ATLAS CONCORDE_EVER_Rock.jpg
ATLAS CONCORDE,./temp_files/logo/ATLAS CONCORDE.png,"atlas concorde, атлас конкорд, плитка atlas concorde, керамогранит atlas concorde, плитка, керамогранит, atlas concord, плитка конкорд, плитка atlas, поставщик, атлас конкорд италия, атлас конкорд сайт","Каталог керамической плитки и керамогранита ATLAS CONCORDE / АТЛАС КОНКОРД (Италия) от прямого поставщика КЕРАМОТЕКА. Низкие цены, скидки. Оптовые и розничные продажи. Материал в наличии.",ATLAS CONCORDE / АТЛАС КОНКОРД (Италия) Керамическая плитка и керамогранит от прямого поставщика - компании КЕРАМОТЕКА,Италия,EVER,"atlas concorde ever, атлас конкорд эвер, керамогранит ever, купить, поставщик, скидки, цены",Каталог керамического гранита ATLAS CONCORDE EVER от прямого поставщика КЕРАМОТЕКА. Опт и розница. Скидки. Цены.,ATLAS CONCORDE EVER / АТЛАС КОНКОРД ЭВЕР - проектный керамогранит для общественных пространств. КЕРАМОТЕКА.,Под заказ,$$$,https://www.keramoteka.ru/upload/uf/34c/keramoteka-atlas-concorde-ever.pdf,Статус NHS - ОТСУТСВУЕТ,Керамогранит,Earth,30X60 СМ,ARFY,./temp_files/img/ATLAS CONCORDE_EVER_Earth.jpg
ATLAS CONCORDE,./temp_files/logo/ATLAS CONCORDE.png,"atlas concorde, атлас конкорд, плитка atlas concorde, керамогранит atlas concorde, плитка, керамогранит, atlas concord, плитка конкорд, плитка atlas, поставщик, атлас конкорд италия, атлас конкорд сайт","Каталог керамической плитки и керамогранита ATLAS CONCORDE / АТЛАС КОНКОРД (Италия) от прямого поставщика КЕРАМОТЕКА. Низкие цены, скидки. Оптовые и розничные продажи. Материал в наличии.",ATLAS CONCORDE / АТЛАС КОНКОРД (Италия) Керамическая плитка и керамогранит от прямого поставщика - компании КЕРАМОТЕКА,Италия,EVER,"atlas concorde ever, атлас конкорд эвер, керамогранит ever, купить, поставщик, скидки, цены",Каталог керамического гранита ATLAS CONCORDE EVER от прямого поставщика КЕРАМОТЕКА. Опт и розница. Скидки. Цены.,ATLAS CONCORDE EVER / АТЛАС КОНКОРД ЭВЕР - проектный керамогранит для общественных пространств. КЕРАМОТЕКА.,Под заказ,$$$,https://www.keramoteka.ru/upload/uf/34c/keramoteka-atlas-concorde-ever.pdf,Статус NHS - ОТСУТСВУЕТ,Керамогранит,Dark,30X60 СМ,ARFZ,./temp_files/img/ATLAS CONCORDE_EVER_Dark.jpg
ATLAS CONCORDE,./temp_files/logo/ATLAS CONCORDE.png,"atlas concorde, атлас конкорд, плитка atlas concorde, керамогранит atlas concorde, плитка, керамогранит, atlas concord, плитка конкорд, плитка atlas, поставщик, атлас конкорд италия, атлас конкорд сайт","Каталог керамической плитки и керамогранита ATLAS CONCORDE / АТЛАС КОНКОРД (Италия) от прямого поставщика КЕРАМОТЕКА. Низкие цены, скидки. Оптовые и розничные продажи. Материал в наличии.",ATLAS CONCORDE / АТЛАС КОНКОРД (Италия) Керамическая плитка и керамогранит от прямого поставщика - компании КЕРАМОТЕКА,Италия,EVER,"atlas concorde ever, атлас конкорд эвер, керамогранит ever, купить, поставщик, скидки, цены",Каталог керамического гранита ATLAS CONCORDE EVER от прямого поставщика КЕРАМОТЕКА. Опт и розница. Скидки. Цены.,ATLAS CONCORDE EVER / АТЛАС КОНКОРД ЭВЕР - проектный керамогранит для общественных пространств. КЕРАМОТЕКА.,Под заказ,$$$,https://www.keramoteka.ru/upload/uf/34c/keramoteka-atlas-concorde-ever.pdf,Статус NHS - ОТСУТСВУЕТ,Керамогранит,Moon,30X60 СМ,ARFV,./temp_files/img/ATLAS CONCORDE_EVER_Moon.jpg
ATLAS CONCORDE,./temp_files/logo/ATLAS CONCORDE.png,"atlas concorde, атлас конкорд, плитка atlas concorde, керамогранит atlas concorde, плитка, керамогранит, atlas concord, плитка конкорд, плитка atlas, поставщик, атлас конкорд италия, атлас конкорд сайт","Каталог керамической плитки и керамогранита ATLAS CONCORDE / АТЛАС КОНКОРД (Италия) от прямого поставщика КЕРАМОТЕКА. Низкие цены, скидки. Оптовые и розничные продажи. Материал в наличии.",ATLAS CONCORDE / АТЛАС КОНКОРД (Италия) Керамическая плитка и керамогранит от прямого поставщика - компании КЕРАМОТЕКА,Италия,EVER,"atlas concorde ever, атлас конкорд эвер, керамогранит ever, купить, поставщик, скидки, цены",Каталог керамического гранита ATLAS CONCORDE EVER от прямого поставщика КЕРАМОТЕКА. Опт и розница. Скидки. Цены.,ATLAS CONCORDE EVER / АТЛАС КОНКОРД ЭВЕР - проектный керамогранит для общественных пространств. КЕРАМОТЕКА.,Под заказ,$$$,https://www.keramoteka.ru/upload/uf/34c/keramoteka-atlas-concorde-ever.pdf,Статус NHS - ОТСУТСВУЕТ,Керамогранит,Light,30X60 СМ,ARFW,./temp_files/img/ATLAS CONCORDE_EVER_Light.jpg
ATLAS CONCORDE,./temp_files/logo/ATLAS CONCORDE.png,"atlas concorde, атлас конкорд, плитка atlas concorde, керамогранит atlas concorde, плитка, керамогранит, atlas concord, плитка конкорд, плитка atlas, поставщик, атлас конкорд италия, атлас конкорд сайт","Каталог керамической плитки и керамогранита ATLAS CONCORDE / АТЛАС КОНКОРД (Италия) от прямого поставщика КЕРАМОТЕКА. Низкие цены, скидки. Оптовые и розничные продажи. Материал в наличии.",ATLAS CONCORDE / АТЛАС КОНКОРД (Италия) Керамическая плитка и керамогранит от прямого поставщика - компании КЕРАМОТЕКА,Италия,EVER,"atlas concorde ever, атлас конкорд эвер, керамогранит ever, купить, поставщик, скидки, цены",Каталог керамического гранита ATLAS CONCORDE EVER от прямого поставщика КЕРАМОТЕКА. Опт и розница. Скидки. Цены.,ATLAS CONCORDE EVER / АТЛАС КОНКОРД ЭВЕР - проектный керамогранит для общественных пространств. КЕРАМОТЕКА.,Под заказ,$$$,https://www.keramoteka.ru/upload/uf/34c/keramoteka-atlas-concorde-ever.pdf,Статус NHS - ОТСУТСВУЕТ,Керамогранит,Artic,30X60 СМ,ARF0,./temp_files/img/ATLAS CONCORDE_EVER_Artic.jpg
ATLAS CONCORDE,./temp_files/logo/ATLAS CONCORDE.png,"atlas concorde, атлас конкорд, плитка atlas concorde, керамогранит atlas concorde, плитка, керамогранит, atlas concord, плитка конкорд, плитка atlas, поставщик, атлас конкорд италия, атлас конкорд сайт","Каталог керамической плитки и керамогранита ATLAS CONCORDE / АТЛАС КОНКОРД (Италия) от прямого поставщика КЕРАМОТЕКА. Низкие цены, скидки. Оптовые и розничные продажи. Материал в наличии.",ATLAS CONCORDE / АТЛАС КОНКОРД (Италия) Керамическая плитка и керамогранит от прямого поставщика - компании КЕРАМОТЕКА,Италия,EVER,"atlas concorde ever, атлас конкорд эвер, керамогранит ever, купить, поставщик, скидки, цены",Каталог керамического гранита ATLAS CONCORDE EVER от прямого поставщика КЕРАМОТЕКА. Опт и розница. Скидки. Цены.,ATLAS CONCORDE EVER / АТЛАС КОНКОРД ЭВЕР - проектный керамогранит для общественных пространств. КЕРАМОТЕКА.,Под заказ,$$$,https://www.keramoteka.ru/upload/uf/34c/keramoteka-atlas-concorde-ever.pdf,Статус NHS - ОТСУТСВУЕТ,Керамогранит,Rock Strutturato Структурированный,30X60 СМ,ARF3,./temp_files/img/ATLAS CONCORDE_EVER_Rock Strutturato Структурированный.jpg
ATLAS CONCORDE,./temp_files/logo/ATLAS CONCORDE.png,"atlas concorde, атлас конкорд, плитка atlas concorde, керамогранит atlas concorde, плитка, керамогранит, atlas concord, плитка конкорд, плитка atlas, поставщик, атлас конкорд италия, атлас конкорд сайт","Каталог керамической плитки и керамогранита ATLAS CONCORDE / АТЛАС КОНКОРД (Италия) от прямого поставщика КЕРАМОТЕКА. Низкие цены, скидки. Оптовые и розничные продажи. Материал в наличии.",ATLAS CONCORDE / АТЛАС КОНКОРД (Италия) Керамическая плитка и керамогранит от прямого поставщика - компании КЕРАМОТЕКА,Италия,EVER,"atlas concorde ever, атлас конкорд эвер, керамогранит ever, купить, поставщик, скидки, цены",Каталог керамического гранита ATLAS CONCORDE EVER от прямого поставщика КЕРАМОТЕКА. Опт и розница. Скидки. Цены.,ATLAS CONCORDE EVER / АТЛАС КОНКОРД ЭВЕР - проектный керамогранит для общественных пространств. КЕРАМОТЕКА.,Под заказ,$$$,https://www.keramoteka.ru/upload/uf/34c/keramoteka-atlas-concorde-ever.pdf,Статус NHS - ОТСУТСВУЕТ,Керамогранит,Earth Strutturato Структурированный,30X60 СМ,ARF4,./temp_files/img/ATLAS CONCORDE_EVER_Earth Strutturato Структурированный.jpg
ATLAS CONCORDE,./temp_files/logo/ATLAS CONCORDE.png,"atlas concorde, атлас конкорд, плитка atlas concorde, керамогранит atlas concorde, плитка, керамогранит, atlas concord, плитка конкорд, плитка atlas, поставщик, атлас конкорд италия, атлас конкорд сайт","Каталог керамической плитки и керамогранита ATLAS CONCORDE / АТЛАС КОНКОРД (Италия) от прямого поставщика КЕРАМОТЕКА. Низкие цены, скидки. Оптовые и розничные продажи. Материал в наличии.",ATLAS CONCORDE / АТЛАС КОНКОРД (Италия) Керамическая плитка и керамогранит от прямого поставщика - компании КЕРАМОТЕКА,Италия,EVER,"atlas concorde ever, атлас конкорд эвер, керамогранит ever, купить, поставщик, скидки, цены",Каталог керамического гранита ATLAS CONCORDE EVER от прямого поставщика КЕРАМОТЕКА. Опт и розница. Скидки. Цены.,ATLAS CONCORDE EVER / АТЛАС КОНКОРД ЭВЕР - проектный керамогранит для общественных пространств. КЕРАМОТЕКА.,Под заказ,$$$,https://www.keramoteka.ru/upload/uf/34c/keramoteka-atlas-concorde-ever.pdf,Статус NHS - ОТСУТСВУЕТ,Керамогранит,Dark Strutturato Структурированный,30X60 СМ,ARF5,./temp_files/img/ATLAS CONCORDE_EVER_Dark Strutturato Структурированный.jpg
ATLAS CONCORDE,./temp_files/logo/ATLAS CONCORDE.png,"atlas concorde, атлас конкорд, плитка atlas concorde, керамогранит atlas concorde, плитка, керамогранит, atlas concord, плитка конкорд, плитка atlas, поставщик, атлас конкорд италия, атлас конкорд сайт","Каталог керамической плитки и керамогранита ATLAS CONCORDE / АТЛАС КОНКОРД (Италия) от прямого поставщика КЕРАМОТЕКА. Низкие цены, скидки. Оптовые и розничные продажи. Материал в наличии.",ATLAS CONCORDE / АТЛАС КОНКОРД (Италия) Керамическая плитка и керамогранит от прямого поставщика - компании КЕРАМОТЕКА,Италия,EVER,"atlas concorde ever, атлас конкорд эвер, керамогранит ever, купить, поставщик, скидки, цены",Каталог керамического гранита ATLAS CONCORDE EVER от прямого поставщика КЕРАМОТЕКА. Опт и розница. Скидки. Цены.,ATLAS CONCORDE EVER / АТЛАС КОНКОРД ЭВЕР - проектный керамогранит для общественных пространств. КЕРАМОТЕКА.,Под заказ,$$$,https://www.keramoteka.ru/upload/uf/34c/keramoteka-atlas-concorde-ever.pdf,Статус NHS - ОТСУТСВУЕТ,Керамогранит,Moon Strutturato Структурированный,30X60 СМ,ARF1,./temp_files/img/ATLAS CONCORDE_EVER_Moon Strutturato Структурированный.jpg
ATLAS CONCORDE,./temp_files/logo/ATLAS CONCORDE.png,"atlas concorde, атлас конкорд, плитка atlas concorde, керамогранит atlas concorde, плитка, керамогранит, atlas concord, плитка конкорд, плитка atlas, поставщик, атлас конкорд италия, атлас конкорд сайт","Каталог керамической плитки и керамогранита ATLAS CONCORDE / АТЛАС КОНКОРД (Италия) от прямого поставщика КЕРАМОТЕКА. Низкие цены, скидки. Оптовые и розничные продажи. Материал в наличии.",ATLAS CONCORDE / АТЛАС КОНКОРД (Италия) Керамическая плитка и керамогранит от прямого поставщика - компании КЕРАМОТЕКА,Италия,EVER,"atlas concorde ever, атлас конкорд эвер, керамогранит ever, купить, поставщик, скидки, цены",Каталог керамического гранита ATLAS CONCORDE EVER от прямого поставщика КЕРАМОТЕКА. Опт и розница. Скидки. Цены.,ATLAS CONCORDE EVER / АТЛАС КОНКОРД ЭВЕР - проектный керамогранит для общественных пространств. КЕРАМОТЕКА.,Под заказ,$$$,https://www.keramoteka.ru/upload/uf/34c/keramoteka-atlas-concorde-ever.pdf,Статус NHS - ОТСУТСВУЕТ,Керамогранит,Light Strutturato Структурированный,30X60 СМ,ARF2,./temp_files/img/ATLAS CONCORDE_EVER_Light Strutturato Структурированный.jpg
ATLAS CONCORDE,./temp_files/logo/ATLAS CONCORDE.png,"atlas concorde, атлас конкорд, плитка atlas concorde, керамогранит atlas concorde, плитка, керамогранит, atlas concord, плитка конкорд, плитка atlas, поставщик, атлас конкорд италия, атлас конкорд сайт","Каталог керамической плитки и керамогранита ATLAS CONCORDE / АТЛАС КОНКОРД (Италия) от прямого поставщика КЕРАМОТЕКА. Низкие цены, скидки. Оптовые и розничные продажи. Материал в наличии.",ATLAS CONCORDE / АТЛАС КОНКОРД (Италия) Керамическая плитка и керамогранит от прямого поставщика - компании КЕРАМОТЕКА,Италия,EVER,"atlas concorde ever, атлас конкорд эвер, керамогранит ever, купить, поставщик, скидки, цены",Каталог керамического гранита ATLAS CONCORDE EVER от прямого поставщика КЕРАМОТЕКА. Опт и розница. Скидки. Цены.,ATLAS CONCORDE EVER / АТЛАС КОНКОРД ЭВЕР - проектный керамогранит для общественных пространств. КЕРАМОТЕКА.,Под заказ,$$$,https://www.keramoteka.ru/upload/uf/34c/keramoteka-atlas-concorde-ever.pdf,Статус NHS - ОТСУТСВУЕТ,Керамогранит,Artic Strutturato Структурированный,30X60 СМ,ARF6,./temp_files/img/ATLAS CONCORDE_EVER_Artic Strutturato Структурированный.jpg
ATLAS CONCORDE,./temp_files/logo/ATLAS CONCORDE.png,"atlas concorde, атлас конкорд, плитка atlas concorde, керамогранит atlas concorde, плитка, керамогранит, atlas concord, плитка конкорд, плитка atlas, поставщик, атлас конкорд италия, атлас конкорд сайт","Каталог керамической плитки и керамогранита ATLAS CONCORDE / АТЛАС КОНКОРД (Италия) от прямого поставщика КЕРАМОТЕКА. Низкие цены, скидки. Оптовые и розничные продажи. Материал в наличии.",ATLAS CONCORDE / АТЛАС КОНКОРД (Италия) Керамическая плитка и керамогранит от прямого поставщика - компании КЕРАМОТЕКА,Италия,EVER,"atlas concorde ever, атлас конкорд эвер, керамогранит ever, купить, поставщик, скидки, цены",Каталог керамического гранита ATLAS CONCORDE EVER от прямого поставщика КЕРАМОТЕКА. Опт и розница. Скидки. Цены.,ATLAS CONCORDE EVER / АТЛАС КОНКОРД ЭВЕР - проектный керамогранит для общественных пространств. КЕРАМОТЕКА.,Под заказ,$$$,https://www.keramoteka.ru/upload/uf/34c/keramoteka-atlas-concorde-ever.pdf,Статус NHS - ОТСУТСВУЕТ,Керамогранит,Rock Brick,30X60 СМ,ARGU,./temp_files/img/ATLAS CONCORDE_EVER_Rock Brick.jpg
ATLAS CONCORDE,./temp_files/logo/ATLAS CONCORDE.png,"atlas concorde, атлас конкорд, плитка atlas concorde, керамогранит atlas concorde, плитка, керамогранит, atlas concord, плитка конкорд, плитка atlas, поставщик, атлас конкорд италия, атлас конкорд сайт","Каталог керамической плитки и керамогранита ATLAS CONCORDE / АТЛАС КОНКОРД (Италия) от прямого поставщика КЕРАМОТЕКА. Низкие цены, скидки. Оптовые и розничные продажи. Материал в наличии.",ATLAS CONCORDE / АТЛАС КОНКОРД (Италия) Керамическая плитка и керамогранит от прямого поставщика - компании КЕРАМОТЕКА,Италия,EVER,"atlas concorde ever, атлас конкорд эвер, керамогранит ever, купить, поставщик, скидки, цены",Каталог керамического гранита ATLAS CONCORDE EVER от прямого поставщика КЕРАМОТЕКА. Опт и розница. Скидки. Цены.,ATLAS CONCORDE EVER / АТЛАС КОНКОРД ЭВЕР - проектный керамогранит для общественных пространств. КЕРАМОТЕКА.,Под заказ,$$$,https://www.keramoteka.ru/upload/uf/34c/keramoteka-atlas-concorde-ever.pdf,Статус NHS - ОТСУТСВУЕТ,Керамогранит,Earth Brick,30X60 СМ,ARGW,./temp_files/img/ATLAS CONCORDE_EVER_Earth Brick.jpg
ATLAS CONCORDE,./temp_files/logo/ATLAS CONCORDE.png,"atlas concorde, атлас конкорд, плитка atlas concorde, керамогранит atlas concorde, плитка, керамогранит, atlas concord, плитка конкорд, плитка atlas, поставщик, атлас конкорд италия, атлас конкорд сайт","Каталог керамической плитки и керамогранита ATLAS CONCORDE / АТЛАС КОНКОРД (Италия) от прямого поставщика КЕРАМОТЕКА. Низкие цены, скидки. Оптовые и розничные продажи. Материал в наличии.",ATLAS CONCORDE / АТЛАС КОНКОРД (Италия) Керамическая плитка и керамогранит от прямого поставщика - компании КЕРАМОТЕКА,Италия,EVER,"atlas concorde ever, атлас конкорд эвер, керамогранит ever, купить, поставщик, скидки, цены",Каталог керамического гранита ATLAS CONCORDE EVER от прямого поставщика КЕРАМОТЕКА. Опт и розница. Скидки. Цены.,ATLAS CONCORDE EVER / АТЛАС КОНКОРД ЭВЕР - проектный керамогранит для общественных пространств. КЕРАМОТЕКА.,Под заказ,$$$,https://www.keramoteka.ru/upload/uf/34c/keramoteka-atlas-concorde-ever.pdf,Статус NHS - ОТСУТСВУЕТ,Керамогранит,Dark Brick,30X60 СМ,ARGX,./temp_files/img/ATLAS CONCORDE_EVER_Dark Brick.jpg
ATLAS CONCORDE,./temp_files/logo/ATLAS CONCORDE.png,"atlas concorde, атлас конкорд, плитка atlas concorde, керамогранит atlas concorde, плитка, керамогранит, atlas concord, плитка конкорд, плитка atlas, поставщик, атлас конкорд италия, атлас конкорд сайт","Каталог керамической плитки и керамогранита ATLAS CONCORDE / АТЛАС КОНКОРД (Италия) от прямого поставщика КЕРАМОТЕКА. Низкие цены, скидки. Оптовые и розничные продажи. Материал в наличии.",ATLAS CONCORDE / АТЛАС КОНКОРД (Италия) Керамическая плитка и керамогранит от прямого поставщика - компании КЕРАМОТЕКА,Италия,EVER,"atlas concorde ever, атлас конкорд эвер, керамогранит ever, купить, поставщик, скидки, цены",Каталог керамического гранита ATLAS CONCORDE EVER от прямого поставщика КЕРАМОТЕКА. Опт и розница. Скидки. Цены.,ATLAS CONCORDE EVER / АТЛАС КОНКОРД ЭВЕР - проектный керамогранит для общественных пространств. КЕРАМОТЕКА.,Под заказ,$$$,https://www.keramoteka.ru/upload/uf/34c/keramoteka-atlas-concorde-ever.pdf,Статус NHS - ОТСУТСВУЕТ,Керамогранит,Moon Brick,30X60 СМ,ARGS,./temp_files/img/ATLAS CONCORDE_EVER_Moon Brick.jpg
ATLAS CONCORDE,./temp_files/logo/ATLAS CONCORDE.png,"atlas concorde, атлас конкорд, плитка atlas concorde, керамогранит atlas concorde, плитка, керамогранит, atlas concord, плитка конкорд, плитка atlas, поставщик, атлас конкорд италия, атлас конкорд сайт","Каталог керамической плитки и керамогранита ATLAS CONCORDE / АТЛАС КОНКОРД (Италия) от прямого поставщика КЕРАМОТЕКА. Низкие цены, скидки. Оптовые и розничные продажи. Материал в наличии.",ATLAS CONCORDE / АТЛАС КОНКОРД (Италия) Керамическая плитка и керамогранит от прямого поставщика - компании КЕРАМОТЕКА,Италия,EVER,"atlas concorde ever, атлас конкорд эвер, керамогранит ever, купить, поставщик, скидки, цены",Каталог керамического гранита ATLAS CONCORDE EVER от прямого поставщика КЕРАМОТЕКА. Опт и розница. Скидки. Цены.,ATLAS CONCORDE EVER / АТЛАС КОНКОРД ЭВЕР - проектный керамогранит для общественных пространств. КЕРАМОТЕКА.,Под заказ,$$$,https://www.keramoteka.ru/upload/uf/34c/keramoteka-atlas-concorde-ever.pdf,Статус NHS - ОТСУТСВУЕТ,Керамогранит,Light Brick,30X60 СМ,ARGT,./temp_files/img/ATLAS CONCORDE_EVER_Light Brick.jpg
ATLAS CONCORDE,./temp_files/logo/ATLAS CONCORDE.png,"atlas concorde, атлас конкорд, плитка atlas concorde, керамогранит atlas concorde, плитка, керамогранит, atlas concord, плитка конкорд, плитка atlas, поставщик, атлас конкорд италия, атлас конкорд сайт","Каталог керамической плитки и керамогранита ATLAS CONCORDE / АТЛАС КОНКОРД (Италия) от прямого поставщика КЕРАМОТЕКА. Низкие цены, скидки. Оптовые и розничные продажи. Материал в наличии.",ATLAS CONCORDE / АТЛАС КОНКОРД (Италия) Керамическая плитка и керамогранит от прямого поставщика - компании КЕРАМОТЕКА,Италия,EVER,"atlas concorde ever, атлас конкорд эвер, керамогранит ever, купить, поставщик, скидки, цены",Каталог керамического гранита ATLAS CONCORDE EVER от прямого поставщика КЕРАМОТЕКА. Опт и розница. Скидки. Цены.,ATLAS CONCORDE EVER / АТЛАС КОНКОРД ЭВЕР - проектный керамогранит для общественных пространств. КЕРАМОТЕКА.,Под заказ,$$$,https://www.keramoteka.ru/upload/uf/34c/keramoteka-atlas-concorde-ever.pdf,Статус NHS - ОТСУТСВУЕТ,Керамогранит,Artic Brick,30X60 СМ,ARGY,./temp_files/img/ATLAS CONCORDE_EVER_Artic Brick.jpg
ATLAS CONCORDE,./temp_files/logo/ATLAS CONCORDE.png,"atlas concorde, атлас конкорд, плитка atlas concorde, керамогранит atlas concorde, плитка, керамогранит, atlas concord, плитка конкорд, плитка atlas, поставщик, атлас конкорд италия, атлас конкорд сайт","Каталог керамической плитки и керамогранита ATLAS CONCORDE / АТЛАС КОНКОРД (Италия) от прямого поставщика КЕРАМОТЕКА. Низкие цены, скидки. Оптовые и розничные продажи. Материал в наличии.",ATLAS CONCORDE / АТЛАС КОНКОРД (Италия) Керамическая плитка и керамогранит от прямого поставщика - компании КЕРАМОТЕКА,Италия,EVER,"atlas concorde ever, атлас конкорд эвер, керамогранит ever, купить, поставщик, скидки, цены",Каталог керамического гранита ATLAS CONCORDE EVER от прямого поставщика КЕРАМОТЕКА. Опт и розница. Скидки. Цены.,ATLAS CONCORDE EVER / АТЛАС КОНКОРД ЭВЕР - проектный керамогранит для общественных пространств. КЕРАМОТЕКА.,Под заказ,$$$,https://www.keramoteka.ru/upload/uf/34c/keramoteka-atlas-concorde-ever.pdf,Статус NHS - ОТСУТСВУЕТ,Керамогранит,Rock,20X60 СМ,ARKB,./temp_files/img/ATLAS CONCORDE_EVER_Rock.jpg
ATLAS CONCORDE,./temp_files/logo/ATLAS CONCORDE.png,"atlas concorde, атлас конкорд, плитка atlas concorde, керамогранит atlas concorde, плитка, керамогранит, atlas concord, плитка конкорд, плитка atlas, поставщик, атлас конкорд италия, атлас конкорд сайт","Каталог керамической плитки и керамогранита ATLAS CONCORDE / АТЛАС КОНКОРД (Италия) от прямого поставщика КЕРАМОТЕКА. Низкие цены, скидки. Оптовые и розничные продажи. Материал в наличии.",ATLAS CONCORDE / АТЛАС КОНКОРД (Италия) Керамическая плитка и керамогранит от прямого поставщика - компании КЕРАМОТЕКА,Италия,EVER,"atlas concorde ever, атлас конкорд эвер, керамогранит ever, купить, поставщик, скидки, цены",Каталог керамического гранита ATLAS CONCORDE EVER от прямого поставщика КЕРАМОТЕКА. Опт и розница. Скидки. Цены.,ATLAS CONCORDE EVER / АТЛАС КОНКОРД ЭВЕР - проектный керамогранит для общественных пространств. КЕРАМОТЕКА.,Под заказ,$$$,https://www.keramoteka.ru/upload/uf/34c/keramoteka-atlas-concorde-ever.pdf,Статус NHS - ОТСУТСВУЕТ,Керамогранит,Earth,20X60 СМ,ARKC,./temp_files/img/ATLAS CONCORDE_EVER_Earth.jpg
ATLAS CONCORDE,./temp_files/logo/ATLAS CONCORDE.png,"atlas concorde, атлас конкорд, плитка atlas concorde, керамогранит atlas concorde, плитка, керамогранит, atlas concord, плитка конкорд, плитка atlas, поставщик, атлас конкорд италия, атлас конкорд сайт","Каталог керамической плитки и керамогранита ATLAS CONCORDE / АТЛАС КОНКОРД (Италия) от прямого поставщика КЕРАМОТЕКА. Низкие цены, скидки. Оптовые и розничные продажи. Материал в наличии.",ATLAS CONCORDE / АТЛАС КОНКОРД (Италия) Керамическая плитка и керамогранит от прямого поставщика - компании КЕРАМОТЕКА,Италия,EVER,"atlas concorde ever, атлас конкорд эвер, керамогранит ever, купить, поставщик, скидки, цены",Каталог керамического гранита ATLAS CONCORDE EVER от прямого поставщика КЕРАМОТЕКА. Опт и розница. Скидки. Цены.,ATLAS CONCORDE EVER / АТЛАС КОНКОРД ЭВЕР - проектный керамогранит для общественных пространств. КЕРАМОТЕКА.,Под заказ,$$$,https://www.keramoteka.ru/upload/uf/34c/keramoteka-atlas-concorde-ever.pdf,Статус NHS - ОТСУТСВУЕТ,Керамогранит,Dark,20X60 СМ,ARKD,./temp_files/img/ATLAS CONCORDE_EVER_Dark.jpg
ATLAS CONCORDE,./temp_files/logo/ATLAS CONCORDE.png,"atlas concorde, атлас конкорд, плитка atlas concorde, керамогранит atlas concorde, плитка, керамогранит, atlas concord, плитка конкорд, плитка atlas, поставщик, атлас конкорд италия, атлас конкорд сайт","Каталог керамической плитки и керамогранита ATLAS CONCORDE / АТЛАС КОНКОРД (Италия) от прямого поставщика КЕРАМОТЕКА. Низкие цены, скидки. Оптовые и розничные продажи. Материал в наличии.",ATLAS CONCORDE / АТЛАС КОНКОРД (Италия) Керамическая плитка и керамогранит от прямого поставщика - компании КЕРАМОТЕКА,Италия,EVER,"atlas concorde ever, атлас конкорд эвер, керамогранит ever, купить, поставщик, скидки, цены",Каталог керамического гранита ATLAS CONCORDE EVER от прямого поставщика КЕРАМОТЕКА. Опт и розница. Скидки. Цены.,ATLAS CONCORDE EVER / АТЛАС КОНКОРД ЭВЕР - проектный керамогранит для общественных пространств. КЕРАМОТЕКА.,Под заказ,$$$,https://www.keramoteka.ru/upload/uf/34c/keramoteka-atlas-concorde-ever.pdf,Статус NHS - ОТСУТСВУЕТ,Керамогранит,Moon,20X60 СМ,ARJ9,./temp_files/img/ATLAS CONCORDE_EVER_Moon.jpg
ATLAS CONCORDE,./temp_files/logo/ATLAS CONCORDE.png,"atlas concorde, атлас конкорд, плитка atlas concorde, керамогранит atlas concorde, плитка, керамогранит, atlas concord, плитка конкорд, плитка atlas, поставщик, атлас конкорд италия, атлас конкорд сайт","Каталог керамической плитки и керамогранита ATLAS CONCORDE / АТЛАС КОНКОРД (Италия) от прямого поставщика КЕРАМОТЕКА. Низкие цены, скидки. Оптовые и розничные продажи. Материал в наличии.",ATLAS CONCORDE / АТЛАС КОНКОРД (Италия) Керамическая плитка и керамогранит от прямого поставщика - компании КЕРАМОТЕКА,Италия,EVER,"atlas concorde ever, атлас конкорд эвер, керамогранит ever, купить, поставщик, скидки, цены",Каталог керамического гранита ATLAS CONCORDE EVER от прямого поставщика КЕРАМОТЕКА. Опт и розница. Скидки. Цены.,ATLAS CONCORDE EVER / АТЛАС КОНКОРД ЭВЕР - проектный керамогранит для общественных пространств. КЕРАМОТЕКА.,Под заказ,$$$,https://www.keramoteka.ru/upload/uf/34c/keramoteka-atlas-concorde-ever.pdf,Статус NHS - ОТСУТСВУЕТ,Керамогранит,Earth Strutturato Структурированный,20X60 СМ,ARKJ,./temp_files/img/ATLAS CONCORDE_EVER_Earth Strutturato Структурированный.jpg
ATLAS CONCORDE,./temp_files/logo/ATLAS CONCORDE.png,"atlas concorde, атлас конкорд, плитка atlas concorde, керамогранит atlas concorde, плитка, керамогранит, atlas concord, плитка конкорд, плитка atlas, поставщик, атлас конкорд италия, атлас конкорд сайт","Каталог керамической плитки и керамогранита ATLAS CONCORDE / АТЛАС КОНКОРД (Италия) от прямого поставщика КЕРАМОТЕКА. Низкие цены, скидки. Оптовые и розничные продажи. Материал в наличии.",ATLAS CONCORDE / АТЛАС КОНКОРД (Италия) Керамическая плитка и керамогранит от прямого поставщика - компании КЕРАМОТЕКА,Италия,EVER,"atlas concorde ever, атлас конкорд эвер, керамогранит ever, купить, поставщик, скидки, цены",Каталог керамического гранита ATLAS CONCORDE EVER от прямого поставщика КЕРАМОТЕКА. Опт и розница. Скидки. Цены.,ATLAS CONCORDE EVER / АТЛАС КОНКОРД ЭВЕР - проектный керамогранит для общественных пространств. КЕРАМОТЕКА.,Под заказ,$$$,https://www.keramoteka.ru/upload/uf/34c/keramoteka-atlas-concorde-ever.pdf,Статус NHS - ОТСУТСВУЕТ,Керамогранит,Dark Strutturato Структурированный,20X60 СМ,ARKK,./temp_files/img/ATLAS CONCORDE_EVER_Dark Strutturato Структурированный.jpg
ATLAS CONCORDE,./temp_files/logo/ATLAS CONCORDE.png,"atlas concorde, атлас конкорд, плитка atlas concorde, керамогранит atlas concorde, плитка, керамогранит, atlas concord, плитка конкорд, плитка atlas, поставщик, атлас конкорд италия, атлас конкорд сайт","Каталог керамической плитки и керамогранита ATLAS CONCORDE / АТЛАС КОНКОРД (Италия) от прямого поставщика КЕРАМОТЕКА. Низкие цены, скидки. Оптовые и розничные продажи. Материал в наличии.",ATLAS CONCORDE / АТЛАС КОНКОРД (Италия) Керамическая плитка и керамогранит от прямого поставщика - компании КЕРАМОТЕКА,Италия,EVER,"atlas concorde ever, атлас конкорд эвер, керамогранит ever, купить, поставщик, скидки, цены",Каталог керамического гранита ATLAS CONCORDE EVER от прямого поставщика КЕРАМОТЕКА. Опт и розница. Скидки. Цены.,ATLAS CONCORDE EVER / АТЛАС КОНКОРД ЭВЕР - проектный керамогранит для общественных пространств. КЕРАМОТЕКА.,Под заказ,$$$,https://www.keramoteka.ru/upload/uf/34c/keramoteka-atlas-concorde-ever.pdf,Статус NHS - ОТСУТСВУЕТ,Керамогранит,Light Strutturato Структурированный,20X60 СМ,ARKH,./temp_files/img/ATLAS CONCORDE_EVER_Light Strutturato Структурированный.jpg
ATLAS CONCORDE,./temp_files/logo/ATLAS CONCORDE.png,"atlas concorde, атлас конкорд, плитка atlas concorde, керамогранит atlas concorde, плитка, керамогранит, atlas concord, плитка конкорд, плитка atlas, поставщик, атлас конкорд италия, атлас конкорд сайт","Каталог керамической плитки и керамогранита ATLAS CONCORDE / АТЛАС КОНКОРД (Италия) от прямого поставщика КЕРАМОТЕКА. Низкие цены, скидки. Оптовые и розничные продажи. Материал в наличии.",ATLAS CONCORDE / АТЛАС КОНКОРД (Италия) Керамическая плитка и керамогранит от прямого поставщика - компании КЕРАМОТЕКА,Италия,EVER,"atlas concorde ever, атлас конкорд эвер, керамогранит ever, купить, поставщик, скидки, цены",Каталог керамического гранита ATLAS CONCORDE EVER от прямого поставщика КЕРАМОТЕКА. Опт и розница. Скидки. Цены.,ATLAS CONCORDE EVER / АТЛАС КОНКОРД ЭВЕР - проектный керамогранит для общественных пространств. КЕРАМОТЕКА.,Под заказ,$$$,https://www.keramoteka.ru/upload/uf/34c/keramoteka-atlas-concorde-ever.pdf,Статус NHS - ОТСУТСВУЕТ,Керамогранит,Artic Strutturato Структурированный,20X60 СМ,ARKL,./temp_files/img/ATLAS CONCORDE_EVER_Artic Strutturato Структурированный.jpg
ATLAS CONCORDE,./temp_files/logo/ATLAS CONCORDE.png,"atlas concorde, атлас конкорд, плитка atlas concorde, керамогранит atlas concorde, плитка, керамогранит, atlas concord, плитка конкорд, плитка atlas, поставщик, атлас конкорд италия, атлас конкорд сайт","Каталог керамической плитки и керамогранита ATLAS CONCORDE / АТЛАС КОНКОРД (Италия) от прямого поставщика КЕРАМОТЕКА. Низкие цены, скидки. Оптовые и розничные продажи. Материал в наличии.",ATLAS CONCORDE / АТЛАС КОНКОРД (Италия) Керамическая плитка и керамогранит от прямого поставщика - компании КЕРАМОТЕКА,Италия,EVER,"atlas concorde ever, атлас конкорд эвер, керамогранит ever, купить, поставщик, скидки, цены",Каталог керамического гранита ATLAS CONCORDE EVER от прямого поставщика КЕРАМОТЕКА. Опт и розница. Скидки. Цены.,ATLAS CONCORDE EVER / АТЛАС КОНКОРД ЭВЕР - проектный керамогранит для общественных пространств. КЕРАМОТЕКА.,Под заказ,$$$,https://www.keramoteka.ru/upload/uf/34c/keramoteka-atlas-concorde-ever.pdf,Статус NHS - ОТСУТСВУЕТ,Мозаика /Керамогранит/,Rock Mosaico,30X30 СМ,ARGN,./temp_files/img/ATLAS CONCORDE_EVER_Rock Mosaico.jpg
ATLAS CONCORDE,./temp_files/logo/ATLAS CONCORDE.png,"atlas concorde, атлас конкорд, плитка atlas concorde, керамогранит atlas concorde, плитка, керамогранит, atlas concord, плитка конкорд, плитка atlas, поставщик, атлас конкорд италия, атлас конкорд сайт","Каталог керамической плитки и керамогранита ATLAS CONCORDE / АТЛАС КОНКОРД (Италия) от прямого поставщика КЕРАМОТЕКА. Низкие цены, скидки. Оптовые и розничные продажи. Материал в наличии.",ATLAS CONCORDE / АТЛАС КОНКОРД (Италия) Керамическая плитка и керамогранит от прямого поставщика - компании КЕРАМОТЕКА,Италия,EVER,"atlas concorde ever, атлас конкорд эвер, керамогранит ever, купить, поставщик, скидки, цены",Каталог керамического гранита ATLAS CONCORDE EVER от прямого поставщика КЕРАМОТЕКА. Опт и розница. Скидки. Цены.,ATLAS CONCORDE EVER / АТЛАС КОНКОРД ЭВЕР - проектный керамогранит для общественных пространств. КЕРАМОТЕКА.,Под заказ,$$$,https://www.keramoteka.ru/upload/uf/34c/keramoteka-atlas-concorde-ever.pdf,Статус NHS - ОТСУТСВУЕТ,Мозаика /Керамогранит/,Earth Mosaico,30X30 СМ,ARGO,./temp_files/img/ATLAS CONCORDE_EVER_Earth Mosaico.jpg
ATLAS CONCORDE,./temp_files/logo/ATLAS CONCORDE.png,"atlas concorde, атлас конкорд, плитка atlas concorde, керамогранит atlas concorde, плитка, керамогранит, atlas concord, плитка конкорд, плитка atlas, поставщик, атлас конкорд италия, атлас конкорд сайт","Каталог керамической плитки и керамогранита ATLAS CONCORDE / АТЛАС КОНКОРД (Италия) от прямого поставщика КЕРАМОТЕКА. Низкие цены, скидки. Оптовые и розничные продажи. Материал в наличии.",ATLAS CONCORDE / АТЛАС КОНКОРД (Италия) Керамическая плитка и керамогранит от прямого поставщика - компании КЕРАМОТЕКА,Италия,EVER,"atlas concorde ever, атлас конкорд эвер, керамогранит ever, купить, поставщик, скидки, цены",Каталог керамического гранита ATLAS CONCORDE EVER от прямого поставщика КЕРАМОТЕКА. Опт и розница. Скидки. Цены.,ATLAS CONCORDE EVER / АТЛАС КОНКОРД ЭВЕР - проектный керамогранит для общественных пространств. КЕРАМОТЕКА.,Под заказ,$$$,https://www.keramoteka.ru/upload/uf/34c/keramoteka-atlas-concorde-ever.pdf,Статус NHS - ОТСУТСВУЕТ,Мозаика /Керамогранит/,Dark Mosaico,30X30 СМ,ARGP,./temp_files/img/ATLAS CONCORDE_EVER_Dark Mosaico.jpg
ATLAS CONCORDE,./temp_files/logo/ATLAS CONCORDE.png,"atlas concorde, атлас конкорд, плитка atlas concorde, керамогранит atlas concorde, плитка, керамогранит, atlas concord, плитка конкорд, плитка atlas, поставщик, атлас конкорд италия, атлас конкорд сайт","Каталог керамической плитки и керамогранита ATLAS CONCORDE / АТЛАС КОНКОРД (Италия) от прямого поставщика КЕРАМОТЕКА. Низкие цены, скидки. Оптовые и розничные продажи. Материал в наличии.",ATLAS CONCORDE / АТЛАС КОНКОРД (Италия) Керамическая плитка и керамогранит от прямого поставщика - компании КЕРАМОТЕКА,Италия,EVER,"atlas concorde ever, атлас конкорд эвер, керамогранит ever, купить, поставщик, скидки, цены",Каталог керамического гранита ATLAS CONCORDE EVER от прямого поставщика КЕРАМОТЕКА. Опт и розница. Скидки. Цены.,ATLAS CONCORDE EVER / АТЛАС КОНКОРД ЭВЕР - проектный керамогранит для общественных пространств. КЕРАМОТЕКА.,Под заказ,$$$,https://www.keramoteka.ru/upload/uf/34c/keramoteka-atlas-concorde-ever.pdf,Статус NHS - ОТСУТСВУЕТ,Мозаика /Керамогранит/,Moon Mosaico,30X30 СМ,ARGL,./temp_files/img/ATLAS CONCORDE_EVER_Moon Mosaico.jpg
ATLAS CONCORDE,./temp_files/logo/ATLAS CONCORDE.png,"atlas concorde, атлас конкорд, плитка atlas concorde, керамогранит atlas concorde, плитка, керамогранит, atlas concord, плитка конкорд, плитка atlas, поставщик, атлас конкорд италия, атлас конкорд сайт","Каталог керамической плитки и керамогранита ATLAS CONCORDE / АТЛАС КОНКОРД (Италия) от прямого поставщика КЕРАМОТЕКА. Низкие цены, скидки. Оптовые и розничные продажи. Материал в наличии.",ATLAS CONCORDE / АТЛАС КОНКОРД (Италия) Керамическая плитка и керамогранит от прямого поставщика - компании КЕРАМОТЕКА,Италия,EVER,"atlas concorde ever, атлас конкорд эвер, керамогранит ever, купить, поставщик, скидки, цены",Каталог керамического гранита ATLAS CONCORDE EVER от прямого поставщика КЕРАМОТЕКА. Опт и розница. Скидки. Цены.,ATLAS CONCORDE EVER / АТЛАС КОНКОРД ЭВЕР - проектный керамогранит для общественных пространств. КЕРАМОТЕКА.,Под заказ,$$$,https://www.keramoteka.ru/upload/uf/34c/keramoteka-atlas-concorde-ever.pdf,Статус NHS - ОТСУТСВУЕТ,Мозаика /Керамогранит/,Light Mosaico,30X30 СМ,ARGM,./temp_files/img/ATLAS CONCORDE_EVER_Light Mosaico.jpg
ATLAS CONCORDE,./temp_files/logo/ATLAS CONCORDE.png,"atlas concorde, атлас конкорд, плитка atlas concorde, керамогранит atlas concorde, плитка, керамогранит, atlas concord, плитка конкорд, плитка atlas, поставщик, атлас конкорд италия, атлас конкорд сайт","Каталог керамической плитки и керамогранита ATLAS CONCORDE / АТЛАС КОНКОРД (Италия) от прямого поставщика КЕРАМОТЕКА. Низкие цены, скидки. Оптовые и розничные продажи. Материал в наличии.",ATLAS CONCORDE / АТЛАС КОНКОРД (Италия) Керамическая плитка и керамогранит от прямого поставщика - компании КЕРАМОТЕКА,Италия,EVER,"atlas concorde ever, атлас конкорд эвер, керамогранит ever, купить, поставщик, скидки, цены",Каталог керамического гранита ATLAS CONCORDE EVER от прямого поставщика КЕРАМОТЕКА. Опт и розница. Скидки. Цены.,ATLAS CONCORDE EVER / АТЛАС КОНКОРД ЭВЕР - проектный керамогранит для общественных пространств. КЕРАМОТЕКА.,Под заказ,$$$,https://www.keramoteka.ru/upload/uf/34c/keramoteka-atlas-concorde-ever.pdf,Статус NHS - ОТСУТСВУЕТ,Мозаика /Керамогранит/,Artic Mosaico,30X30 СМ,ARGQ,./temp_files/img/ATLAS CONCORDE_EVER_Artic Mosaico.jpg
ATLAS CONCORDE,./temp_files/logo/ATLAS CONCORDE.png,"atlas concorde, атлас конкорд, плитка atlas concorde, керамогранит atlas concorde, плитка, керамогранит, atlas concord, плитка конкорд, плитка atlas, поставщик, атлас конкорд италия, атлас конкорд сайт","Каталог керамической плитки и керамогранита ATLAS CONCORDE / АТЛАС КОНКОРД (Италия) от прямого поставщика КЕРАМОТЕКА. Низкие цены, скидки. Оптовые и розничные продажи. Материал в наличии.",ATLAS CONCORDE / АТЛАС КОНКОРД (Италия) Керамическая плитка и керамогранит от прямого поставщика - компании КЕРАМОТЕКА,Италия,EVER,"atlas concorde ever, атлас конкорд эвер, керамогранит ever, купить, поставщик, скидки, цены",Каталог керамического гранита ATLAS CONCORDE EVER от прямого поставщика КЕРАМОТЕКА. Опт и розница. Скидки. Цены.,ATLAS CONCORDE EVER / АТЛАС КОНКОРД ЭВЕР - проектный керамогранит для общественных пространств. КЕРАМОТЕКА.,Под заказ,$$$,https://www.keramoteka.ru/upload/uf/34c/keramoteka-atlas-concorde-ever.pdf,Статус NHS - ОТСУТСВУЕТ,Декоративные элементы /Керамогранит/,Бордюр Metal Satin Listello,"1,5X120 СМ",AREJ,./temp_files/img/ATLAS CONCORDE_EVER_Бордюр Metal Satin Listello.jpg
ATLAS CONCORDE,./temp_files/logo/ATLAS CONCORDE.png,"atlas concorde, атлас конкорд, плитка atlas concorde, керамогранит atlas concorde, плитка, керамогранит, atlas concord, плитка конкорд, плитка atlas, поставщик, атлас конкорд италия, атлас конкорд сайт","Каталог керамической плитки и керамогранита ATLAS CONCORDE / АТЛАС КОНКОРД (Италия) от прямого поставщика КЕРАМОТЕКА. Низкие цены, скидки. Оптовые и розничные продажи. Материал в наличии.",ATLAS CONCORDE / АТЛАС КОНКОРД (Италия) Керамическая плитка и керамогранит от прямого поставщика - компании КЕРАМОТЕКА,Италия,EVER,"atlas concorde ever, атлас конкорд эвер, керамогранит ever, купить, поставщик, скидки, цены",Каталог керамического гранита ATLAS CONCORDE EVER от прямого поставщика КЕРАМОТЕКА. Опт и розница. Скидки. Цены.,ATLAS CONCORDE EVER / АТЛАС КОНКОРД ЭВЕР - проектный керамогранит для общественных пространств. КЕРАМОТЕКА.,Под заказ,$$$,https://www.keramoteka.ru/upload/uf/34c/keramoteka-atlas-concorde-ever.pdf,Статус NHS - ОТСУТСВУЕТ,Декоративные элементы /Керамогранит/,Бордюр Metal Satin Listello,"1,5X60 СМ",LQMS,./temp_files/img/ATLAS CONCORDE_EVER_Бордюр Metal Satin Listello.jpg
ATLAS CONCORDE,./temp_files/logo/ATLAS CONCORDE.png,"atlas concorde, атлас конкорд, плитка atlas concorde, керамогранит atlas concorde, плитка, керамогранит, atlas concord, плитка конкорд, плитка atlas, поставщик, атлас конкорд италия, атлас конкорд сайт","Каталог керамической плитки и керамогранита ATLAS CONCORDE / АТЛАС КОНКОРД (Италия) от прямого поставщика КЕРАМОТЕКА. Низкие цены, скидки. Оптовые и розничные продажи. Материал в наличии.",ATLAS CONCORDE / АТЛАС КОНКОРД (Италия) Керамическая плитка и керамогранит от прямого поставщика - компании КЕРАМОТЕКА,Италия,EVER,"atlas concorde ever, атлас конкорд эвер, керамогранит ever, купить, поставщик, скидки, цены",Каталог керамического гранита ATLAS CONCORDE EVER от прямого поставщика КЕРАМОТЕКА. Опт и розница. Скидки. Цены.,ATLAS CONCORDE EVER / АТЛАС КОНКОРД ЭВЕР - проектный керамогранит для общественных пространств. КЕРАМОТЕКА.,Под заказ,$$$,https://www.keramoteka.ru/upload/uf/34c/keramoteka-atlas-concorde-ever.pdf,Статус NHS - ОТСУТСВУЕТ,Декоративные элементы /Керамогранит/,Бордюр Metal Lev. Listello,"0,6X60 СМ",LUGL,./temp_files/img/ATLAS CONCORDE_EVER_Бордюр Metal Lev. Listello.jpg
ATLAS CONCORDE,./temp_files/logo/ATLAS CONCORDE.png,"atlas concorde, атлас конкорд, плитка atlas concorde, керамогранит atlas concorde, плитка, керамогранит, atlas concord, плитка конкорд, плитка atlas, поставщик, атлас конкорд италия, атлас конкорд сайт","Каталог керамической плитки и керамогранита ATLAS CONCORDE / АТЛАС КОНКОРД (Италия) от прямого поставщика КЕРАМОТЕКА. Низкие цены, скидки. Оптовые и розничные продажи. Материал в наличии.",ATLAS CONCORDE / АТЛАС КОНКОРД (Италия) Керамическая плитка и керамогранит от прямого поставщика - компании КЕРАМОТЕКА,Италия,EVER,"atlas concorde ever, атлас конкорд эвер, керамогранит ever, купить, поставщик, скидки, цены",Каталог керамического гранита ATLAS CONCORDE EVER от прямого поставщика КЕРАМОТЕКА. Опт и розница. Скидки. Цены.,ATLAS CONCORDE EVER / АТЛАС КОНКОРД ЭВЕР - проектный керамогранит для общественных пространств. КЕРАМОТЕКА.,Под заказ,$$$,https://www.keramoteka.ru/upload/uf/34c/keramoteka-atlas-concorde-ever.pdf,Статус NHS - ОТСУТСВУЕТ,Декоративные элементы /Керамогранит/,Бордюр Metal Glossy Listello,"0,3X60 СМ",LUGG,./temp_files/img/ATLAS CONCORDE_EVER_Бордюр Metal Glossy Listello.jpg
ATLAS CONCORDE,./temp_files/logo/ATLAS CONCORDE.png,"atlas concorde, атлас конкорд, плитка atlas concorde, керамогранит atlas concorde, плитка, керамогранит, atlas concord, плитка конкорд, плитка atlas, поставщик, атлас конкорд италия, атлас конкорд сайт","Каталог керамической плитки и керамогранита ATLAS CONCORDE / АТЛАС КОНКОРД (Италия) от прямого поставщика КЕРАМОТЕКА. Низкие цены, скидки. Оптовые и розничные продажи. Материал в наличии.",ATLAS CONCORDE / АТЛАС КОНКОРД (Италия) Керамическая плитка и керамогранит от прямого поставщика - компании КЕРАМОТЕКА,Италия,EVER,"atlas concorde ever, атлас конкорд эвер, керамогранит ever, купить, поставщик, скидки, цены",Каталог керамического гранита ATLAS CONCORDE EVER от прямого поставщика КЕРАМОТЕКА. Опт и розница. Скидки. Цены.,ATLAS CONCORDE EVER / АТЛАС КОНКОРД ЭВЕР - проектный керамогранит для общественных пространств. КЕРАМОТЕКА.,Под заказ,$$$,https://www.keramoteka.ru/upload/uf/34c/keramoteka-atlas-concorde-ever.pdf,Статус NHS - ОТСУТСВУЕТ,Декоративные элементы /Керамогранит/,Вставка Metal Satin Angolo,"1,5X1,5 СМ",1QMS,./temp_files/img/ATLAS CONCORDE_EVER_Вставка Metal Satin Angolo.jpg
ATLAS CONCORDE,./temp_files/logo/ATLAS CONCORDE.png,"atlas concorde, атлас конкорд, плитка atlas concorde, керамогранит atlas concorde, плитка, керамогранит, atlas concord, плитка конкорд, плитка atlas, поставщик, атлас конкорд италия, атлас конкорд сайт","Каталог керамической плитки и керамогранита ATLAS CONCORDE / АТЛАС КОНКОРД (Италия) от прямого поставщика КЕРАМОТЕКА. Низкие цены, скидки. Оптовые и розничные продажи. Материал в наличии.",ATLAS CONCORDE / АТЛАС КОНКОРД (Италия) Керамическая плитка и керамогранит от прямого поставщика - компании КЕРАМОТЕКА,Италия,EVER,"atlas concorde ever, атлас конкорд эвер, керамогранит ever, купить, поставщик, скидки, цены",Каталог керамического гранита ATLAS CONCORDE EVER от прямого поставщика КЕРАМОТЕКА. Опт и розница. Скидки. Цены.,ATLAS CONCORDE EVER / АТЛАС КОНКОРД ЭВЕР - проектный керамогранит для общественных пространств. КЕРАМОТЕКА.,Под заказ,$$$,https://www.keramoteka.ru/upload/uf/34c/keramoteka-atlas-concorde-ever.pdf,Статус NHS - ОТСУТСВУЕТ,Декоративные элементы /Керамогранит/,Вставка Metal Lev. Angolo,"0,6X0,6 СМ",1UGL,./temp_files/img/ATLAS CONCORDE_EVER_Вставка Metal Lev. Angolo.jpg
