ATLAS CONCORDE,./temp_files/logo/ATLAS CONCORDE.png,"atlas concorde, атлас конкорд, плитка atlas concorde, керамогранит atlas concorde, плитка, керамогранит, atlas concord, плитка конкорд, плитка atlas, поставщик, атлас конкорд италия, атлас конкорд сайт","Каталог керамической плитки и керамогранита ATLAS CONCORDE / АТЛАС КОНКОРД (Италия) от прямого поставщика КЕРАМОТЕКА. Низкие цены, скидки. Оптовые и розничные продажи. Материал в наличии.",ATLAS CONCORDE / АТЛАС КОНКОРД (Италия) Керамическая плитка и керамогранит от прямого поставщика - компании КЕРАМОТЕКА,Италия,ETIC,"atlas concorde etic, атлас конкорд этик, керамогранит etic, rovere, ulivo, noce, palissandro, rovere bianco, rovere grigio, ebano, напольная плитка, керамогранит, керамический паркет, купить, поставщик, скидки, цены",Каталог керамического гранита Atlas Concorde Etic / Атлас Конкорд Этик от прямого поставщика КЕРАМОТЕКА. Привлекательные цены и скидки. Опт и розница. В наличии.,ATLAS CONCORDE ETIC / АТЛАС КОНКОРД ЭТИК - современный керамический паркет (керамогранит) для жилых интерьеров. КЕРАМОТЕКА.,На складе,$$$,https://www.keramoteka.ru/upload/uf/3ab/keramoteka-atlas-concorde-etic.pdf,ХИТ,Напольная плитка / Керамогранит,Rovere,"22,5X90 СМ",AJ8D,./temp_files/img/ATLAS CONCORDE_ETIC_Rovere.jpg
ATLAS CONCORDE,./temp_files/logo/ATLAS CONCORDE.png,"atlas concorde, атлас конкорд, плитка atlas concorde, керамогранит atlas concorde, плитка, керамогранит, atlas concord, плитка конкорд, плитка atlas, поставщик, атлас конкорд италия, атлас конкорд сайт","Каталог керамической плитки и керамогранита ATLAS CONCORDE / АТЛАС КОНКОРД (Италия) от прямого поставщика КЕРАМОТЕКА. Низкие цены, скидки. Оптовые и розничные продажи. Материал в наличии.",ATLAS CONCORDE / АТЛАС КОНКОРД (Италия) Керамическая плитка и керамогранит от прямого поставщика - компании КЕРАМОТЕКА,Италия,ETIC,"atlas concorde etic, атлас конкорд этик, керамогранит etic, rovere, ulivo, noce, palissandro, rovere bianco, rovere grigio, ebano, напольная плитка, керамогранит, керамический паркет, купить, поставщик, скидки, цены",Каталог керамического гранита Atlas Concorde Etic / Атлас Конкорд Этик от прямого поставщика КЕРАМОТЕКА. Привлекательные цены и скидки. Опт и розница. В наличии.,ATLAS CONCORDE ETIC / АТЛАС КОНКОРД ЭТИК - современный керамический паркет (керамогранит) для жилых интерьеров. КЕРАМОТЕКА.,На складе,$$$,https://www.keramoteka.ru/upload/uf/3ab/keramoteka-atlas-concorde-etic.pdf,ХИТ,Напольная плитка / Керамогранит,Rovere,15X90 СМ,AJ8P,./temp_files/img/ATLAS CONCORDE_ETIC_Rovere.jpg
ATLAS CONCORDE,./temp_files/logo/ATLAS CONCORDE.png,"atlas concorde, атлас конкорд, плитка atlas concorde, керамогранит atlas concorde, плитка, керамогранит, atlas concord, плитка конкорд, плитка atlas, поставщик, атлас конкорд италия, атлас конкорд сайт","Каталог керамической плитки и керамогранита ATLAS CONCORDE / АТЛАС КОНКОРД (Италия) от прямого поставщика КЕРАМОТЕКА. Низкие цены, скидки. Оптовые и розничные продажи. Материал в наличии.",ATLAS CONCORDE / АТЛАС КОНКОРД (Италия) Керамическая плитка и керамогранит от прямого поставщика - компании КЕРАМОТЕКА,Италия,ETIC,"atlas concorde etic, атлас конкорд этик, керамогранит etic, rovere, ulivo, noce, palissandro, rovere bianco, rovere grigio, ebano, напольная плитка, керамогранит, керамический паркет, купить, поставщик, скидки, цены",Каталог керамического гранита Atlas Concorde Etic / Атлас Конкорд Этик от прямого поставщика КЕРАМОТЕКА. Привлекательные цены и скидки. Опт и розница. В наличии.,ATLAS CONCORDE ETIC / АТЛАС КОНКОРД ЭТИК - современный керамический паркет (керамогранит) для жилых интерьеров. КЕРАМОТЕКА.,На складе,$$$,https://www.keramoteka.ru/upload/uf/3ab/keramoteka-atlas-concorde-etic.pdf,ХИТ,Напольная плитка / Керамогранит,Rovere,11X90 СМ,AJ8J,./temp_files/img/ATLAS CONCORDE_ETIC_Rovere.jpg
ATLAS CONCORDE,./temp_files/logo/ATLAS CONCORDE.png,"atlas concorde, атлас конкорд, плитка atlas concorde, керамогранит atlas concorde, плитка, керамогранит, atlas concord, плитка конкорд, плитка atlas, поставщик, атлас конкорд италия, атлас конкорд сайт","Каталог керамической плитки и керамогранита ATLAS CONCORDE / АТЛАС КОНКОРД (Италия) от прямого поставщика КЕРАМОТЕКА. Низкие цены, скидки. Оптовые и розничные продажи. Материал в наличии.",ATLAS CONCORDE / АТЛАС КОНКОРД (Италия) Керамическая плитка и керамогранит от прямого поставщика - компании КЕРАМОТЕКА,Италия,ETIC,"atlas concorde etic, атлас конкорд этик, керамогранит etic, rovere, ulivo, noce, palissandro, rovere bianco, rovere grigio, ebano, напольная плитка, керамогранит, керамический паркет, купить, поставщик, скидки, цены",Каталог керамического гранита Atlas Concorde Etic / Атлас Конкорд Этик от прямого поставщика КЕРАМОТЕКА. Привлекательные цены и скидки. Опт и розница. В наличии.,ATLAS CONCORDE ETIC / АТЛАС КОНКОРД ЭТИК - современный керамический паркет (керамогранит) для жилых интерьеров. КЕРАМОТЕКА.,На складе,$$$,https://www.keramoteka.ru/upload/uf/3ab/keramoteka-atlas-concorde-etic.pdf,ХИТ,Напольная плитка / Керамогранит,Rovere Strutturato Структурированный,"22,5X90 СМ",AJ8Y,./temp_files/img/ATLAS CONCORDE_ETIC_Rovere Strutturato Структурированный.jpg
ATLAS CONCORDE,./temp_files/logo/ATLAS CONCORDE.png,"atlas concorde, атлас конкорд, плитка atlas concorde, керамогранит atlas concorde, плитка, керамогранит, atlas concord, плитка конкорд, плитка atlas, поставщик, атлас конкорд италия, атлас конкорд сайт","Каталог керамической плитки и керамогранита ATLAS CONCORDE / АТЛАС КОНКОРД (Италия) от прямого поставщика КЕРАМОТЕКА. Низкие цены, скидки. Оптовые и розничные продажи. Материал в наличии.",ATLAS CONCORDE / АТЛАС КОНКОРД (Италия) Керамическая плитка и керамогранит от прямого поставщика - компании КЕРАМОТЕКА,Италия,ETIC,"atlas concorde etic, атлас конкорд этик, керамогранит etic, rovere, ulivo, noce, palissandro, rovere bianco, rovere grigio, ebano, напольная плитка, керамогранит, керамический паркет, купить, поставщик, скидки, цены",Каталог керамического гранита Atlas Concorde Etic / Атлас Конкорд Этик от прямого поставщика КЕРАМОТЕКА. Привлекательные цены и скидки. Опт и розница. В наличии.,ATLAS CONCORDE ETIC / АТЛАС КОНКОРД ЭТИК - современный керамический паркет (керамогранит) для жилых интерьеров. КЕРАМОТЕКА.,На складе,$$$,https://www.keramoteka.ru/upload/uf/3ab/keramoteka-atlas-concorde-etic.pdf,ХИТ,Напольная плитка / Керамогранит,Noce,"22,5X90 СМ",AJ8F,./temp_files/img/ATLAS CONCORDE_ETIC_Noce.jpg
ATLAS CONCORDE,./temp_files/logo/ATLAS CONCORDE.png,"atlas concorde, атлас конкорд, плитка atlas concorde, керамогранит atlas concorde, плитка, керамогранит, atlas concord, плитка конкорд, плитка atlas, поставщик, атлас конкорд италия, атлас конкорд сайт","Каталог керамической плитки и керамогранита ATLAS CONCORDE / АТЛАС КОНКОРД (Италия) от прямого поставщика КЕРАМОТЕКА. Низкие цены, скидки. Оптовые и розничные продажи. Материал в наличии.",ATLAS CONCORDE / АТЛАС КОНКОРД (Италия) Керамическая плитка и керамогранит от прямого поставщика - компании КЕРАМОТЕКА,Италия,ETIC,"atlas concorde etic, атлас конкорд этик, керамогранит etic, rovere, ulivo, noce, palissandro, rovere bianco, rovere grigio, ebano, напольная плитка, керамогранит, керамический паркет, купить, поставщик, скидки, цены",Каталог керамического гранита Atlas Concorde Etic / Атлас Конкорд Этик от прямого поставщика КЕРАМОТЕКА. Привлекательные цены и скидки. Опт и розница. В наличии.,ATLAS CONCORDE ETIC / АТЛАС КОНКОРД ЭТИК - современный керамический паркет (керамогранит) для жилых интерьеров. КЕРАМОТЕКА.,На складе,$$$,https://www.keramoteka.ru/upload/uf/3ab/keramoteka-atlas-concorde-etic.pdf,ХИТ,Напольная плитка / Керамогранит,Noce,15X90 СМ,AJ8N,./temp_files/img/ATLAS CONCORDE_ETIC_Noce.jpg
ATLAS CONCORDE,./temp_files/logo/ATLAS CONCORDE.png,"atlas concorde, атлас конкорд, плитка atlas concorde, керамогранит atlas concorde, плитка, керамогранит, atlas concord, плитка конкорд, плитка atlas, поставщик, атлас конкорд италия, атлас конкорд сайт","Каталог керамической плитки и керамогранита ATLAS CONCORDE / АТЛАС КОНКОРД (Италия) от прямого поставщика КЕРАМОТЕКА. Низкие цены, скидки. Оптовые и розничные продажи. Материал в наличии.",ATLAS CONCORDE / АТЛАС КОНКОРД (Италия) Керамическая плитка и керамогранит от прямого поставщика - компании КЕРАМОТЕКА,Италия,ETIC,"atlas concorde etic, атлас конкорд этик, керамогранит etic, rovere, ulivo, noce, palissandro, rovere bianco, rovere grigio, ebano, напольная плитка, керамогранит, керамический паркет, купить, поставщик, скидки, цены",Каталог керамического гранита Atlas Concorde Etic / Атлас Конкорд Этик от прямого поставщика КЕРАМОТЕКА. Привлекательные цены и скидки. Опт и розница. В наличии.,ATLAS CONCORDE ETIC / АТЛАС КОНКОРД ЭТИК - современный керамический паркет (керамогранит) для жилых интерьеров. КЕРАМОТЕКА.,На складе,$$$,https://www.keramoteka.ru/upload/uf/3ab/keramoteka-atlas-concorde-etic.pdf,ХИТ,Напольная плитка / Керамогранит,Noce,11X90 СМ,AJ8K,./temp_files/img/ATLAS CONCORDE_ETIC_Noce.jpg
ATLAS CONCORDE,./temp_files/logo/ATLAS CONCORDE.png,"atlas concorde, атлас конкорд, плитка atlas concorde, керамогранит atlas concorde, плитка, керамогранит, atlas concord, плитка конкорд, плитка atlas, поставщик, атлас конкорд италия, атлас конкорд сайт","Каталог керамической плитки и керамогранита ATLAS CONCORDE / АТЛАС КОНКОРД (Италия) от прямого поставщика КЕРАМОТЕКА. Низкие цены, скидки. Оптовые и розничные продажи. Материал в наличии.",ATLAS CONCORDE / АТЛАС КОНКОРД (Италия) Керамическая плитка и керамогранит от прямого поставщика - компании КЕРАМОТЕКА,Италия,ETIC,"atlas concorde etic, атлас конкорд этик, керамогранит etic, rovere, ulivo, noce, palissandro, rovere bianco, rovere grigio, ebano, напольная плитка, керамогранит, керамический паркет, купить, поставщик, скидки, цены",Каталог керамического гранита Atlas Concorde Etic / Атлас Конкорд Этик от прямого поставщика КЕРАМОТЕКА. Привлекательные цены и скидки. Опт и розница. В наличии.,ATLAS CONCORDE ETIC / АТЛАС КОНКОРД ЭТИК - современный керамический паркет (керамогранит) для жилых интерьеров. КЕРАМОТЕКА.,На складе,$$$,https://www.keramoteka.ru/upload/uf/3ab/keramoteka-atlas-concorde-etic.pdf,ХИТ,Напольная плитка / Керамогранит,Noce Strutturato Структурированный,"22,5X90 СМ",AJ8U,./temp_files/img/ATLAS CONCORDE_ETIC_Noce Strutturato Структурированный.jpg
ATLAS CONCORDE,./temp_files/logo/ATLAS CONCORDE.png,"atlas concorde, атлас конкорд, плитка atlas concorde, керамогранит atlas concorde, плитка, керамогранит, atlas concord, плитка конкорд, плитка atlas, поставщик, атлас конкорд италия, атлас конкорд сайт","Каталог керамической плитки и керамогранита ATLAS CONCORDE / АТЛАС КОНКОРД (Италия) от прямого поставщика КЕРАМОТЕКА. Низкие цены, скидки. Оптовые и розничные продажи. Материал в наличии.",ATLAS CONCORDE / АТЛАС КОНКОРД (Италия) Керамическая плитка и керамогранит от прямого поставщика - компании КЕРАМОТЕКА,Италия,ETIC,"atlas concorde etic, атлас конкорд этик, керамогранит etic, rovere, ulivo, noce, palissandro, rovere bianco, rovere grigio, ebano, напольная плитка, керамогранит, керамический паркет, купить, поставщик, скидки, цены",Каталог керамического гранита Atlas Concorde Etic / Атлас Конкорд Этик от прямого поставщика КЕРАМОТЕКА. Привлекательные цены и скидки. Опт и розница. В наличии.,ATLAS CONCORDE ETIC / АТЛАС КОНКОРД ЭТИК - современный керамический паркет (керамогранит) для жилых интерьеров. КЕРАМОТЕКА.,На складе,$$$,https://www.keramoteka.ru/upload/uf/3ab/keramoteka-atlas-concorde-etic.pdf,ХИТ,Напольная плитка / Керамогранит,Palissandro,"22,5X90 СМ",AJ8G,./temp_files/img/ATLAS CONCORDE_ETIC_Palissandro.jpg
ATLAS CONCORDE,./temp_files/logo/ATLAS CONCORDE.png,"atlas concorde, атлас конкорд, плитка atlas concorde, керамогранит atlas concorde, плитка, керамогранит, atlas concord, плитка конкорд, плитка atlas, поставщик, атлас конкорд италия, атлас конкорд сайт","Каталог керамической плитки и керамогранита ATLAS CONCORDE / АТЛАС КОНКОРД (Италия) от прямого поставщика КЕРАМОТЕКА. Низкие цены, скидки. Оптовые и розничные продажи. Материал в наличии.",ATLAS CONCORDE / АТЛАС КОНКОРД (Италия) Керамическая плитка и керамогранит от прямого поставщика - компании КЕРАМОТЕКА,Италия,ETIC,"atlas concorde etic, атлас конкорд этик, керамогранит etic, rovere, ulivo, noce, palissandro, rovere bianco, rovere grigio, ebano, напольная плитка, керамогранит, керамический паркет, купить, поставщик, скидки, цены",Каталог керамического гранита Atlas Concorde Etic / Атлас Конкорд Этик от прямого поставщика КЕРАМОТЕКА. Привлекательные цены и скидки. Опт и розница. В наличии.,ATLAS CONCORDE ETIC / АТЛАС КОНКОРД ЭТИК - современный керамический паркет (керамогранит) для жилых интерьеров. КЕРАМОТЕКА.,На складе,$$$,https://www.keramoteka.ru/upload/uf/3ab/keramoteka-atlas-concorde-etic.pdf,ХИТ,Напольная плитка / Керамогранит,Palissandro,15X90 СМ,AJ8Q,./temp_files/img/ATLAS CONCORDE_ETIC_Palissandro.jpg
ATLAS CONCORDE,./temp_files/logo/ATLAS CONCORDE.png,"atlas concorde, атлас конкорд, плитка atlas concorde, керамогранит atlas concorde, плитка, керамогранит, atlas concord, плитка конкорд, плитка atlas, поставщик, атлас конкорд италия, атлас конкорд сайт","Каталог керамической плитки и керамогранита ATLAS CONCORDE / АТЛАС КОНКОРД (Италия) от прямого поставщика КЕРАМОТЕКА. Низкие цены, скидки. Оптовые и розничные продажи. Материал в наличии.",ATLAS CONCORDE / АТЛАС КОНКОРД (Италия) Керамическая плитка и керамогранит от прямого поставщика - компании КЕРАМОТЕКА,Италия,ETIC,"atlas concorde etic, атлас конкорд этик, керамогранит etic, rovere, ulivo, noce, palissandro, rovere bianco, rovere grigio, ebano, напольная плитка, керамогранит, керамический паркет, купить, поставщик, скидки, цены",Каталог керамического гранита Atlas Concorde Etic / Атлас Конкорд Этик от прямого поставщика КЕРАМОТЕКА. Привлекательные цены и скидки. Опт и розница. В наличии.,ATLAS CONCORDE ETIC / АТЛАС КОНКОРД ЭТИК - современный керамический паркет (керамогранит) для жилых интерьеров. КЕРАМОТЕКА.,На складе,$$$,https://www.keramoteka.ru/upload/uf/3ab/keramoteka-atlas-concorde-etic.pdf,ХИТ,Напольная плитка / Керамогранит,Palissandro,11X90 СМ,AJ8L,./temp_files/img/ATLAS CONCORDE_ETIC_Palissandro.jpg
ATLAS CONCORDE,./temp_files/logo/ATLAS CONCORDE.png,"atlas concorde, атлас конкорд, плитка atlas concorde, керамогранит atlas concorde, плитка, керамогранит, atlas concord, плитка конкорд, плитка atlas, поставщик, атлас конкорд италия, атлас конкорд сайт","Каталог керамической плитки и керамогранита ATLAS CONCORDE / АТЛАС КОНКОРД (Италия) от прямого поставщика КЕРАМОТЕКА. Низкие цены, скидки. Оптовые и розничные продажи. Материал в наличии.",ATLAS CONCORDE / АТЛАС КОНКОРД (Италия) Керамическая плитка и керамогранит от прямого поставщика - компании КЕРАМОТЕКА,Италия,ETIC,"atlas concorde etic, атлас конкорд этик, керамогранит etic, rovere, ulivo, noce, palissandro, rovere bianco, rovere grigio, ebano, напольная плитка, керамогранит, керамический паркет, купить, поставщик, скидки, цены",Каталог керамического гранита Atlas Concorde Etic / Атлас Конкорд Этик от прямого поставщика КЕРАМОТЕКА. Привлекательные цены и скидки. Опт и розница. В наличии.,ATLAS CONCORDE ETIC / АТЛАС КОНКОРД ЭТИК - современный керамический паркет (керамогранит) для жилых интерьеров. КЕРАМОТЕКА.,На складе,$$$,https://www.keramoteka.ru/upload/uf/3ab/keramoteka-atlas-concorde-etic.pdf,ХИТ,Напольная плитка / Керамогранит,Palissandro Strutturato Структурированный,"22,5X90 СМ",AJ80,./temp_files/img/ATLAS CONCORDE_ETIC_Palissandro Strutturato Структурированный.jpg
ATLAS CONCORDE,./temp_files/logo/ATLAS CONCORDE.png,"atlas concorde, атлас конкорд, плитка atlas concorde, керамогранит atlas concorde, плитка, керамогранит, atlas concord, плитка конкорд, плитка atlas, поставщик, атлас конкорд италия, атлас конкорд сайт","Каталог керамической плитки и керамогранита ATLAS CONCORDE / АТЛАС КОНКОРД (Италия) от прямого поставщика КЕРАМОТЕКА. Низкие цены, скидки. Оптовые и розничные продажи. Материал в наличии.",ATLAS CONCORDE / АТЛАС КОНКОРД (Италия) Керамическая плитка и керамогранит от прямого поставщика - компании КЕРАМОТЕКА,Италия,ETIC,"atlas concorde etic, атлас конкорд этик, керамогранит etic, rovere, ulivo, noce, palissandro, rovere bianco, rovere grigio, ebano, напольная плитка, керамогранит, керамический паркет, купить, поставщик, скидки, цены",Каталог керамического гранита Atlas Concorde Etic / Атлас Конкорд Этик от прямого поставщика КЕРАМОТЕКА. Привлекательные цены и скидки. Опт и розница. В наличии.,ATLAS CONCORDE ETIC / АТЛАС КОНКОРД ЭТИК - современный керамический паркет (керамогранит) для жилых интерьеров. КЕРАМОТЕКА.,На складе,$$$,https://www.keramoteka.ru/upload/uf/3ab/keramoteka-atlas-concorde-etic.pdf,ХИТ,Напольная плитка / Керамогранит,Ulivo,"22,5X90 СМ",AJ8E,./temp_files/img/ATLAS CONCORDE_ETIC_Ulivo.jpg
ATLAS CONCORDE,./temp_files/logo/ATLAS CONCORDE.png,"atlas concorde, атлас конкорд, плитка atlas concorde, керамогранит atlas concorde, плитка, керамогранит, atlas concord, плитка конкорд, плитка atlas, поставщик, атлас конкорд италия, атлас конкорд сайт","Каталог керамической плитки и керамогранита ATLAS CONCORDE / АТЛАС КОНКОРД (Италия) от прямого поставщика КЕРАМОТЕКА. Низкие цены, скидки. Оптовые и розничные продажи. Материал в наличии.",ATLAS CONCORDE / АТЛАС КОНКОРД (Италия) Керамическая плитка и керамогранит от прямого поставщика - компании КЕРАМОТЕКА,Италия,ETIC,"atlas concorde etic, атлас конкорд этик, керамогранит etic, rovere, ulivo, noce, palissandro, rovere bianco, rovere grigio, ebano, напольная плитка, керамогранит, керамический паркет, купить, поставщик, скидки, цены",Каталог керамического гранита Atlas Concorde Etic / Атлас Конкорд Этик от прямого поставщика КЕРАМОТЕКА. Привлекательные цены и скидки. Опт и розница. В наличии.,ATLAS CONCORDE ETIC / АТЛАС КОНКОРД ЭТИК - современный керамический паркет (керамогранит) для жилых интерьеров. КЕРАМОТЕКА.,На складе,$$$,https://www.keramoteka.ru/upload/uf/3ab/keramoteka-atlas-concorde-etic.pdf,ХИТ,Напольная плитка / Керамогранит,Ulivo,15X90 СМ,AJ8O,./temp_files/img/ATLAS CONCORDE_ETIC_Ulivo.jpg
ATLAS CONCORDE,./temp_files/logo/ATLAS CONCORDE.png,"atlas concorde, атлас конкорд, плитка atlas concorde, керамогранит atlas concorde, плитка, керамогранит, atlas concord, плитка конкорд, плитка atlas, поставщик, атлас конкорд италия, атлас конкорд сайт","Каталог керамической плитки и керамогранита ATLAS CONCORDE / АТЛАС КОНКОРД (Италия) от прямого поставщика КЕРАМОТЕКА. Низкие цены, скидки. Оптовые и розничные продажи. Материал в наличии.",ATLAS CONCORDE / АТЛАС КОНКОРД (Италия) Керамическая плитка и керамогранит от прямого поставщика - компании КЕРАМОТЕКА,Италия,ETIC,"atlas concorde etic, атлас конкорд этик, керамогранит etic, rovere, ulivo, noce, palissandro, rovere bianco, rovere grigio, ebano, напольная плитка, керамогранит, керамический паркет, купить, поставщик, скидки, цены",Каталог керамического гранита Atlas Concorde Etic / Атлас Конкорд Этик от прямого поставщика КЕРАМОТЕКА. Привлекательные цены и скидки. Опт и розница. В наличии.,ATLAS CONCORDE ETIC / АТЛАС КОНКОРД ЭТИК - современный керамический паркет (керамогранит) для жилых интерьеров. КЕРАМОТЕКА.,На складе,$$$,https://www.keramoteka.ru/upload/uf/3ab/keramoteka-atlas-concorde-etic.pdf,ХИТ,Напольная плитка / Керамогранит,Ulivo,11X90 СМ,AJ8M,./temp_files/img/ATLAS CONCORDE_ETIC_Ulivo.jpg
ATLAS CONCORDE,./temp_files/logo/ATLAS CONCORDE.png,"atlas concorde, атлас конкорд, плитка atlas concorde, керамогранит atlas concorde, плитка, керамогранит, atlas concord, плитка конкорд, плитка atlas, поставщик, атлас конкорд италия, атлас конкорд сайт","Каталог керамической плитки и керамогранита ATLAS CONCORDE / АТЛАС КОНКОРД (Италия) от прямого поставщика КЕРАМОТЕКА. Низкие цены, скидки. Оптовые и розничные продажи. Материал в наличии.",ATLAS CONCORDE / АТЛАС КОНКОРД (Италия) Керамическая плитка и керамогранит от прямого поставщика - компании КЕРАМОТЕКА,Италия,ETIC,"atlas concorde etic, атлас конкорд этик, керамогранит etic, rovere, ulivo, noce, palissandro, rovere bianco, rovere grigio, ebano, напольная плитка, керамогранит, керамический паркет, купить, поставщик, скидки, цены",Каталог керамического гранита Atlas Concorde Etic / Атлас Конкорд Этик от прямого поставщика КЕРАМОТЕКА. Привлекательные цены и скидки. Опт и розница. В наличии.,ATLAS CONCORDE ETIC / АТЛАС КОНКОРД ЭТИК - современный керамический паркет (керамогранит) для жилых интерьеров. КЕРАМОТЕКА.,На складе,$$$,https://www.keramoteka.ru/upload/uf/3ab/keramoteka-atlas-concorde-etic.pdf,ХИТ,Напольная плитка / Керамогранит,Ulivo Strutturato Структурированный,"22,5X90 СМ",AJ8Z,./temp_files/img/ATLAS CONCORDE_ETIC_Ulivo Strutturato Структурированный.jpg
ATLAS CONCORDE,./temp_files/logo/ATLAS CONCORDE.png,"atlas concorde, атлас конкорд, плитка atlas concorde, керамогранит atlas concorde, плитка, керамогранит, atlas concord, плитка конкорд, плитка atlas, поставщик, атлас конкорд италия, атлас конкорд сайт","Каталог керамической плитки и керамогранита ATLAS CONCORDE / АТЛАС КОНКОРД (Италия) от прямого поставщика КЕРАМОТЕКА. Низкие цены, скидки. Оптовые и розничные продажи. Материал в наличии.",ATLAS CONCORDE / АТЛАС КОНКОРД (Италия) Керамическая плитка и керамогранит от прямого поставщика - компании КЕРАМОТЕКА,Италия,ETIC,"atlas concorde etic, атлас конкорд этик, керамогранит etic, rovere, ulivo, noce, palissandro, rovere bianco, rovere grigio, ebano, напольная плитка, керамогранит, керамический паркет, купить, поставщик, скидки, цены",Каталог керамического гранита Atlas Concorde Etic / Атлас Конкорд Этик от прямого поставщика КЕРАМОТЕКА. Привлекательные цены и скидки. Опт и розница. В наличии.,ATLAS CONCORDE ETIC / АТЛАС КОНКОРД ЭТИК - современный керамический паркет (керамогранит) для жилых интерьеров. КЕРАМОТЕКА.,На складе,$$$,https://www.keramoteka.ru/upload/uf/3ab/keramoteka-atlas-concorde-etic.pdf,ХИТ,Напольная плитка / Керамогранит,Rovere Bianco,"22,5X90 СМ",AJ78,./temp_files/img/ATLAS CONCORDE_ETIC_Rovere Bianco.jpg
ATLAS CONCORDE,./temp_files/logo/ATLAS CONCORDE.png,"atlas concorde, атлас конкорд, плитка atlas concorde, керамогранит atlas concorde, плитка, керамогранит, atlas concord, плитка конкорд, плитка atlas, поставщик, атлас конкорд италия, атлас конкорд сайт","Каталог керамической плитки и керамогранита ATLAS CONCORDE / АТЛАС КОНКОРД (Италия) от прямого поставщика КЕРАМОТЕКА. Низкие цены, скидки. Оптовые и розничные продажи. Материал в наличии.",ATLAS CONCORDE / АТЛАС КОНКОРД (Италия) Керамическая плитка и керамогранит от прямого поставщика - компании КЕРАМОТЕКА,Италия,ETIC,"atlas concorde etic, атлас конкорд этик, керамогранит etic, rovere, ulivo, noce, palissandro, rovere bianco, rovere grigio, ebano, напольная плитка, керамогранит, керамический паркет, купить, поставщик, скидки, цены",Каталог керамического гранита Atlas Concorde Etic / Атлас Конкорд Этик от прямого поставщика КЕРАМОТЕКА. Привлекательные цены и скидки. Опт и розница. В наличии.,ATLAS CONCORDE ETIC / АТЛАС КОНКОРД ЭТИК - современный керамический паркет (керамогранит) для жилых интерьеров. КЕРАМОТЕКА.,На складе,$$$,https://www.keramoteka.ru/upload/uf/3ab/keramoteka-atlas-concorde-etic.pdf,ХИТ,Напольная плитка / Керамогранит,Rovere Bianco,15X90 СМ,AJ68,./temp_files/img/ATLAS CONCORDE_ETIC_Rovere Bianco.jpg
ATLAS CONCORDE,./temp_files/logo/ATLAS CONCORDE.png,"atlas concorde, атлас конкорд, плитка atlas concorde, керамогранит atlas concorde, плитка, керамогранит, atlas concord, плитка конкорд, плитка atlas, поставщик, атлас конкорд италия, атлас конкорд сайт","Каталог керамической плитки и керамогранита ATLAS CONCORDE / АТЛАС КОНКОРД (Италия) от прямого поставщика КЕРАМОТЕКА. Низкие цены, скидки. Оптовые и розничные продажи. Материал в наличии.",ATLAS CONCORDE / АТЛАС КОНКОРД (Италия) Керамическая плитка и керамогранит от прямого поставщика - компании КЕРАМОТЕКА,Италия,ETIC,"atlas concorde etic, атлас конкорд этик, керамогранит etic, rovere, ulivo, noce, palissandro, rovere bianco, rovere grigio, ebano, напольная плитка, керамогранит, керамический паркет, купить, поставщик, скидки, цены",Каталог керамического гранита Atlas Concorde Etic / Атлас Конкорд Этик от прямого поставщика КЕРАМОТЕКА. Привлекательные цены и скидки. Опт и розница. В наличии.,ATLAS CONCORDE ETIC / АТЛАС КОНКОРД ЭТИК - современный керамический паркет (керамогранит) для жилых интерьеров. КЕРАМОТЕКА.,На складе,$$$,https://www.keramoteka.ru/upload/uf/3ab/keramoteka-atlas-concorde-etic.pdf,ХИТ,Напольная плитка / Керамогранит,Rovere Bianco,11X90 СМ,AJ65,./temp_files/img/ATLAS CONCORDE_ETIC_Rovere Bianco.jpg
ATLAS CONCORDE,./temp_files/logo/ATLAS CONCORDE.png,"atlas concorde, атлас конкорд, плитка atlas concorde, керамогранит atlas concorde, плитка, керамогранит, atlas concord, плитка конкорд, плитка atlas, поставщик, атлас конкорд италия, атлас конкорд сайт","Каталог керамической плитки и керамогранита ATLAS CONCORDE / АТЛАС КОНКОРД (Италия) от прямого поставщика КЕРАМОТЕКА. Низкие цены, скидки. Оптовые и розничные продажи. Материал в наличии.",ATLAS CONCORDE / АТЛАС КОНКОРД (Италия) Керамическая плитка и керамогранит от прямого поставщика - компании КЕРАМОТЕКА,Италия,ETIC,"atlas concorde etic, атлас конкорд этик, керамогранит etic, rovere, ulivo, noce, palissandro, rovere bianco, rovere grigio, ebano, напольная плитка, керамогранит, керамический паркет, купить, поставщик, скидки, цены",Каталог керамического гранита Atlas Concorde Etic / Атлас Конкорд Этик от прямого поставщика КЕРАМОТЕКА. Привлекательные цены и скидки. Опт и розница. В наличии.,ATLAS CONCORDE ETIC / АТЛАС КОНКОРД ЭТИК - современный керамический паркет (керамогранит) для жилых интерьеров. КЕРАМОТЕКА.,На складе,$$$,https://www.keramoteka.ru/upload/uf/3ab/keramoteka-atlas-concorde-etic.pdf,ХИТ,Напольная плитка / Керамогранит,Rovere Bianco Strutturato Структурированный,"22,5X90 СМ",AJ8R,./temp_files/img/ATLAS CONCORDE_ETIC_Rovere Bianco Strutturato Структурированный.jpg
ATLAS CONCORDE,./temp_files/logo/ATLAS CONCORDE.png,"atlas concorde, атлас конкорд, плитка atlas concorde, керамогранит atlas concorde, плитка, керамогранит, atlas concord, плитка конкорд, плитка atlas, поставщик, атлас конкорд италия, атлас конкорд сайт","Каталог керамической плитки и керамогранита ATLAS CONCORDE / АТЛАС КОНКОРД (Италия) от прямого поставщика КЕРАМОТЕКА. Низкие цены, скидки. Оптовые и розничные продажи. Материал в наличии.",ATLAS CONCORDE / АТЛАС КОНКОРД (Италия) Керамическая плитка и керамогранит от прямого поставщика - компании КЕРАМОТЕКА,Италия,ETIC,"atlas concorde etic, атлас конкорд этик, керамогранит etic, rovere, ulivo, noce, palissandro, rovere bianco, rovere grigio, ebano, напольная плитка, керамогранит, керамический паркет, купить, поставщик, скидки, цены",Каталог керамического гранита Atlas Concorde Etic / Атлас Конкорд Этик от прямого поставщика КЕРАМОТЕКА. Привлекательные цены и скидки. Опт и розница. В наличии.,ATLAS CONCORDE ETIC / АТЛАС КОНКОРД ЭТИК - современный керамический паркет (керамогранит) для жилых интерьеров. КЕРАМОТЕКА.,На складе,$$$,https://www.keramoteka.ru/upload/uf/3ab/keramoteka-atlas-concorde-etic.pdf,ХИТ,Напольная плитка / Керамогранит,Rovere Grigio,"22,5X90 СМ",AJ8H,./temp_files/img/ATLAS CONCORDE_ETIC_Rovere Grigio.jpg
ATLAS CONCORDE,./temp_files/logo/ATLAS CONCORDE.png,"atlas concorde, атлас конкорд, плитка atlas concorde, керамогранит atlas concorde, плитка, керамогранит, atlas concord, плитка конкорд, плитка atlas, поставщик, атлас конкорд италия, атлас конкорд сайт","Каталог керамической плитки и керамогранита ATLAS CONCORDE / АТЛАС КОНКОРД (Италия) от прямого поставщика КЕРАМОТЕКА. Низкие цены, скидки. Оптовые и розничные продажи. Материал в наличии.",ATLAS CONCORDE / АТЛАС КОНКОРД (Италия) Керамическая плитка и керамогранит от прямого поставщика - компании КЕРАМОТЕКА,Италия,ETIC,"atlas concorde etic, атлас конкорд этик, керамогранит etic, rovere, ulivo, noce, palissandro, rovere bianco, rovere grigio, ebano, напольная плитка, керамогранит, керамический паркет, купить, поставщик, скидки, цены",Каталог керамического гранита Atlas Concorde Etic / Атлас Конкорд Этик от прямого поставщика КЕРАМОТЕКА. Привлекательные цены и скидки. Опт и розница. В наличии.,ATLAS CONCORDE ETIC / АТЛАС КОНКОРД ЭТИК - современный керамический паркет (керамогранит) для жилых интерьеров. КЕРАМОТЕКА.,На складе,$$$,https://www.keramoteka.ru/upload/uf/3ab/keramoteka-atlas-concorde-etic.pdf,ХИТ,Напольная плитка / Керамогранит,Rovere Grigio,15X90 СМ,AJ69,./temp_files/img/ATLAS CONCORDE_ETIC_Rovere Grigio.jpg
ATLAS CONCORDE,./temp_files/logo/ATLAS CONCORDE.png,"atlas concorde, атлас конкорд, плитка atlas concorde, керамогранит atlas concorde, плитка, керамогранит, atlas concord, плитка конкорд, плитка atlas, поставщик, атлас конкорд италия, атлас конкорд сайт","Каталог керамической плитки и керамогранита ATLAS CONCORDE / АТЛАС КОНКОРД (Италия) от прямого поставщика КЕРАМОТЕКА. Низкие цены, скидки. Оптовые и розничные продажи. Материал в наличии.",ATLAS CONCORDE / АТЛАС КОНКОРД (Италия) Керамическая плитка и керамогранит от прямого поставщика - компании КЕРАМОТЕКА,Италия,ETIC,"atlas concorde etic, атлас конкорд этик, керамогранит etic, rovere, ulivo, noce, palissandro, rovere bianco, rovere grigio, ebano, напольная плитка, керамогранит, керамический паркет, купить, поставщик, скидки, цены",Каталог керамического гранита Atlas Concorde Etic / Атлас Конкорд Этик от прямого поставщика КЕРАМОТЕКА. Привлекательные цены и скидки. Опт и розница. В наличии.,ATLAS CONCORDE ETIC / АТЛАС КОНКОРД ЭТИК - современный керамический паркет (керамогранит) для жилых интерьеров. КЕРАМОТЕКА.,На складе,$$$,https://www.keramoteka.ru/upload/uf/3ab/keramoteka-atlas-concorde-etic.pdf,ХИТ,Напольная плитка / Керамогранит,Rovere Grigio,11X90 СМ,AJ66,./temp_files/img/ATLAS CONCORDE_ETIC_Rovere Grigio.jpg
ATLAS CONCORDE,./temp_files/logo/ATLAS CONCORDE.png,"atlas concorde, атлас конкорд, плитка atlas concorde, керамогранит atlas concorde, плитка, керамогранит, atlas concord, плитка конкорд, плитка atlas, поставщик, атлас конкорд италия, атлас конкорд сайт","Каталог керамической плитки и керамогранита ATLAS CONCORDE / АТЛАС КОНКОРД (Италия) от прямого поставщика КЕРАМОТЕКА. Низкие цены, скидки. Оптовые и розничные продажи. Материал в наличии.",ATLAS CONCORDE / АТЛАС КОНКОРД (Италия) Керамическая плитка и керамогранит от прямого поставщика - компании КЕРАМОТЕКА,Италия,ETIC,"atlas concorde etic, атлас конкорд этик, керамогранит etic, rovere, ulivo, noce, palissandro, rovere bianco, rovere grigio, ebano, напольная плитка, керамогранит, керамический паркет, купить, поставщик, скидки, цены",Каталог керамического гранита Atlas Concorde Etic / Атлас Конкорд Этик от прямого поставщика КЕРАМОТЕКА. Привлекательные цены и скидки. Опт и розница. В наличии.,ATLAS CONCORDE ETIC / АТЛАС КОНКОРД ЭТИК - современный керамический паркет (керамогранит) для жилых интерьеров. КЕРАМОТЕКА.,На складе,$$$,https://www.keramoteka.ru/upload/uf/3ab/keramoteka-atlas-concorde-etic.pdf,ХИТ,Напольная плитка / Керамогранит,Rovere Grigio Strutturato Структурированный,"22,5X90 СМ",AJ8S,./temp_files/img/ATLAS CONCORDE_ETIC_Rovere Grigio Strutturato Структурированный.jpg
ATLAS CONCORDE,./temp_files/logo/ATLAS CONCORDE.png,"atlas concorde, атлас конкорд, плитка atlas concorde, керамогранит atlas concorde, плитка, керамогранит, atlas concord, плитка конкорд, плитка atlas, поставщик, атлас конкорд италия, атлас конкорд сайт","Каталог керамической плитки и керамогранита ATLAS CONCORDE / АТЛАС КОНКОРД (Италия) от прямого поставщика КЕРАМОТЕКА. Низкие цены, скидки. Оптовые и розничные продажи. Материал в наличии.",ATLAS CONCORDE / АТЛАС КОНКОРД (Италия) Керамическая плитка и керамогранит от прямого поставщика - компании КЕРАМОТЕКА,Италия,ETIC,"atlas concorde etic, атлас конкорд этик, керамогранит etic, rovere, ulivo, noce, palissandro, rovere bianco, rovere grigio, ebano, напольная плитка, керамогранит, керамический паркет, купить, поставщик, скидки, цены",Каталог керамического гранита Atlas Concorde Etic / Атлас Конкорд Этик от прямого поставщика КЕРАМОТЕКА. Привлекательные цены и скидки. Опт и розница. В наличии.,ATLAS CONCORDE ETIC / АТЛАС КОНКОРД ЭТИК - современный керамический паркет (керамогранит) для жилых интерьеров. КЕРАМОТЕКА.,На складе,$$$,https://www.keramoteka.ru/upload/uf/3ab/keramoteka-atlas-concorde-etic.pdf,ХИТ,Напольная плитка / Керамогранит,Ebano,"22,5X90 СМ",AJ8I,./temp_files/img/ATLAS CONCORDE_ETIC_Ebano.jpg
ATLAS CONCORDE,./temp_files/logo/ATLAS CONCORDE.png,"atlas concorde, атлас конкорд, плитка atlas concorde, керамогранит atlas concorde, плитка, керамогранит, atlas concord, плитка конкорд, плитка atlas, поставщик, атлас конкорд италия, атлас конкорд сайт","Каталог керамической плитки и керамогранита ATLAS CONCORDE / АТЛАС КОНКОРД (Италия) от прямого поставщика КЕРАМОТЕКА. Низкие цены, скидки. Оптовые и розничные продажи. Материал в наличии.",ATLAS CONCORDE / АТЛАС КОНКОРД (Италия) Керамическая плитка и керамогранит от прямого поставщика - компании КЕРАМОТЕКА,Италия,ETIC,"atlas concorde etic, атлас конкорд этик, керамогранит etic, rovere, ulivo, noce, palissandro, rovere bianco, rovere grigio, ebano, напольная плитка, керамогранит, керамический паркет, купить, поставщик, скидки, цены",Каталог керамического гранита Atlas Concorde Etic / Атлас Конкорд Этик от прямого поставщика КЕРАМОТЕКА. Привлекательные цены и скидки. Опт и розница. В наличии.,ATLAS CONCORDE ETIC / АТЛАС КОНКОРД ЭТИК - современный керамический паркет (керамогранит) для жилых интерьеров. КЕРАМОТЕКА.,На складе,$$$,https://www.keramoteka.ru/upload/uf/3ab/keramoteka-atlas-concorde-etic.pdf,ХИТ,Напольная плитка / Керамогранит,Ebano,15X90 СМ,AJ7A,./temp_files/img/ATLAS CONCORDE_ETIC_Ebano.jpg
ATLAS CONCORDE,./temp_files/logo/ATLAS CONCORDE.png,"atlas concorde, атлас конкорд, плитка atlas concorde, керамогранит atlas concorde, плитка, керамогранит, atlas concord, плитка конкорд, плитка atlas, поставщик, атлас конкорд италия, атлас конкорд сайт","Каталог керамической плитки и керамогранита ATLAS CONCORDE / АТЛАС КОНКОРД (Италия) от прямого поставщика КЕРАМОТЕКА. Низкие цены, скидки. Оптовые и розничные продажи. Материал в наличии.",ATLAS CONCORDE / АТЛАС КОНКОРД (Италия) Керамическая плитка и керамогранит от прямого поставщика - компании КЕРАМОТЕКА,Италия,ETIC,"atlas concorde etic, атлас конкорд этик, керамогранит etic, rovere, ulivo, noce, palissandro, rovere bianco, rovere grigio, ebano, напольная плитка, керамогранит, керамический паркет, купить, поставщик, скидки, цены",Каталог керамического гранита Atlas Concorde Etic / Атлас Конкорд Этик от прямого поставщика КЕРАМОТЕКА. Привлекательные цены и скидки. Опт и розница. В наличии.,ATLAS CONCORDE ETIC / АТЛАС КОНКОРД ЭТИК - современный керамический паркет (керамогранит) для жилых интерьеров. КЕРАМОТЕКА.,На складе,$$$,https://www.keramoteka.ru/upload/uf/3ab/keramoteka-atlas-concorde-etic.pdf,ХИТ,Напольная плитка / Керамогранит,Ebano,11X90 СМ,AJ67,./temp_files/img/ATLAS CONCORDE_ETIC_Ebano.jpg
ATLAS CONCORDE,./temp_files/logo/ATLAS CONCORDE.png,"atlas concorde, атлас конкорд, плитка atlas concorde, керамогранит atlas concorde, плитка, керамогранит, atlas concord, плитка конкорд, плитка atlas, поставщик, атлас конкорд италия, атлас конкорд сайт","Каталог керамической плитки и керамогранита ATLAS CONCORDE / АТЛАС КОНКОРД (Италия) от прямого поставщика КЕРАМОТЕКА. Низкие цены, скидки. Оптовые и розничные продажи. Материал в наличии.",ATLAS CONCORDE / АТЛАС КОНКОРД (Италия) Керамическая плитка и керамогранит от прямого поставщика - компании КЕРАМОТЕКА,Италия,ETIC,"atlas concorde etic, атлас конкорд этик, керамогранит etic, rovere, ulivo, noce, palissandro, rovere bianco, rovere grigio, ebano, напольная плитка, керамогранит, керамический паркет, купить, поставщик, скидки, цены",Каталог керамического гранита Atlas Concorde Etic / Атлас Конкорд Этик от прямого поставщика КЕРАМОТЕКА. Привлекательные цены и скидки. Опт и розница. В наличии.,ATLAS CONCORDE ETIC / АТЛАС КОНКОРД ЭТИК - современный керамический паркет (керамогранит) для жилых интерьеров. КЕРАМОТЕКА.,На складе,$$$,https://www.keramoteka.ru/upload/uf/3ab/keramoteka-atlas-concorde-etic.pdf,ХИТ,Напольная плитка / Керамогранит,Ebano Strutturato Структурированный,"22,5X90 СМ",AJ8T,./temp_files/img/ATLAS CONCORDE_ETIC_Ebano Strutturato Структурированный.jpg
ATLAS CONCORDE,./temp_files/logo/ATLAS CONCORDE.png,"atlas concorde, атлас конкорд, плитка atlas concorde, керамогранит atlas concorde, плитка, керамогранит, atlas concord, плитка конкорд, плитка atlas, поставщик, атлас конкорд италия, атлас конкорд сайт","Каталог керамической плитки и керамогранита ATLAS CONCORDE / АТЛАС КОНКОРД (Италия) от прямого поставщика КЕРАМОТЕКА. Низкие цены, скидки. Оптовые и розничные продажи. Материал в наличии.",ATLAS CONCORDE / АТЛАС КОНКОРД (Италия) Керамическая плитка и керамогранит от прямого поставщика - компании КЕРАМОТЕКА,Италия,ETIC,"atlas concorde etic, атлас конкорд этик, керамогранит etic, rovere, ulivo, noce, palissandro, rovere bianco, rovere grigio, ebano, напольная плитка, керамогранит, керамический паркет, купить, поставщик, скидки, цены",Каталог керамического гранита Atlas Concorde Etic / Атлас Конкорд Этик от прямого поставщика КЕРАМОТЕКА. Привлекательные цены и скидки. Опт и розница. В наличии.,ATLAS CONCORDE ETIC / АТЛАС КОНКОРД ЭТИК - современный керамический паркет (керамогранит) для жилых интерьеров. КЕРАМОТЕКА.,На складе,$$$,https://www.keramoteka.ru/upload/uf/3ab/keramoteka-atlas-concorde-etic.pdf,ХИТ,Напольная плитка / Керамогранит,Rovere Tatami,"22,5X90 СМ",AM8D,./temp_files/img/ATLAS CONCORDE_ETIC_Rovere Tatami.jpg
ATLAS CONCORDE,./temp_files/logo/ATLAS CONCORDE.png,"atlas concorde, атлас конкорд, плитка atlas concorde, керамогранит atlas concorde, плитка, керамогранит, atlas concord, плитка конкорд, плитка atlas, поставщик, атлас конкорд италия, атлас конкорд сайт","Каталог керамической плитки и керамогранита ATLAS CONCORDE / АТЛАС КОНКОРД (Италия) от прямого поставщика КЕРАМОТЕКА. Низкие цены, скидки. Оптовые и розничные продажи. Материал в наличии.",ATLAS CONCORDE / АТЛАС КОНКОРД (Италия) Керамическая плитка и керамогранит от прямого поставщика - компании КЕРАМОТЕКА,Италия,ETIC,"atlas concorde etic, атлас конкорд этик, керамогранит etic, rovere, ulivo, noce, palissandro, rovere bianco, rovere grigio, ebano, напольная плитка, керамогранит, керамический паркет, купить, поставщик, скидки, цены",Каталог керамического гранита Atlas Concorde Etic / Атлас Конкорд Этик от прямого поставщика КЕРАМОТЕКА. Привлекательные цены и скидки. Опт и розница. В наличии.,ATLAS CONCORDE ETIC / АТЛАС КОНКОРД ЭТИК - современный керамический паркет (керамогранит) для жилых интерьеров. КЕРАМОТЕКА.,На складе,$$$,https://www.keramoteka.ru/upload/uf/3ab/keramoteka-atlas-concorde-etic.pdf,ХИТ,Напольная плитка / Керамогранит,Noce Tatami,"22,5X90 СМ",AM8F,./temp_files/img/ATLAS CONCORDE_ETIC_Noce Tatami.jpg
ATLAS CONCORDE,./temp_files/logo/ATLAS CONCORDE.png,"atlas concorde, атлас конкорд, плитка atlas concorde, керамогранит atlas concorde, плитка, керамогранит, atlas concord, плитка конкорд, плитка atlas, поставщик, атлас конкорд италия, атлас конкорд сайт","Каталог керамической плитки и керамогранита ATLAS CONCORDE / АТЛАС КОНКОРД (Италия) от прямого поставщика КЕРАМОТЕКА. Низкие цены, скидки. Оптовые и розничные продажи. Материал в наличии.",ATLAS CONCORDE / АТЛАС КОНКОРД (Италия) Керамическая плитка и керамогранит от прямого поставщика - компании КЕРАМОТЕКА,Италия,ETIC,"atlas concorde etic, атлас конкорд этик, керамогранит etic, rovere, ulivo, noce, palissandro, rovere bianco, rovere grigio, ebano, напольная плитка, керамогранит, керамический паркет, купить, поставщик, скидки, цены",Каталог керамического гранита Atlas Concorde Etic / Атлас Конкорд Этик от прямого поставщика КЕРАМОТЕКА. Привлекательные цены и скидки. Опт и розница. В наличии.,ATLAS CONCORDE ETIC / АТЛАС КОНКОРД ЭТИК - современный керамический паркет (керамогранит) для жилых интерьеров. КЕРАМОТЕКА.,На складе,$$$,https://www.keramoteka.ru/upload/uf/3ab/keramoteka-atlas-concorde-etic.pdf,ХИТ,Напольная плитка / Керамогранит,Palissandro Tatami,"22,5X90 СМ",AM8H,./temp_files/img/ATLAS CONCORDE_ETIC_Palissandro Tatami.jpg
ATLAS CONCORDE,./temp_files/logo/ATLAS CONCORDE.png,"atlas concorde, атлас конкорд, плитка atlas concorde, керамогранит atlas concorde, плитка, керамогранит, atlas concord, плитка конкорд, плитка atlas, поставщик, атлас конкорд италия, атлас конкорд сайт","Каталог керамической плитки и керамогранита ATLAS CONCORDE / АТЛАС КОНКОРД (Италия) от прямого поставщика КЕРАМОТЕКА. Низкие цены, скидки. Оптовые и розничные продажи. Материал в наличии.",ATLAS CONCORDE / АТЛАС КОНКОРД (Италия) Керамическая плитка и керамогранит от прямого поставщика - компании КЕРАМОТЕКА,Италия,ETIC,"atlas concorde etic, атлас конкорд этик, керамогранит etic, rovere, ulivo, noce, palissandro, rovere bianco, rovere grigio, ebano, напольная плитка, керамогранит, керамический паркет, купить, поставщик, скидки, цены",Каталог керамического гранита Atlas Concorde Etic / Атлас Конкорд Этик от прямого поставщика КЕРАМОТЕКА. Привлекательные цены и скидки. Опт и розница. В наличии.,ATLAS CONCORDE ETIC / АТЛАС КОНКОРД ЭТИК - современный керамический паркет (керамогранит) для жилых интерьеров. КЕРАМОТЕКА.,На складе,$$$,https://www.keramoteka.ru/upload/uf/3ab/keramoteka-atlas-concorde-etic.pdf,ХИТ,Напольная плитка / Керамогранит,Ulivo Tatami,"22,5X90 СМ",AM8E,./temp_files/img/ATLAS CONCORDE_ETIC_Ulivo Tatami.jpg
ATLAS CONCORDE,./temp_files/logo/ATLAS CONCORDE.png,"atlas concorde, атлас конкорд, плитка atlas concorde, керамогранит atlas concorde, плитка, керамогранит, atlas concord, плитка конкорд, плитка atlas, поставщик, атлас конкорд италия, атлас конкорд сайт","Каталог керамической плитки и керамогранита ATLAS CONCORDE / АТЛАС КОНКОРД (Италия) от прямого поставщика КЕРАМОТЕКА. Низкие цены, скидки. Оптовые и розничные продажи. Материал в наличии.",ATLAS CONCORDE / АТЛАС КОНКОРД (Италия) Керамическая плитка и керамогранит от прямого поставщика - компании КЕРАМОТЕКА,Италия,ETIC,"atlas concorde etic, атлас конкорд этик, керамогранит etic, rovere, ulivo, noce, palissandro, rovere bianco, rovere grigio, ebano, напольная плитка, керамогранит, керамический паркет, купить, поставщик, скидки, цены",Каталог керамического гранита Atlas Concorde Etic / Атлас Конкорд Этик от прямого поставщика КЕРАМОТЕКА. Привлекательные цены и скидки. Опт и розница. В наличии.,ATLAS CONCORDE ETIC / АТЛАС КОНКОРД ЭТИК - современный керамический паркет (керамогранит) для жилых интерьеров. КЕРАМОТЕКА.,На складе,$$$,https://www.keramoteka.ru/upload/uf/3ab/keramoteka-atlas-concorde-etic.pdf,ХИТ,Напольная плитка / Керамогранит,Rovere Bianco Tatami,"22,5X90 СМ",AM8C,./temp_files/img/ATLAS CONCORDE_ETIC_Rovere Bianco Tatami.jpg
ATLAS CONCORDE,./temp_files/logo/ATLAS CONCORDE.png,"atlas concorde, атлас конкорд, плитка atlas concorde, керамогранит atlas concorde, плитка, керамогранит, atlas concord, плитка конкорд, плитка atlas, поставщик, атлас конкорд италия, атлас конкорд сайт","Каталог керамической плитки и керамогранита ATLAS CONCORDE / АТЛАС КОНКОРД (Италия) от прямого поставщика КЕРАМОТЕКА. Низкие цены, скидки. Оптовые и розничные продажи. Материал в наличии.",ATLAS CONCORDE / АТЛАС КОНКОРД (Италия) Керамическая плитка и керамогранит от прямого поставщика - компании КЕРАМОТЕКА,Италия,ETIC,"atlas concorde etic, атлас конкорд этик, керамогранит etic, rovere, ulivo, noce, palissandro, rovere bianco, rovere grigio, ebano, напольная плитка, керамогранит, керамический паркет, купить, поставщик, скидки, цены",Каталог керамического гранита Atlas Concorde Etic / Атлас Конкорд Этик от прямого поставщика КЕРАМОТЕКА. Привлекательные цены и скидки. Опт и розница. В наличии.,ATLAS CONCORDE ETIC / АТЛАС КОНКОРД ЭТИК - современный керамический паркет (керамогранит) для жилых интерьеров. КЕРАМОТЕКА.,На складе,$$$,https://www.keramoteka.ru/upload/uf/3ab/keramoteka-atlas-concorde-etic.pdf,ХИТ,Напольная плитка / Керамогранит,Rovere Grigio Tatami,"22,5X90 СМ",AM8G,./temp_files/img/ATLAS CONCORDE_ETIC_Rovere Grigio Tatami.jpg
ATLAS CONCORDE,./temp_files/logo/ATLAS CONCORDE.png,"atlas concorde, атлас конкорд, плитка atlas concorde, керамогранит atlas concorde, плитка, керамогранит, atlas concord, плитка конкорд, плитка atlas, поставщик, атлас конкорд италия, атлас конкорд сайт","Каталог керамической плитки и керамогранита ATLAS CONCORDE / АТЛАС КОНКОРД (Италия) от прямого поставщика КЕРАМОТЕКА. Низкие цены, скидки. Оптовые и розничные продажи. Материал в наличии.",ATLAS CONCORDE / АТЛАС КОНКОРД (Италия) Керамическая плитка и керамогранит от прямого поставщика - компании КЕРАМОТЕКА,Италия,ETIC,"atlas concorde etic, атлас конкорд этик, керамогранит etic, rovere, ulivo, noce, palissandro, rovere bianco, rovere grigio, ebano, напольная плитка, керамогранит, керамический паркет, купить, поставщик, скидки, цены",Каталог керамического гранита Atlas Concorde Etic / Атлас Конкорд Этик от прямого поставщика КЕРАМОТЕКА. Привлекательные цены и скидки. Опт и розница. В наличии.,ATLAS CONCORDE ETIC / АТЛАС КОНКОРД ЭТИК - современный керамический паркет (керамогранит) для жилых интерьеров. КЕРАМОТЕКА.,На складе,$$$,https://www.keramoteka.ru/upload/uf/3ab/keramoteka-atlas-concorde-etic.pdf,ХИТ,Напольная плитка / Керамогранит,Ebano Tatami,"22,5X90 СМ",AM8I,./temp_files/img/ATLAS CONCORDE_ETIC_Ebano Tatami.jpg
ATLAS CONCORDE,./temp_files/logo/ATLAS CONCORDE.png,"atlas concorde, атлас конкорд, плитка atlas concorde, керамогранит atlas concorde, плитка, керамогранит, atlas concord, плитка конкорд, плитка atlas, поставщик, атлас конкорд италия, атлас конкорд сайт","Каталог керамической плитки и керамогранита ATLAS CONCORDE / АТЛАС КОНКОРД (Италия) от прямого поставщика КЕРАМОТЕКА. Низкие цены, скидки. Оптовые и розничные продажи. Материал в наличии.",ATLAS CONCORDE / АТЛАС КОНКОРД (Италия) Керамическая плитка и керамогранит от прямого поставщика - компании КЕРАМОТЕКА,Италия,ETIC,"atlas concorde etic, атлас конкорд этик, керамогранит etic, rovere, ulivo, noce, palissandro, rovere bianco, rovere grigio, ebano, напольная плитка, керамогранит, керамический паркет, купить, поставщик, скидки, цены",Каталог керамического гранита Atlas Concorde Etic / Атлас Конкорд Этик от прямого поставщика КЕРАМОТЕКА. Привлекательные цены и скидки. Опт и розница. В наличии.,ATLAS CONCORDE ETIC / АТЛАС КОНКОРД ЭТИК - современный керамический паркет (керамогранит) для жилых интерьеров. КЕРАМОТЕКА.,На складе,$$$,https://www.keramoteka.ru/upload/uf/3ab/keramoteka-atlas-concorde-etic.pdf,ХИТ,Декоративные элементы для пола,Rovere Cassettone,45X45 СМ,AM8K,./temp_files/img/ATLAS CONCORDE_ETIC_Rovere Cassettone.jpg
ATLAS CONCORDE,./temp_files/logo/ATLAS CONCORDE.png,"atlas concorde, атлас конкорд, плитка atlas concorde, керамогранит atlas concorde, плитка, керамогранит, atlas concord, плитка конкорд, плитка atlas, поставщик, атлас конкорд италия, атлас конкорд сайт","Каталог керамической плитки и керамогранита ATLAS CONCORDE / АТЛАС КОНКОРД (Италия) от прямого поставщика КЕРАМОТЕКА. Низкие цены, скидки. Оптовые и розничные продажи. Материал в наличии.",ATLAS CONCORDE / АТЛАС КОНКОРД (Италия) Керамическая плитка и керамогранит от прямого поставщика - компании КЕРАМОТЕКА,Италия,ETIC,"atlas concorde etic, атлас конкорд этик, керамогранит etic, rovere, ulivo, noce, palissandro, rovere bianco, rovere grigio, ebano, напольная плитка, керамогранит, керамический паркет, купить, поставщик, скидки, цены",Каталог керамического гранита Atlas Concorde Etic / Атлас Конкорд Этик от прямого поставщика КЕРАМОТЕКА. Привлекательные цены и скидки. Опт и розница. В наличии.,ATLAS CONCORDE ETIC / АТЛАС КОНКОРД ЭТИК - современный керамический паркет (керамогранит) для жилых интерьеров. КЕРАМОТЕКА.,На складе,$$$,https://www.keramoteka.ru/upload/uf/3ab/keramoteka-atlas-concorde-etic.pdf,ХИТ,Декоративные элементы для пола,Noce Cassettone,45X45 СМ,AM8M,./temp_files/img/ATLAS CONCORDE_ETIC_Noce Cassettone.jpg
ATLAS CONCORDE,./temp_files/logo/ATLAS CONCORDE.png,"atlas concorde, атлас конкорд, плитка atlas concorde, керамогранит atlas concorde, плитка, керамогранит, atlas concord, плитка конкорд, плитка atlas, поставщик, атлас конкорд италия, атлас конкорд сайт","Каталог керамической плитки и керамогранита ATLAS CONCORDE / АТЛАС КОНКОРД (Италия) от прямого поставщика КЕРАМОТЕКА. Низкие цены, скидки. Оптовые и розничные продажи. Материал в наличии.",ATLAS CONCORDE / АТЛАС КОНКОРД (Италия) Керамическая плитка и керамогранит от прямого поставщика - компании КЕРАМОТЕКА,Италия,ETIC,"atlas concorde etic, атлас конкорд этик, керамогранит etic, rovere, ulivo, noce, palissandro, rovere bianco, rovere grigio, ebano, напольная плитка, керамогранит, керамический паркет, купить, поставщик, скидки, цены",Каталог керамического гранита Atlas Concorde Etic / Атлас Конкорд Этик от прямого поставщика КЕРАМОТЕКА. Привлекательные цены и скидки. Опт и розница. В наличии.,ATLAS CONCORDE ETIC / АТЛАС КОНКОРД ЭТИК - современный керамический паркет (керамогранит) для жилых интерьеров. КЕРАМОТЕКА.,На складе,$$$,https://www.keramoteka.ru/upload/uf/3ab/keramoteka-atlas-concorde-etic.pdf,ХИТ,Декоративные элементы для пола,Palissandro Cassettone,45X45 СМ,AM8O,./temp_files/img/ATLAS CONCORDE_ETIC_Palissandro Cassettone.jpg
ATLAS CONCORDE,./temp_files/logo/ATLAS CONCORDE.png,"atlas concorde, атлас конкорд, плитка atlas concorde, керамогранит atlas concorde, плитка, керамогранит, atlas concord, плитка конкорд, плитка atlas, поставщик, атлас конкорд италия, атлас конкорд сайт","Каталог керамической плитки и керамогранита ATLAS CONCORDE / АТЛАС КОНКОРД (Италия) от прямого поставщика КЕРАМОТЕКА. Низкие цены, скидки. Оптовые и розничные продажи. Материал в наличии.",ATLAS CONCORDE / АТЛАС КОНКОРД (Италия) Керамическая плитка и керамогранит от прямого поставщика - компании КЕРАМОТЕКА,Италия,ETIC,"atlas concorde etic, атлас конкорд этик, керамогранит etic, rovere, ulivo, noce, palissandro, rovere bianco, rovere grigio, ebano, напольная плитка, керамогранит, керамический паркет, купить, поставщик, скидки, цены",Каталог керамического гранита Atlas Concorde Etic / Атлас Конкорд Этик от прямого поставщика КЕРАМОТЕКА. Привлекательные цены и скидки. Опт и розница. В наличии.,ATLAS CONCORDE ETIC / АТЛАС КОНКОРД ЭТИК - современный керамический паркет (керамогранит) для жилых интерьеров. КЕРАМОТЕКА.,На складе,$$$,https://www.keramoteka.ru/upload/uf/3ab/keramoteka-atlas-concorde-etic.pdf,ХИТ,Декоративные элементы для пола,Ulivo Cassettone,45X45 СМ,AM8L,./temp_files/img/ATLAS CONCORDE_ETIC_Ulivo Cassettone.jpg
ATLAS CONCORDE,./temp_files/logo/ATLAS CONCORDE.png,"atlas concorde, атлас конкорд, плитка atlas concorde, керамогранит atlas concorde, плитка, керамогранит, atlas concord, плитка конкорд, плитка atlas, поставщик, атлас конкорд италия, атлас конкорд сайт","Каталог керамической плитки и керамогранита ATLAS CONCORDE / АТЛАС КОНКОРД (Италия) от прямого поставщика КЕРАМОТЕКА. Низкие цены, скидки. Оптовые и розничные продажи. Материал в наличии.",ATLAS CONCORDE / АТЛАС КОНКОРД (Италия) Керамическая плитка и керамогранит от прямого поставщика - компании КЕРАМОТЕКА,Италия,ETIC,"atlas concorde etic, атлас конкорд этик, керамогранит etic, rovere, ulivo, noce, palissandro, rovere bianco, rovere grigio, ebano, напольная плитка, керамогранит, керамический паркет, купить, поставщик, скидки, цены",Каталог керамического гранита Atlas Concorde Etic / Атлас Конкорд Этик от прямого поставщика КЕРАМОТЕКА. Привлекательные цены и скидки. Опт и розница. В наличии.,ATLAS CONCORDE ETIC / АТЛАС КОНКОРД ЭТИК - современный керамический паркет (керамогранит) для жилых интерьеров. КЕРАМОТЕКА.,На складе,$$$,https://www.keramoteka.ru/upload/uf/3ab/keramoteka-atlas-concorde-etic.pdf,ХИТ,Декоративные элементы для пола,Rovere Bianco Cassettone,45X45 СМ,AM8J,./temp_files/img/ATLAS CONCORDE_ETIC_Rovere Bianco Cassettone.jpg
ATLAS CONCORDE,./temp_files/logo/ATLAS CONCORDE.png,"atlas concorde, атлас конкорд, плитка atlas concorde, керамогранит atlas concorde, плитка, керамогранит, atlas concord, плитка конкорд, плитка atlas, поставщик, атлас конкорд италия, атлас конкорд сайт","Каталог керамической плитки и керамогранита ATLAS CONCORDE / АТЛАС КОНКОРД (Италия) от прямого поставщика КЕРАМОТЕКА. Низкие цены, скидки. Оптовые и розничные продажи. Материал в наличии.",ATLAS CONCORDE / АТЛАС КОНКОРД (Италия) Керамическая плитка и керамогранит от прямого поставщика - компании КЕРАМОТЕКА,Италия,ETIC,"atlas concorde etic, атлас конкорд этик, керамогранит etic, rovere, ulivo, noce, palissandro, rovere bianco, rovere grigio, ebano, напольная плитка, керамогранит, керамический паркет, купить, поставщик, скидки, цены",Каталог керамического гранита Atlas Concorde Etic / Атлас Конкорд Этик от прямого поставщика КЕРАМОТЕКА. Привлекательные цены и скидки. Опт и розница. В наличии.,ATLAS CONCORDE ETIC / АТЛАС КОНКОРД ЭТИК - современный керамический паркет (керамогранит) для жилых интерьеров. КЕРАМОТЕКА.,На складе,$$$,https://www.keramoteka.ru/upload/uf/3ab/keramoteka-atlas-concorde-etic.pdf,ХИТ,Декоративные элементы для пола,Rovere Grigio Cassettone,45X45 СМ,AM8N,./temp_files/img/ATLAS CONCORDE_ETIC_Rovere Grigio Cassettone.jpg
ATLAS CONCORDE,./temp_files/logo/ATLAS CONCORDE.png,"atlas concorde, атлас конкорд, плитка atlas concorde, керамогранит atlas concorde, плитка, керамогранит, atlas concord, плитка конкорд, плитка atlas, поставщик, атлас конкорд италия, атлас конкорд сайт","Каталог керамической плитки и керамогранита ATLAS CONCORDE / АТЛАС КОНКОРД (Италия) от прямого поставщика КЕРАМОТЕКА. Низкие цены, скидки. Оптовые и розничные продажи. Материал в наличии.",ATLAS CONCORDE / АТЛАС КОНКОРД (Италия) Керамическая плитка и керамогранит от прямого поставщика - компании КЕРАМОТЕКА,Италия,ETIC,"atlas concorde etic, атлас конкорд этик, керамогранит etic, rovere, ulivo, noce, palissandro, rovere bianco, rovere grigio, ebano, напольная плитка, керамогранит, керамический паркет, купить, поставщик, скидки, цены",Каталог керамического гранита Atlas Concorde Etic / Атлас Конкорд Этик от прямого поставщика КЕРАМОТЕКА. Привлекательные цены и скидки. Опт и розница. В наличии.,ATLAS CONCORDE ETIC / АТЛАС КОНКОРД ЭТИК - современный керамический паркет (керамогранит) для жилых интерьеров. КЕРАМОТЕКА.,На складе,$$$,https://www.keramoteka.ru/upload/uf/3ab/keramoteka-atlas-concorde-etic.pdf,ХИТ,Декоративные элементы для пола,Ebano Cassettone,45X45 СМ,AM8P,./temp_files/img/ATLAS CONCORDE_ETIC_Ebano Cassettone.jpg
ATLAS CONCORDE,./temp_files/logo/ATLAS CONCORDE.png,"atlas concorde, атлас конкорд, плитка atlas concorde, керамогранит atlas concorde, плитка, керамогранит, atlas concord, плитка конкорд, плитка atlas, поставщик, атлас конкорд италия, атлас конкорд сайт","Каталог керамической плитки и керамогранита ATLAS CONCORDE / АТЛАС КОНКОРД (Италия) от прямого поставщика КЕРАМОТЕКА. Низкие цены, скидки. Оптовые и розничные продажи. Материал в наличии.",ATLAS CONCORDE / АТЛАС КОНКОРД (Италия) Керамическая плитка и керамогранит от прямого поставщика - компании КЕРАМОТЕКА,Италия,ETIC,"atlas concorde etic, атлас конкорд этик, керамогранит etic, rovere, ulivo, noce, palissandro, rovere bianco, rovere grigio, ebano, напольная плитка, керамогранит, керамический паркет, купить, поставщик, скидки, цены",Каталог керамического гранита Atlas Concorde Etic / Атлас Конкорд Этик от прямого поставщика КЕРАМОТЕКА. Привлекательные цены и скидки. Опт и розница. В наличии.,ATLAS CONCORDE ETIC / АТЛАС КОНКОРД ЭТИК - современный керамический паркет (керамогранит) для жилых интерьеров. КЕРАМОТЕКА.,На складе,$$$,https://www.keramoteka.ru/upload/uf/3ab/keramoteka-atlas-concorde-etic.pdf,ХИТ,Декоративные элементы для пола,Декоративная вставка Rovere Bottone,7X7 СМ,AM8R,./temp_files/img/ATLAS CONCORDE_ETIC_Декоративная вставка Rovere Bottone.jpg
ATLAS CONCORDE,./temp_files/logo/ATLAS CONCORDE.png,"atlas concorde, атлас конкорд, плитка atlas concorde, керамогранит atlas concorde, плитка, керамогранит, atlas concord, плитка конкорд, плитка atlas, поставщик, атлас конкорд италия, атлас конкорд сайт","Каталог керамической плитки и керамогранита ATLAS CONCORDE / АТЛАС КОНКОРД (Италия) от прямого поставщика КЕРАМОТЕКА. Низкие цены, скидки. Оптовые и розничные продажи. Материал в наличии.",ATLAS CONCORDE / АТЛАС КОНКОРД (Италия) Керамическая плитка и керамогранит от прямого поставщика - компании КЕРАМОТЕКА,Италия,ETIC,"atlas concorde etic, атлас конкорд этик, керамогранит etic, rovere, ulivo, noce, palissandro, rovere bianco, rovere grigio, ebano, напольная плитка, керамогранит, керамический паркет, купить, поставщик, скидки, цены",Каталог керамического гранита Atlas Concorde Etic / Атлас Конкорд Этик от прямого поставщика КЕРАМОТЕКА. Привлекательные цены и скидки. Опт и розница. В наличии.,ATLAS CONCORDE ETIC / АТЛАС КОНКОРД ЭТИК - современный керамический паркет (керамогранит) для жилых интерьеров. КЕРАМОТЕКА.,На складе,$$$,https://www.keramoteka.ru/upload/uf/3ab/keramoteka-atlas-concorde-etic.pdf,ХИТ,Декоративные элементы для пола,Декоративная вставка Noce Bottone,7X7 СМ,AM8T,./temp_files/img/ATLAS CONCORDE_ETIC_Декоративная вставка Noce Bottone.jpg
ATLAS CONCORDE,./temp_files/logo/ATLAS CONCORDE.png,"atlas concorde, атлас конкорд, плитка atlas concorde, керамогранит atlas concorde, плитка, керамогранит, atlas concord, плитка конкорд, плитка atlas, поставщик, атлас конкорд италия, атлас конкорд сайт","Каталог керамической плитки и керамогранита ATLAS CONCORDE / АТЛАС КОНКОРД (Италия) от прямого поставщика КЕРАМОТЕКА. Низкие цены, скидки. Оптовые и розничные продажи. Материал в наличии.",ATLAS CONCORDE / АТЛАС КОНКОРД (Италия) Керамическая плитка и керамогранит от прямого поставщика - компании КЕРАМОТЕКА,Италия,ETIC,"atlas concorde etic, атлас конкорд этик, керамогранит etic, rovere, ulivo, noce, palissandro, rovere bianco, rovere grigio, ebano, напольная плитка, керамогранит, керамический паркет, купить, поставщик, скидки, цены",Каталог керамического гранита Atlas Concorde Etic / Атлас Конкорд Этик от прямого поставщика КЕРАМОТЕКА. Привлекательные цены и скидки. Опт и розница. В наличии.,ATLAS CONCORDE ETIC / АТЛАС КОНКОРД ЭТИК - современный керамический паркет (керамогранит) для жилых интерьеров. КЕРАМОТЕКА.,На складе,$$$,https://www.keramoteka.ru/upload/uf/3ab/keramoteka-atlas-concorde-etic.pdf,ХИТ,Декоративные элементы для пола,Декоративная вставка Palissandro Bottone,7X7 СМ,AM8V,./temp_files/img/ATLAS CONCORDE_ETIC_Декоративная вставка Palissandro Bottone.jpg
ATLAS CONCORDE,./temp_files/logo/ATLAS CONCORDE.png,"atlas concorde, атлас конкорд, плитка atlas concorde, керамогранит atlas concorde, плитка, керамогранит, atlas concord, плитка конкорд, плитка atlas, поставщик, атлас конкорд италия, атлас конкорд сайт","Каталог керамической плитки и керамогранита ATLAS CONCORDE / АТЛАС КОНКОРД (Италия) от прямого поставщика КЕРАМОТЕКА. Низкие цены, скидки. Оптовые и розничные продажи. Материал в наличии.",ATLAS CONCORDE / АТЛАС КОНКОРД (Италия) Керамическая плитка и керамогранит от прямого поставщика - компании КЕРАМОТЕКА,Италия,ETIC,"atlas concorde etic, атлас конкорд этик, керамогранит etic, rovere, ulivo, noce, palissandro, rovere bianco, rovere grigio, ebano, напольная плитка, керамогранит, керамический паркет, купить, поставщик, скидки, цены",Каталог керамического гранита Atlas Concorde Etic / Атлас Конкорд Этик от прямого поставщика КЕРАМОТЕКА. Привлекательные цены и скидки. Опт и розница. В наличии.,ATLAS CONCORDE ETIC / АТЛАС КОНКОРД ЭТИК - современный керамический паркет (керамогранит) для жилых интерьеров. КЕРАМОТЕКА.,На складе,$$$,https://www.keramoteka.ru/upload/uf/3ab/keramoteka-atlas-concorde-etic.pdf,ХИТ,Декоративные элементы для пола,Декоративная вставка Ulivo Bottone,7X7 СМ,AM8S,./temp_files/img/ATLAS CONCORDE_ETIC_Декоративная вставка Ulivo Bottone.jpg
ATLAS CONCORDE,./temp_files/logo/ATLAS CONCORDE.png,"atlas concorde, атлас конкорд, плитка atlas concorde, керамогранит atlas concorde, плитка, керамогранит, atlas concord, плитка конкорд, плитка atlas, поставщик, атлас конкорд италия, атлас конкорд сайт","Каталог керамической плитки и керамогранита ATLAS CONCORDE / АТЛАС КОНКОРД (Италия) от прямого поставщика КЕРАМОТЕКА. Низкие цены, скидки. Оптовые и розничные продажи. Материал в наличии.",ATLAS CONCORDE / АТЛАС КОНКОРД (Италия) Керамическая плитка и керамогранит от прямого поставщика - компании КЕРАМОТЕКА,Италия,ETIC,"atlas concorde etic, атлас конкорд этик, керамогранит etic, rovere, ulivo, noce, palissandro, rovere bianco, rovere grigio, ebano, напольная плитка, керамогранит, керамический паркет, купить, поставщик, скидки, цены",Каталог керамического гранита Atlas Concorde Etic / Атлас Конкорд Этик от прямого поставщика КЕРАМОТЕКА. Привлекательные цены и скидки. Опт и розница. В наличии.,ATLAS CONCORDE ETIC / АТЛАС КОНКОРД ЭТИК - современный керамический паркет (керамогранит) для жилых интерьеров. КЕРАМОТЕКА.,На складе,$$$,https://www.keramoteka.ru/upload/uf/3ab/keramoteka-atlas-concorde-etic.pdf,ХИТ,Декоративные элементы для пола,Декоративная вставка Rovere Bianco Bottone,7X7 СМ,AM8Q,./temp_files/img/ATLAS CONCORDE_ETIC_Декоративная вставка Rovere Bianco Bottone.jpg
ATLAS CONCORDE,./temp_files/logo/ATLAS CONCORDE.png,"atlas concorde, атлас конкорд, плитка atlas concorde, керамогранит atlas concorde, плитка, керамогранит, atlas concord, плитка конкорд, плитка atlas, поставщик, атлас конкорд италия, атлас конкорд сайт","Каталог керамической плитки и керамогранита ATLAS CONCORDE / АТЛАС КОНКОРД (Италия) от прямого поставщика КЕРАМОТЕКА. Низкие цены, скидки. Оптовые и розничные продажи. Материал в наличии.",ATLAS CONCORDE / АТЛАС КОНКОРД (Италия) Керамическая плитка и керамогранит от прямого поставщика - компании КЕРАМОТЕКА,Италия,ETIC,"atlas concorde etic, атлас конкорд этик, керамогранит etic, rovere, ulivo, noce, palissandro, rovere bianco, rovere grigio, ebano, напольная плитка, керамогранит, керамический паркет, купить, поставщик, скидки, цены",Каталог керамического гранита Atlas Concorde Etic / Атлас Конкорд Этик от прямого поставщика КЕРАМОТЕКА. Привлекательные цены и скидки. Опт и розница. В наличии.,ATLAS CONCORDE ETIC / АТЛАС КОНКОРД ЭТИК - современный керамический паркет (керамогранит) для жилых интерьеров. КЕРАМОТЕКА.,На складе,$$$,https://www.keramoteka.ru/upload/uf/3ab/keramoteka-atlas-concorde-etic.pdf,ХИТ,Декоративные элементы для пола,Декоративная вставка Rovere Grigio Bottone,7X7 СМ,AM8U,./temp_files/img/ATLAS CONCORDE_ETIC_Декоративная вставка Rovere Grigio Bottone.jpg
ATLAS CONCORDE,./temp_files/logo/ATLAS CONCORDE.png,"atlas concorde, атлас конкорд, плитка atlas concorde, керамогранит atlas concorde, плитка, керамогранит, atlas concord, плитка конкорд, плитка atlas, поставщик, атлас конкорд италия, атлас конкорд сайт","Каталог керамической плитки и керамогранита ATLAS CONCORDE / АТЛАС КОНКОРД (Италия) от прямого поставщика КЕРАМОТЕКА. Низкие цены, скидки. Оптовые и розничные продажи. Материал в наличии.",ATLAS CONCORDE / АТЛАС КОНКОРД (Италия) Керамическая плитка и керамогранит от прямого поставщика - компании КЕРАМОТЕКА,Италия,ETIC,"atlas concorde etic, атлас конкорд этик, керамогранит etic, rovere, ulivo, noce, palissandro, rovere bianco, rovere grigio, ebano, напольная плитка, керамогранит, керамический паркет, купить, поставщик, скидки, цены",Каталог керамического гранита Atlas Concorde Etic / Атлас Конкорд Этик от прямого поставщика КЕРАМОТЕКА. Привлекательные цены и скидки. Опт и розница. В наличии.,ATLAS CONCORDE ETIC / АТЛАС КОНКОРД ЭТИК - современный керамический паркет (керамогранит) для жилых интерьеров. КЕРАМОТЕКА.,На складе,$$$,https://www.keramoteka.ru/upload/uf/3ab/keramoteka-atlas-concorde-etic.pdf,ХИТ,Декоративные элементы для пола,Декоративная вставка Ebano Bottone,7X7 СМ,AM8W,./temp_files/img/ATLAS CONCORDE_ETIC_Декоративная вставка Ebano Bottone.jpg
