ATLAS CONCORDE,./temp_files/logo/ATLAS CONCORDE.png,"atlas concorde, атлас конкорд, плитка atlas concorde, керамогранит atlas concorde, плитка, керамогранит, atlas concord, плитка конкорд, плитка atlas, поставщик, атлас конкорд италия, атлас конкорд сайт","Каталог керамической плитки и керамогранита ATLAS CONCORDE / АТЛАС КОНКОРД (Италия) от прямого поставщика КЕРАМОТЕКА. Низкие цены, скидки. Оптовые и розничные продажи. Материал в наличии.",ATLAS CONCORDE / АТЛАС КОНКОРД (Италия) Керамическая плитка и керамогранит от прямого поставщика - компании КЕРАМОТЕКА,Италия,BORD,"atlas concorde bord, атлас конкорд борд, керамогранит bord, sesame, cumin, cinnamon, nutmeg, salt, tamarindo, liquorice, напольная плитка, керамогранит, керамический паркет, купить, поставщик, скидки",Каталог керамического гранита (керамического паркета) ATLAS CONCORDE BORD / АТЛАС КОНКОРД БОРД от прямого поставщика КЕРАМОТЕКА. Опт и розница. В наличии. Скидки. Цены.,ATLAS CONCORDE BORD / АТЛАС КОНКОРД БОРД - керамический паркет (керамогранит) для современных жилых интерьеров. КЕРАМОТЕКА.,На складе,$$$,https://www.keramoteka.ru/upload/uf/043/keramoteka-atlas-concorde-arty-bord.pdf,Статус NHS - ОТСУТСВУЕТ,Напольная плитка / Керамогранит,Sesame,"22,5X90 СМ",ADFN,./temp_files/img/ATLAS CONCORDE_BORD_Sesame.jpg
ATLAS CONCORDE,./temp_files/logo/ATLAS CONCORDE.png,"atlas concorde, атлас конкорд, плитка atlas concorde, керамогранит atlas concorde, плитка, керамогранит, atlas concord, плитка конкорд, плитка atlas, поставщик, атлас конкорд италия, атлас конкорд сайт","Каталог керамической плитки и керамогранита ATLAS CONCORDE / АТЛАС КОНКОРД (Италия) от прямого поставщика КЕРАМОТЕКА. Низкие цены, скидки. Оптовые и розничные продажи. Материал в наличии.",ATLAS CONCORDE / АТЛАС КОНКОРД (Италия) Керамическая плитка и керамогранит от прямого поставщика - компании КЕРАМОТЕКА,Италия,BORD,"atlas concorde bord, атлас конкорд борд, керамогранит bord, sesame, cumin, cinnamon, nutmeg, salt, tamarindo, liquorice, напольная плитка, керамогранит, керамический паркет, купить, поставщик, скидки",Каталог керамического гранита (керамического паркета) ATLAS CONCORDE BORD / АТЛАС КОНКОРД БОРД от прямого поставщика КЕРАМОТЕКА. Опт и розница. В наличии. Скидки. Цены.,ATLAS CONCORDE BORD / АТЛАС КОНКОРД БОРД - керамический паркет (керамогранит) для современных жилых интерьеров. КЕРАМОТЕКА.,На складе,$$$,https://www.keramoteka.ru/upload/uf/043/keramoteka-atlas-concorde-arty-bord.pdf,Статус NHS - ОТСУТСВУЕТ,Напольная плитка / Керамогранит,Cumin,"22,5X90 СМ",ADFO,./temp_files/img/ATLAS CONCORDE_BORD_Cumin.jpg
ATLAS CONCORDE,./temp_files/logo/ATLAS CONCORDE.png,"atlas concorde, атлас конкорд, плитка atlas concorde, керамогранит atlas concorde, плитка, керамогранит, atlas concord, плитка конкорд, плитка atlas, поставщик, атлас конкорд италия, атлас конкорд сайт","Каталог керамической плитки и керамогранита ATLAS CONCORDE / АТЛАС КОНКОРД (Италия) от прямого поставщика КЕРАМОТЕКА. Низкие цены, скидки. Оптовые и розничные продажи. Материал в наличии.",ATLAS CONCORDE / АТЛАС КОНКОРД (Италия) Керамическая плитка и керамогранит от прямого поставщика - компании КЕРАМОТЕКА,Италия,BORD,"atlas concorde bord, атлас конкорд борд, керамогранит bord, sesame, cumin, cinnamon, nutmeg, salt, tamarindo, liquorice, напольная плитка, керамогранит, керамический паркет, купить, поставщик, скидки",Каталог керамического гранита (керамического паркета) ATLAS CONCORDE BORD / АТЛАС КОНКОРД БОРД от прямого поставщика КЕРАМОТЕКА. Опт и розница. В наличии. Скидки. Цены.,ATLAS CONCORDE BORD / АТЛАС КОНКОРД БОРД - керамический паркет (керамогранит) для современных жилых интерьеров. КЕРАМОТЕКА.,На складе,$$$,https://www.keramoteka.ru/upload/uf/043/keramoteka-atlas-concorde-arty-bord.pdf,Статус NHS - ОТСУТСВУЕТ,Напольная плитка / Керамогранит,Cinnamon,"22,5X90 СМ",ADFP,./temp_files/img/ATLAS CONCORDE_BORD_Cinnamon.jpg
ATLAS CONCORDE,./temp_files/logo/ATLAS CONCORDE.png,"atlas concorde, атлас конкорд, плитка atlas concorde, керамогранит atlas concorde, плитка, керамогранит, atlas concord, плитка конкорд, плитка atlas, поставщик, атлас конкорд италия, атлас конкорд сайт","Каталог керамической плитки и керамогранита ATLAS CONCORDE / АТЛАС КОНКОРД (Италия) от прямого поставщика КЕРАМОТЕКА. Низкие цены, скидки. Оптовые и розничные продажи. Материал в наличии.",ATLAS CONCORDE / АТЛАС КОНКОРД (Италия) Керамическая плитка и керамогранит от прямого поставщика - компании КЕРАМОТЕКА,Италия,BORD,"atlas concorde bord, атлас конкорд борд, керамогранит bord, sesame, cumin, cinnamon, nutmeg, salt, tamarindo, liquorice, напольная плитка, керамогранит, керамический паркет, купить, поставщик, скидки",Каталог керамического гранита (керамического паркета) ATLAS CONCORDE BORD / АТЛАС КОНКОРД БОРД от прямого поставщика КЕРАМОТЕКА. Опт и розница. В наличии. Скидки. Цены.,ATLAS CONCORDE BORD / АТЛАС КОНКОРД БОРД - керамический паркет (керамогранит) для современных жилых интерьеров. КЕРАМОТЕКА.,На складе,$$$,https://www.keramoteka.ru/upload/uf/043/keramoteka-atlas-concorde-arty-bord.pdf,Статус NHS - ОТСУТСВУЕТ,Напольная плитка / Керамогранит,Nutmeg,"22,5X90 СМ",ADFQ,./temp_files/img/ATLAS CONCORDE_BORD_Nutmeg.jpg
ATLAS CONCORDE,./temp_files/logo/ATLAS CONCORDE.png,"atlas concorde, атлас конкорд, плитка atlas concorde, керамогранит atlas concorde, плитка, керамогранит, atlas concord, плитка конкорд, плитка atlas, поставщик, атлас конкорд италия, атлас конкорд сайт","Каталог керамической плитки и керамогранита ATLAS CONCORDE / АТЛАС КОНКОРД (Италия) от прямого поставщика КЕРАМОТЕКА. Низкие цены, скидки. Оптовые и розничные продажи. Материал в наличии.",ATLAS CONCORDE / АТЛАС КОНКОРД (Италия) Керамическая плитка и керамогранит от прямого поставщика - компании КЕРАМОТЕКА,Италия,BORD,"atlas concorde bord, атлас конкорд борд, керамогранит bord, sesame, cumin, cinnamon, nutmeg, salt, tamarindo, liquorice, напольная плитка, керамогранит, керамический паркет, купить, поставщик, скидки",Каталог керамического гранита (керамического паркета) ATLAS CONCORDE BORD / АТЛАС КОНКОРД БОРД от прямого поставщика КЕРАМОТЕКА. Опт и розница. В наличии. Скидки. Цены.,ATLAS CONCORDE BORD / АТЛАС КОНКОРД БОРД - керамический паркет (керамогранит) для современных жилых интерьеров. КЕРАМОТЕКА.,На складе,$$$,https://www.keramoteka.ru/upload/uf/043/keramoteka-atlas-concorde-arty-bord.pdf,Статус NHS - ОТСУТСВУЕТ,Напольная плитка / Керамогранит,Salt,"22,5X90 СМ",ADFM,./temp_files/img/ATLAS CONCORDE_BORD_Salt.jpg
ATLAS CONCORDE,./temp_files/logo/ATLAS CONCORDE.png,"atlas concorde, атлас конкорд, плитка atlas concorde, керамогранит atlas concorde, плитка, керамогранит, atlas concord, плитка конкорд, плитка atlas, поставщик, атлас конкорд италия, атлас конкорд сайт","Каталог керамической плитки и керамогранита ATLAS CONCORDE / АТЛАС КОНКОРД (Италия) от прямого поставщика КЕРАМОТЕКА. Низкие цены, скидки. Оптовые и розничные продажи. Материал в наличии.",ATLAS CONCORDE / АТЛАС КОНКОРД (Италия) Керамическая плитка и керамогранит от прямого поставщика - компании КЕРАМОТЕКА,Италия,BORD,"atlas concorde bord, атлас конкорд борд, керамогранит bord, sesame, cumin, cinnamon, nutmeg, salt, tamarindo, liquorice, напольная плитка, керамогранит, керамический паркет, купить, поставщик, скидки",Каталог керамического гранита (керамического паркета) ATLAS CONCORDE BORD / АТЛАС КОНКОРД БОРД от прямого поставщика КЕРАМОТЕКА. Опт и розница. В наличии. Скидки. Цены.,ATLAS CONCORDE BORD / АТЛАС КОНКОРД БОРД - керамический паркет (керамогранит) для современных жилых интерьеров. КЕРАМОТЕКА.,На складе,$$$,https://www.keramoteka.ru/upload/uf/043/keramoteka-atlas-concorde-arty-bord.pdf,Статус NHS - ОТСУТСВУЕТ,Напольная плитка / Керамогранит,Tamarindo,"22,5X90 СМ",ADFR,./temp_files/img/ATLAS CONCORDE_BORD_Tamarindo.jpg
ATLAS CONCORDE,./temp_files/logo/ATLAS CONCORDE.png,"atlas concorde, атлас конкорд, плитка atlas concorde, керамогранит atlas concorde, плитка, керамогранит, atlas concord, плитка конкорд, плитка atlas, поставщик, атлас конкорд италия, атлас конкорд сайт","Каталог керамической плитки и керамогранита ATLAS CONCORDE / АТЛАС КОНКОРД (Италия) от прямого поставщика КЕРАМОТЕКА. Низкие цены, скидки. Оптовые и розничные продажи. Материал в наличии.",ATLAS CONCORDE / АТЛАС КОНКОРД (Италия) Керамическая плитка и керамогранит от прямого поставщика - компании КЕРАМОТЕКА,Италия,BORD,"atlas concorde bord, атлас конкорд борд, керамогранит bord, sesame, cumin, cinnamon, nutmeg, salt, tamarindo, liquorice, напольная плитка, керамогранит, керамический паркет, купить, поставщик, скидки",Каталог керамического гранита (керамического паркета) ATLAS CONCORDE BORD / АТЛАС КОНКОРД БОРД от прямого поставщика КЕРАМОТЕКА. Опт и розница. В наличии. Скидки. Цены.,ATLAS CONCORDE BORD / АТЛАС КОНКОРД БОРД - керамический паркет (керамогранит) для современных жилых интерьеров. КЕРАМОТЕКА.,На складе,$$$,https://www.keramoteka.ru/upload/uf/043/keramoteka-atlas-concorde-arty-bord.pdf,Статус NHS - ОТСУТСВУЕТ,Напольная плитка / Керамогранит,Liquorice,"22,5X90 СМ",ADFS,./temp_files/img/ATLAS CONCORDE_BORD_Liquorice.jpg
ATLAS CONCORDE,./temp_files/logo/ATLAS CONCORDE.png,"atlas concorde, атлас конкорд, плитка atlas concorde, керамогранит atlas concorde, плитка, керамогранит, atlas concord, плитка конкорд, плитка atlas, поставщик, атлас конкорд италия, атлас конкорд сайт","Каталог керамической плитки и керамогранита ATLAS CONCORDE / АТЛАС КОНКОРД (Италия) от прямого поставщика КЕРАМОТЕКА. Низкие цены, скидки. Оптовые и розничные продажи. Материал в наличии.",ATLAS CONCORDE / АТЛАС КОНКОРД (Италия) Керамическая плитка и керамогранит от прямого поставщика - компании КЕРАМОТЕКА,Италия,BORD,"atlas concorde bord, атлас конкорд борд, керамогранит bord, sesame, cumin, cinnamon, nutmeg, salt, tamarindo, liquorice, напольная плитка, керамогранит, керамический паркет, купить, поставщик, скидки",Каталог керамического гранита (керамического паркета) ATLAS CONCORDE BORD / АТЛАС КОНКОРД БОРД от прямого поставщика КЕРАМОТЕКА. Опт и розница. В наличии. Скидки. Цены.,ATLAS CONCORDE BORD / АТЛАС КОНКОРД БОРД - керамический паркет (керамогранит) для современных жилых интерьеров. КЕРАМОТЕКА.,На складе,$$$,https://www.keramoteka.ru/upload/uf/043/keramoteka-atlas-concorde-arty-bord.pdf,Статус NHS - ОТСУТСВУЕТ,Напольная плитка / Керамогранит,Sesame,15X90 СМ,ADF0,./temp_files/img/ATLAS CONCORDE_BORD_Sesame.jpg
ATLAS CONCORDE,./temp_files/logo/ATLAS CONCORDE.png,"atlas concorde, атлас конкорд, плитка atlas concorde, керамогранит atlas concorde, плитка, керамогранит, atlas concord, плитка конкорд, плитка atlas, поставщик, атлас конкорд италия, атлас конкорд сайт","Каталог керамической плитки и керамогранита ATLAS CONCORDE / АТЛАС КОНКОРД (Италия) от прямого поставщика КЕРАМОТЕКА. Низкие цены, скидки. Оптовые и розничные продажи. Материал в наличии.",ATLAS CONCORDE / АТЛАС КОНКОРД (Италия) Керамическая плитка и керамогранит от прямого поставщика - компании КЕРАМОТЕКА,Италия,BORD,"atlas concorde bord, атлас конкорд борд, керамогранит bord, sesame, cumin, cinnamon, nutmeg, salt, tamarindo, liquorice, напольная плитка, керамогранит, керамический паркет, купить, поставщик, скидки",Каталог керамического гранита (керамического паркета) ATLAS CONCORDE BORD / АТЛАС КОНКОРД БОРД от прямого поставщика КЕРАМОТЕКА. Опт и розница. В наличии. Скидки. Цены.,ATLAS CONCORDE BORD / АТЛАС КОНКОРД БОРД - керамический паркет (керамогранит) для современных жилых интерьеров. КЕРАМОТЕКА.,На складе,$$$,https://www.keramoteka.ru/upload/uf/043/keramoteka-atlas-concorde-arty-bord.pdf,Статус NHS - ОТСУТСВУЕТ,Напольная плитка / Керамогранит,Cumin,15X90 СМ,ADF1,./temp_files/img/ATLAS CONCORDE_BORD_Cumin.jpg
ATLAS CONCORDE,./temp_files/logo/ATLAS CONCORDE.png,"atlas concorde, атлас конкорд, плитка atlas concorde, керамогранит atlas concorde, плитка, керамогранит, atlas concord, плитка конкорд, плитка atlas, поставщик, атлас конкорд италия, атлас конкорд сайт","Каталог керамической плитки и керамогранита ATLAS CONCORDE / АТЛАС КОНКОРД (Италия) от прямого поставщика КЕРАМОТЕКА. Низкие цены, скидки. Оптовые и розничные продажи. Материал в наличии.",ATLAS CONCORDE / АТЛАС КОНКОРД (Италия) Керамическая плитка и керамогранит от прямого поставщика - компании КЕРАМОТЕКА,Италия,BORD,"atlas concorde bord, атлас конкорд борд, керамогранит bord, sesame, cumin, cinnamon, nutmeg, salt, tamarindo, liquorice, напольная плитка, керамогранит, керамический паркет, купить, поставщик, скидки",Каталог керамического гранита (керамического паркета) ATLAS CONCORDE BORD / АТЛАС КОНКОРД БОРД от прямого поставщика КЕРАМОТЕКА. Опт и розница. В наличии. Скидки. Цены.,ATLAS CONCORDE BORD / АТЛАС КОНКОРД БОРД - керамический паркет (керамогранит) для современных жилых интерьеров. КЕРАМОТЕКА.,На складе,$$$,https://www.keramoteka.ru/upload/uf/043/keramoteka-atlas-concorde-arty-bord.pdf,Статус NHS - ОТСУТСВУЕТ,Напольная плитка / Керамогранит,Cinnamon,15X90 СМ,ADF3,./temp_files/img/ATLAS CONCORDE_BORD_Cinnamon.jpg
ATLAS CONCORDE,./temp_files/logo/ATLAS CONCORDE.png,"atlas concorde, атлас конкорд, плитка atlas concorde, керамогранит atlas concorde, плитка, керамогранит, atlas concord, плитка конкорд, плитка atlas, поставщик, атлас конкорд италия, атлас конкорд сайт","Каталог керамической плитки и керамогранита ATLAS CONCORDE / АТЛАС КОНКОРД (Италия) от прямого поставщика КЕРАМОТЕКА. Низкие цены, скидки. Оптовые и розничные продажи. Материал в наличии.",ATLAS CONCORDE / АТЛАС КОНКОРД (Италия) Керамическая плитка и керамогранит от прямого поставщика - компании КЕРАМОТЕКА,Италия,BORD,"atlas concorde bord, атлас конкорд борд, керамогранит bord, sesame, cumin, cinnamon, nutmeg, salt, tamarindo, liquorice, напольная плитка, керамогранит, керамический паркет, купить, поставщик, скидки",Каталог керамического гранита (керамического паркета) ATLAS CONCORDE BORD / АТЛАС КОНКОРД БОРД от прямого поставщика КЕРАМОТЕКА. Опт и розница. В наличии. Скидки. Цены.,ATLAS CONCORDE BORD / АТЛАС КОНКОРД БОРД - керамический паркет (керамогранит) для современных жилых интерьеров. КЕРАМОТЕКА.,На складе,$$$,https://www.keramoteka.ru/upload/uf/043/keramoteka-atlas-concorde-arty-bord.pdf,Статус NHS - ОТСУТСВУЕТ,Напольная плитка / Керамогранит,Nutmeg,15X90 СМ,ADF4,./temp_files/img/ATLAS CONCORDE_BORD_Nutmeg.jpg
ATLAS CONCORDE,./temp_files/logo/ATLAS CONCORDE.png,"atlas concorde, атлас конкорд, плитка atlas concorde, керамогранит atlas concorde, плитка, керамогранит, atlas concord, плитка конкорд, плитка atlas, поставщик, атлас конкорд италия, атлас конкорд сайт","Каталог керамической плитки и керамогранита ATLAS CONCORDE / АТЛАС КОНКОРД (Италия) от прямого поставщика КЕРАМОТЕКА. Низкие цены, скидки. Оптовые и розничные продажи. Материал в наличии.",ATLAS CONCORDE / АТЛАС КОНКОРД (Италия) Керамическая плитка и керамогранит от прямого поставщика - компании КЕРАМОТЕКА,Италия,BORD,"atlas concorde bord, атлас конкорд борд, керамогранит bord, sesame, cumin, cinnamon, nutmeg, salt, tamarindo, liquorice, напольная плитка, керамогранит, керамический паркет, купить, поставщик, скидки",Каталог керамического гранита (керамического паркета) ATLAS CONCORDE BORD / АТЛАС КОНКОРД БОРД от прямого поставщика КЕРАМОТЕКА. Опт и розница. В наличии. Скидки. Цены.,ATLAS CONCORDE BORD / АТЛАС КОНКОРД БОРД - керамический паркет (керамогранит) для современных жилых интерьеров. КЕРАМОТЕКА.,На складе,$$$,https://www.keramoteka.ru/upload/uf/043/keramoteka-atlas-concorde-arty-bord.pdf,Статус NHS - ОТСУТСВУЕТ,Напольная плитка / Керамогранит,Salt,15X90 СМ,ADFZ,./temp_files/img/ATLAS CONCORDE_BORD_Salt.jpg
ATLAS CONCORDE,./temp_files/logo/ATLAS CONCORDE.png,"atlas concorde, атлас конкорд, плитка atlas concorde, керамогранит atlas concorde, плитка, керамогранит, atlas concord, плитка конкорд, плитка atlas, поставщик, атлас конкорд италия, атлас конкорд сайт","Каталог керамической плитки и керамогранита ATLAS CONCORDE / АТЛАС КОНКОРД (Италия) от прямого поставщика КЕРАМОТЕКА. Низкие цены, скидки. Оптовые и розничные продажи. Материал в наличии.",ATLAS CONCORDE / АТЛАС КОНКОРД (Италия) Керамическая плитка и керамогранит от прямого поставщика - компании КЕРАМОТЕКА,Италия,BORD,"atlas concorde bord, атлас конкорд борд, керамогранит bord, sesame, cumin, cinnamon, nutmeg, salt, tamarindo, liquorice, напольная плитка, керамогранит, керамический паркет, купить, поставщик, скидки",Каталог керамического гранита (керамического паркета) ATLAS CONCORDE BORD / АТЛАС КОНКОРД БОРД от прямого поставщика КЕРАМОТЕКА. Опт и розница. В наличии. Скидки. Цены.,ATLAS CONCORDE BORD / АТЛАС КОНКОРД БОРД - керамический паркет (керамогранит) для современных жилых интерьеров. КЕРАМОТЕКА.,На складе,$$$,https://www.keramoteka.ru/upload/uf/043/keramoteka-atlas-concorde-arty-bord.pdf,Статус NHS - ОТСУТСВУЕТ,Напольная плитка / Керамогранит,Tamarindo,15X90 СМ,ADF5,./temp_files/img/ATLAS CONCORDE_BORD_Tamarindo.jpg
ATLAS CONCORDE,./temp_files/logo/ATLAS CONCORDE.png,"atlas concorde, атлас конкорд, плитка atlas concorde, керамогранит atlas concorde, плитка, керамогранит, atlas concord, плитка конкорд, плитка atlas, поставщик, атлас конкорд италия, атлас конкорд сайт","Каталог керамической плитки и керамогранита ATLAS CONCORDE / АТЛАС КОНКОРД (Италия) от прямого поставщика КЕРАМОТЕКА. Низкие цены, скидки. Оптовые и розничные продажи. Материал в наличии.",ATLAS CONCORDE / АТЛАС КОНКОРД (Италия) Керамическая плитка и керамогранит от прямого поставщика - компании КЕРАМОТЕКА,Италия,BORD,"atlas concorde bord, атлас конкорд борд, керамогранит bord, sesame, cumin, cinnamon, nutmeg, salt, tamarindo, liquorice, напольная плитка, керамогранит, керамический паркет, купить, поставщик, скидки",Каталог керамического гранита (керамического паркета) ATLAS CONCORDE BORD / АТЛАС КОНКОРД БОРД от прямого поставщика КЕРАМОТЕКА. Опт и розница. В наличии. Скидки. Цены.,ATLAS CONCORDE BORD / АТЛАС КОНКОРД БОРД - керамический паркет (керамогранит) для современных жилых интерьеров. КЕРАМОТЕКА.,На складе,$$$,https://www.keramoteka.ru/upload/uf/043/keramoteka-atlas-concorde-arty-bord.pdf,Статус NHS - ОТСУТСВУЕТ,Напольная плитка / Керамогранит,Liquorice,15X90 СМ,ADF6,./temp_files/img/ATLAS CONCORDE_BORD_Liquorice.jpg
ATLAS CONCORDE,./temp_files/logo/ATLAS CONCORDE.png,"atlas concorde, атлас конкорд, плитка atlas concorde, керамогранит atlas concorde, плитка, керамогранит, atlas concord, плитка конкорд, плитка atlas, поставщик, атлас конкорд италия, атлас конкорд сайт","Каталог керамической плитки и керамогранита ATLAS CONCORDE / АТЛАС КОНКОРД (Италия) от прямого поставщика КЕРАМОТЕКА. Низкие цены, скидки. Оптовые и розничные продажи. Материал в наличии.",ATLAS CONCORDE / АТЛАС КОНКОРД (Италия) Керамическая плитка и керамогранит от прямого поставщика - компании КЕРАМОТЕКА,Италия,BORD,"atlas concorde bord, атлас конкорд борд, керамогранит bord, sesame, cumin, cinnamon, nutmeg, salt, tamarindo, liquorice, напольная плитка, керамогранит, керамический паркет, купить, поставщик, скидки",Каталог керамического гранита (керамического паркета) ATLAS CONCORDE BORD / АТЛАС КОНКОРД БОРД от прямого поставщика КЕРАМОТЕКА. Опт и розница. В наличии. Скидки. Цены.,ATLAS CONCORDE BORD / АТЛАС КОНКОРД БОРД - керамический паркет (керамогранит) для современных жилых интерьеров. КЕРАМОТЕКА.,На складе,$$$,https://www.keramoteka.ru/upload/uf/043/keramoteka-atlas-concorde-arty-bord.pdf,Статус NHS - ОТСУТСВУЕТ,Напольная плитка / Керамогранит,Sesame,25X150 СМ,ADF8,./temp_files/img/ATLAS CONCORDE_BORD_Sesame.jpg
ATLAS CONCORDE,./temp_files/logo/ATLAS CONCORDE.png,"atlas concorde, атлас конкорд, плитка atlas concorde, керамогранит atlas concorde, плитка, керамогранит, atlas concord, плитка конкорд, плитка atlas, поставщик, атлас конкорд италия, атлас конкорд сайт","Каталог керамической плитки и керамогранита ATLAS CONCORDE / АТЛАС КОНКОРД (Италия) от прямого поставщика КЕРАМОТЕКА. Низкие цены, скидки. Оптовые и розничные продажи. Материал в наличии.",ATLAS CONCORDE / АТЛАС КОНКОРД (Италия) Керамическая плитка и керамогранит от прямого поставщика - компании КЕРАМОТЕКА,Италия,BORD,"atlas concorde bord, атлас конкорд борд, керамогранит bord, sesame, cumin, cinnamon, nutmeg, salt, tamarindo, liquorice, напольная плитка, керамогранит, керамический паркет, купить, поставщик, скидки",Каталог керамического гранита (керамического паркета) ATLAS CONCORDE BORD / АТЛАС КОНКОРД БОРД от прямого поставщика КЕРАМОТЕКА. Опт и розница. В наличии. Скидки. Цены.,ATLAS CONCORDE BORD / АТЛАС КОНКОРД БОРД - керамический паркет (керамогранит) для современных жилых интерьеров. КЕРАМОТЕКА.,На складе,$$$,https://www.keramoteka.ru/upload/uf/043/keramoteka-atlas-concorde-arty-bord.pdf,Статус NHS - ОТСУТСВУЕТ,Напольная плитка / Керамогранит,Cumin,25X150 СМ,ADF9,./temp_files/img/ATLAS CONCORDE_BORD_Cumin.jpg
ATLAS CONCORDE,./temp_files/logo/ATLAS CONCORDE.png,"atlas concorde, атлас конкорд, плитка atlas concorde, керамогранит atlas concorde, плитка, керамогранит, atlas concord, плитка конкорд, плитка atlas, поставщик, атлас конкорд италия, атлас конкорд сайт","Каталог керамической плитки и керамогранита ATLAS CONCORDE / АТЛАС КОНКОРД (Италия) от прямого поставщика КЕРАМОТЕКА. Низкие цены, скидки. Оптовые и розничные продажи. Материал в наличии.",ATLAS CONCORDE / АТЛАС КОНКОРД (Италия) Керамическая плитка и керамогранит от прямого поставщика - компании КЕРАМОТЕКА,Италия,BORD,"atlas concorde bord, атлас конкорд борд, керамогранит bord, sesame, cumin, cinnamon, nutmeg, salt, tamarindo, liquorice, напольная плитка, керамогранит, керамический паркет, купить, поставщик, скидки",Каталог керамического гранита (керамического паркета) ATLAS CONCORDE BORD / АТЛАС КОНКОРД БОРД от прямого поставщика КЕРАМОТЕКА. Опт и розница. В наличии. Скидки. Цены.,ATLAS CONCORDE BORD / АТЛАС КОНКОРД БОРД - керамический паркет (керамогранит) для современных жилых интерьеров. КЕРАМОТЕКА.,На складе,$$$,https://www.keramoteka.ru/upload/uf/043/keramoteka-atlas-concorde-arty-bord.pdf,Статус NHS - ОТСУТСВУЕТ,Напольная плитка / Керамогранит,Nutmeg,25X150 СМ,ADGA,./temp_files/img/ATLAS CONCORDE_BORD_Nutmeg.jpg
ATLAS CONCORDE,./temp_files/logo/ATLAS CONCORDE.png,"atlas concorde, атлас конкорд, плитка atlas concorde, керамогранит atlas concorde, плитка, керамогранит, atlas concord, плитка конкорд, плитка atlas, поставщик, атлас конкорд италия, атлас конкорд сайт","Каталог керамической плитки и керамогранита ATLAS CONCORDE / АТЛАС КОНКОРД (Италия) от прямого поставщика КЕРАМОТЕКА. Низкие цены, скидки. Оптовые и розничные продажи. Материал в наличии.",ATLAS CONCORDE / АТЛАС КОНКОРД (Италия) Керамическая плитка и керамогранит от прямого поставщика - компании КЕРАМОТЕКА,Италия,BORD,"atlas concorde bord, атлас конкорд борд, керамогранит bord, sesame, cumin, cinnamon, nutmeg, salt, tamarindo, liquorice, напольная плитка, керамогранит, керамический паркет, купить, поставщик, скидки",Каталог керамического гранита (керамического паркета) ATLAS CONCORDE BORD / АТЛАС КОНКОРД БОРД от прямого поставщика КЕРАМОТЕКА. Опт и розница. В наличии. Скидки. Цены.,ATLAS CONCORDE BORD / АТЛАС КОНКОРД БОРД - керамический паркет (керамогранит) для современных жилых интерьеров. КЕРАМОТЕКА.,На складе,$$$,https://www.keramoteka.ru/upload/uf/043/keramoteka-atlas-concorde-arty-bord.pdf,Статус NHS - ОТСУТСВУЕТ,Напольная плитка / Керамогранит,Salt,25X150 СМ,ADF7,./temp_files/img/ATLAS CONCORDE_BORD_Salt.jpg
ATLAS CONCORDE,./temp_files/logo/ATLAS CONCORDE.png,"atlas concorde, атлас конкорд, плитка atlas concorde, керамогранит atlas concorde, плитка, керамогранит, atlas concord, плитка конкорд, плитка atlas, поставщик, атлас конкорд италия, атлас конкорд сайт","Каталог керамической плитки и керамогранита ATLAS CONCORDE / АТЛАС КОНКОРД (Италия) от прямого поставщика КЕРАМОТЕКА. Низкие цены, скидки. Оптовые и розничные продажи. Материал в наличии.",ATLAS CONCORDE / АТЛАС КОНКОРД (Италия) Керамическая плитка и керамогранит от прямого поставщика - компании КЕРАМОТЕКА,Италия,BORD,"atlas concorde bord, атлас конкорд борд, керамогранит bord, sesame, cumin, cinnamon, nutmeg, salt, tamarindo, liquorice, напольная плитка, керамогранит, керамический паркет, купить, поставщик, скидки",Каталог керамического гранита (керамического паркета) ATLAS CONCORDE BORD / АТЛАС КОНКОРД БОРД от прямого поставщика КЕРАМОТЕКА. Опт и розница. В наличии. Скидки. Цены.,ATLAS CONCORDE BORD / АТЛАС КОНКОРД БОРД - керамический паркет (керамогранит) для современных жилых интерьеров. КЕРАМОТЕКА.,На складе,$$$,https://www.keramoteka.ru/upload/uf/043/keramoteka-atlas-concorde-arty-bord.pdf,Статус NHS - ОТСУТСВУЕТ,Напольная плитка / Керамогранит,Liquorice,25X150 СМ,ADGB,./temp_files/img/ATLAS CONCORDE_BORD_Liquorice.jpg
ATLAS CONCORDE,./temp_files/logo/ATLAS CONCORDE.png,"atlas concorde, атлас конкорд, плитка atlas concorde, керамогранит atlas concorde, плитка, керамогранит, atlas concord, плитка конкорд, плитка atlas, поставщик, атлас конкорд италия, атлас конкорд сайт","Каталог керамической плитки и керамогранита ATLAS CONCORDE / АТЛАС КОНКОРД (Италия) от прямого поставщика КЕРАМОТЕКА. Низкие цены, скидки. Оптовые и розничные продажи. Материал в наличии.",ATLAS CONCORDE / АТЛАС КОНКОРД (Италия) Керамическая плитка и керамогранит от прямого поставщика - компании КЕРАМОТЕКА,Италия,BORD,"atlas concorde bord, атлас конкорд борд, керамогранит bord, sesame, cumin, cinnamon, nutmeg, salt, tamarindo, liquorice, напольная плитка, керамогранит, керамический паркет, купить, поставщик, скидки",Каталог керамического гранита (керамического паркета) ATLAS CONCORDE BORD / АТЛАС КОНКОРД БОРД от прямого поставщика КЕРАМОТЕКА. Опт и розница. В наличии. Скидки. Цены.,ATLAS CONCORDE BORD / АТЛАС КОНКОРД БОРД - керамический паркет (керамогранит) для современных жилых интерьеров. КЕРАМОТЕКА.,На складе,$$$,https://www.keramoteka.ru/upload/uf/043/keramoteka-atlas-concorde-arty-bord.pdf,Статус NHS - ОТСУТСВУЕТ,Напольная плитка / Керамогранит,Sesame Структурированный,"22,5X90 СМ",ADFU,./temp_files/img/ATLAS CONCORDE_BORD_Sesame Структурированный.jpg
ATLAS CONCORDE,./temp_files/logo/ATLAS CONCORDE.png,"atlas concorde, атлас конкорд, плитка atlas concorde, керамогранит atlas concorde, плитка, керамогранит, atlas concord, плитка конкорд, плитка atlas, поставщик, атлас конкорд италия, атлас конкорд сайт","Каталог керамической плитки и керамогранита ATLAS CONCORDE / АТЛАС КОНКОРД (Италия) от прямого поставщика КЕРАМОТЕКА. Низкие цены, скидки. Оптовые и розничные продажи. Материал в наличии.",ATLAS CONCORDE / АТЛАС КОНКОРД (Италия) Керамическая плитка и керамогранит от прямого поставщика - компании КЕРАМОТЕКА,Италия,BORD,"atlas concorde bord, атлас конкорд борд, керамогранит bord, sesame, cumin, cinnamon, nutmeg, salt, tamarindo, liquorice, напольная плитка, керамогранит, керамический паркет, купить, поставщик, скидки",Каталог керамического гранита (керамического паркета) ATLAS CONCORDE BORD / АТЛАС КОНКОРД БОРД от прямого поставщика КЕРАМОТЕКА. Опт и розница. В наличии. Скидки. Цены.,ATLAS CONCORDE BORD / АТЛАС КОНКОРД БОРД - керамический паркет (керамогранит) для современных жилых интерьеров. КЕРАМОТЕКА.,На складе,$$$,https://www.keramoteka.ru/upload/uf/043/keramoteka-atlas-concorde-arty-bord.pdf,Статус NHS - ОТСУТСВУЕТ,Напольная плитка / Керамогранит,Cumin Структурированный,"22,5X90 СМ",ADFV,./temp_files/img/ATLAS CONCORDE_BORD_Cumin Структурированный.jpg
ATLAS CONCORDE,./temp_files/logo/ATLAS CONCORDE.png,"atlas concorde, атлас конкорд, плитка atlas concorde, керамогранит atlas concorde, плитка, керамогранит, atlas concord, плитка конкорд, плитка atlas, поставщик, атлас конкорд италия, атлас конкорд сайт","Каталог керамической плитки и керамогранита ATLAS CONCORDE / АТЛАС КОНКОРД (Италия) от прямого поставщика КЕРАМОТЕКА. Низкие цены, скидки. Оптовые и розничные продажи. Материал в наличии.",ATLAS CONCORDE / АТЛАС КОНКОРД (Италия) Керамическая плитка и керамогранит от прямого поставщика - компании КЕРАМОТЕКА,Италия,BORD,"atlas concorde bord, атлас конкорд борд, керамогранит bord, sesame, cumin, cinnamon, nutmeg, salt, tamarindo, liquorice, напольная плитка, керамогранит, керамический паркет, купить, поставщик, скидки",Каталог керамического гранита (керамического паркета) ATLAS CONCORDE BORD / АТЛАС КОНКОРД БОРД от прямого поставщика КЕРАМОТЕКА. Опт и розница. В наличии. Скидки. Цены.,ATLAS CONCORDE BORD / АТЛАС КОНКОРД БОРД - керамический паркет (керамогранит) для современных жилых интерьеров. КЕРАМОТЕКА.,На складе,$$$,https://www.keramoteka.ru/upload/uf/043/keramoteka-atlas-concorde-arty-bord.pdf,Статус NHS - ОТСУТСВУЕТ,Напольная плитка / Керамогранит,Nutmeg Структурированный,"22,5X90 СМ",ADFX,./temp_files/img/ATLAS CONCORDE_BORD_Nutmeg Структурированный.jpg
ATLAS CONCORDE,./temp_files/logo/ATLAS CONCORDE.png,"atlas concorde, атлас конкорд, плитка atlas concorde, керамогранит atlas concorde, плитка, керамогранит, atlas concord, плитка конкорд, плитка atlas, поставщик, атлас конкорд италия, атлас конкорд сайт","Каталог керамической плитки и керамогранита ATLAS CONCORDE / АТЛАС КОНКОРД (Италия) от прямого поставщика КЕРАМОТЕКА. Низкие цены, скидки. Оптовые и розничные продажи. Материал в наличии.",ATLAS CONCORDE / АТЛАС КОНКОРД (Италия) Керамическая плитка и керамогранит от прямого поставщика - компании КЕРАМОТЕКА,Италия,BORD,"atlas concorde bord, атлас конкорд борд, керамогранит bord, sesame, cumin, cinnamon, nutmeg, salt, tamarindo, liquorice, напольная плитка, керамогранит, керамический паркет, купить, поставщик, скидки",Каталог керамического гранита (керамического паркета) ATLAS CONCORDE BORD / АТЛАС КОНКОРД БОРД от прямого поставщика КЕРАМОТЕКА. Опт и розница. В наличии. Скидки. Цены.,ATLAS CONCORDE BORD / АТЛАС КОНКОРД БОРД - керамический паркет (керамогранит) для современных жилых интерьеров. КЕРАМОТЕКА.,На складе,$$$,https://www.keramoteka.ru/upload/uf/043/keramoteka-atlas-concorde-arty-bord.pdf,Статус NHS - ОТСУТСВУЕТ,Напольная плитка / Керамогранит,Salt Структурированный,"22,5X90 СМ",ADFT,./temp_files/img/ATLAS CONCORDE_BORD_Salt Структурированный.jpg
ATLAS CONCORDE,./temp_files/logo/ATLAS CONCORDE.png,"atlas concorde, атлас конкорд, плитка atlas concorde, керамогранит atlas concorde, плитка, керамогранит, atlas concord, плитка конкорд, плитка atlas, поставщик, атлас конкорд италия, атлас конкорд сайт","Каталог керамической плитки и керамогранита ATLAS CONCORDE / АТЛАС КОНКОРД (Италия) от прямого поставщика КЕРАМОТЕКА. Низкие цены, скидки. Оптовые и розничные продажи. Материал в наличии.",ATLAS CONCORDE / АТЛАС КОНКОРД (Италия) Керамическая плитка и керамогранит от прямого поставщика - компании КЕРАМОТЕКА,Италия,BORD,"atlas concorde bord, атлас конкорд борд, керамогранит bord, sesame, cumin, cinnamon, nutmeg, salt, tamarindo, liquorice, напольная плитка, керамогранит, керамический паркет, купить, поставщик, скидки",Каталог керамического гранита (керамического паркета) ATLAS CONCORDE BORD / АТЛАС КОНКОРД БОРД от прямого поставщика КЕРАМОТЕКА. Опт и розница. В наличии. Скидки. Цены.,ATLAS CONCORDE BORD / АТЛАС КОНКОРД БОРД - керамический паркет (керамогранит) для современных жилых интерьеров. КЕРАМОТЕКА.,На складе,$$$,https://www.keramoteka.ru/upload/uf/043/keramoteka-atlas-concorde-arty-bord.pdf,Статус NHS - ОТСУТСВУЕТ,Напольная плитка / Керамогранит,Liquorice Структурированный,"22,5X90 СМ",ADFY,./temp_files/img/ATLAS CONCORDE_BORD_Liquorice Структурированный.jpg
ATLAS CONCORDE,./temp_files/logo/ATLAS CONCORDE.png,"atlas concorde, атлас конкорд, плитка atlas concorde, керамогранит atlas concorde, плитка, керамогранит, atlas concord, плитка конкорд, плитка atlas, поставщик, атлас конкорд италия, атлас конкорд сайт","Каталог керамической плитки и керамогранита ATLAS CONCORDE / АТЛАС КОНКОРД (Италия) от прямого поставщика КЕРАМОТЕКА. Низкие цены, скидки. Оптовые и розничные продажи. Материал в наличии.",ATLAS CONCORDE / АТЛАС КОНКОРД (Италия) Керамическая плитка и керамогранит от прямого поставщика - компании КЕРАМОТЕКА,Италия,BORD,"atlas concorde bord, атлас конкорд борд, керамогранит bord, sesame, cumin, cinnamon, nutmeg, salt, tamarindo, liquorice, напольная плитка, керамогранит, керамический паркет, купить, поставщик, скидки",Каталог керамического гранита (керамического паркета) ATLAS CONCORDE BORD / АТЛАС КОНКОРД БОРД от прямого поставщика КЕРАМОТЕКА. Опт и розница. В наличии. Скидки. Цены.,ATLAS CONCORDE BORD / АТЛАС КОНКОРД БОРД - керамический паркет (керамогранит) для современных жилых интерьеров. КЕРАМОТЕКА.,На складе,$$$,https://www.keramoteka.ru/upload/uf/043/keramoteka-atlas-concorde-arty-bord.pdf,Статус NHS - ОТСУТСВУЕТ,Напольная плитка / Керамогранит,Sesame Tatami,"22,5X90 СМ",ADJF,./temp_files/img/ATLAS CONCORDE_BORD_Sesame Tatami.jpg
ATLAS CONCORDE,./temp_files/logo/ATLAS CONCORDE.png,"atlas concorde, атлас конкорд, плитка atlas concorde, керамогранит atlas concorde, плитка, керамогранит, atlas concord, плитка конкорд, плитка atlas, поставщик, атлас конкорд италия, атлас конкорд сайт","Каталог керамической плитки и керамогранита ATLAS CONCORDE / АТЛАС КОНКОРД (Италия) от прямого поставщика КЕРАМОТЕКА. Низкие цены, скидки. Оптовые и розничные продажи. Материал в наличии.",ATLAS CONCORDE / АТЛАС КОНКОРД (Италия) Керамическая плитка и керамогранит от прямого поставщика - компании КЕРАМОТЕКА,Италия,BORD,"atlas concorde bord, атлас конкорд борд, керамогранит bord, sesame, cumin, cinnamon, nutmeg, salt, tamarindo, liquorice, напольная плитка, керамогранит, керамический паркет, купить, поставщик, скидки",Каталог керамического гранита (керамического паркета) ATLAS CONCORDE BORD / АТЛАС КОНКОРД БОРД от прямого поставщика КЕРАМОТЕКА. Опт и розница. В наличии. Скидки. Цены.,ATLAS CONCORDE BORD / АТЛАС КОНКОРД БОРД - керамический паркет (керамогранит) для современных жилых интерьеров. КЕРАМОТЕКА.,На складе,$$$,https://www.keramoteka.ru/upload/uf/043/keramoteka-atlas-concorde-arty-bord.pdf,Статус NHS - ОТСУТСВУЕТ,Напольная плитка / Керамогранит,Cumin Tatami,"22,5X90 СМ",ADJG,./temp_files/img/ATLAS CONCORDE_BORD_Cumin Tatami.jpg
ATLAS CONCORDE,./temp_files/logo/ATLAS CONCORDE.png,"atlas concorde, атлас конкорд, плитка atlas concorde, керамогранит atlas concorde, плитка, керамогранит, atlas concord, плитка конкорд, плитка atlas, поставщик, атлас конкорд италия, атлас конкорд сайт","Каталог керамической плитки и керамогранита ATLAS CONCORDE / АТЛАС КОНКОРД (Италия) от прямого поставщика КЕРАМОТЕКА. Низкие цены, скидки. Оптовые и розничные продажи. Материал в наличии.",ATLAS CONCORDE / АТЛАС КОНКОРД (Италия) Керамическая плитка и керамогранит от прямого поставщика - компании КЕРАМОТЕКА,Италия,BORD,"atlas concorde bord, атлас конкорд борд, керамогранит bord, sesame, cumin, cinnamon, nutmeg, salt, tamarindo, liquorice, напольная плитка, керамогранит, керамический паркет, купить, поставщик, скидки",Каталог керамического гранита (керамического паркета) ATLAS CONCORDE BORD / АТЛАС КОНКОРД БОРД от прямого поставщика КЕРАМОТЕКА. Опт и розница. В наличии. Скидки. Цены.,ATLAS CONCORDE BORD / АТЛАС КОНКОРД БОРД - керамический паркет (керамогранит) для современных жилых интерьеров. КЕРАМОТЕКА.,На складе,$$$,https://www.keramoteka.ru/upload/uf/043/keramoteka-atlas-concorde-arty-bord.pdf,Статус NHS - ОТСУТСВУЕТ,Напольная плитка / Керамогранит,Cinnamon Tatami,"22,5X90 СМ",ADJH,./temp_files/img/ATLAS CONCORDE_BORD_Cinnamon Tatami.jpg
ATLAS CONCORDE,./temp_files/logo/ATLAS CONCORDE.png,"atlas concorde, атлас конкорд, плитка atlas concorde, керамогранит atlas concorde, плитка, керамогранит, atlas concord, плитка конкорд, плитка atlas, поставщик, атлас конкорд италия, атлас конкорд сайт","Каталог керамической плитки и керамогранита ATLAS CONCORDE / АТЛАС КОНКОРД (Италия) от прямого поставщика КЕРАМОТЕКА. Низкие цены, скидки. Оптовые и розничные продажи. Материал в наличии.",ATLAS CONCORDE / АТЛАС КОНКОРД (Италия) Керамическая плитка и керамогранит от прямого поставщика - компании КЕРАМОТЕКА,Италия,BORD,"atlas concorde bord, атлас конкорд борд, керамогранит bord, sesame, cumin, cinnamon, nutmeg, salt, tamarindo, liquorice, напольная плитка, керамогранит, керамический паркет, купить, поставщик, скидки",Каталог керамического гранита (керамического паркета) ATLAS CONCORDE BORD / АТЛАС КОНКОРД БОРД от прямого поставщика КЕРАМОТЕКА. Опт и розница. В наличии. Скидки. Цены.,ATLAS CONCORDE BORD / АТЛАС КОНКОРД БОРД - керамический паркет (керамогранит) для современных жилых интерьеров. КЕРАМОТЕКА.,На складе,$$$,https://www.keramoteka.ru/upload/uf/043/keramoteka-atlas-concorde-arty-bord.pdf,Статус NHS - ОТСУТСВУЕТ,Напольная плитка / Керамогранит,Nutmeg Tatami,"22,5X90 СМ",ADJI,./temp_files/img/ATLAS CONCORDE_BORD_Nutmeg Tatami.jpg
ATLAS CONCORDE,./temp_files/logo/ATLAS CONCORDE.png,"atlas concorde, атлас конкорд, плитка atlas concorde, керамогранит atlas concorde, плитка, керамогранит, atlas concord, плитка конкорд, плитка atlas, поставщик, атлас конкорд италия, атлас конкорд сайт","Каталог керамической плитки и керамогранита ATLAS CONCORDE / АТЛАС КОНКОРД (Италия) от прямого поставщика КЕРАМОТЕКА. Низкие цены, скидки. Оптовые и розничные продажи. Материал в наличии.",ATLAS CONCORDE / АТЛАС КОНКОРД (Италия) Керамическая плитка и керамогранит от прямого поставщика - компании КЕРАМОТЕКА,Италия,BORD,"atlas concorde bord, атлас конкорд борд, керамогранит bord, sesame, cumin, cinnamon, nutmeg, salt, tamarindo, liquorice, напольная плитка, керамогранит, керамический паркет, купить, поставщик, скидки",Каталог керамического гранита (керамического паркета) ATLAS CONCORDE BORD / АТЛАС КОНКОРД БОРД от прямого поставщика КЕРАМОТЕКА. Опт и розница. В наличии. Скидки. Цены.,ATLAS CONCORDE BORD / АТЛАС КОНКОРД БОРД - керамический паркет (керамогранит) для современных жилых интерьеров. КЕРАМОТЕКА.,На складе,$$$,https://www.keramoteka.ru/upload/uf/043/keramoteka-atlas-concorde-arty-bord.pdf,Статус NHS - ОТСУТСВУЕТ,Напольная плитка / Керамогранит,Salt Tatami,"22,5X90 СМ",ADJE,./temp_files/img/ATLAS CONCORDE_BORD_Salt Tatami.jpg
ATLAS CONCORDE,./temp_files/logo/ATLAS CONCORDE.png,"atlas concorde, атлас конкорд, плитка atlas concorde, керамогранит atlas concorde, плитка, керамогранит, atlas concord, плитка конкорд, плитка atlas, поставщик, атлас конкорд италия, атлас конкорд сайт","Каталог керамической плитки и керамогранита ATLAS CONCORDE / АТЛАС КОНКОРД (Италия) от прямого поставщика КЕРАМОТЕКА. Низкие цены, скидки. Оптовые и розничные продажи. Материал в наличии.",ATLAS CONCORDE / АТЛАС КОНКОРД (Италия) Керамическая плитка и керамогранит от прямого поставщика - компании КЕРАМОТЕКА,Италия,BORD,"atlas concorde bord, атлас конкорд борд, керамогранит bord, sesame, cumin, cinnamon, nutmeg, salt, tamarindo, liquorice, напольная плитка, керамогранит, керамический паркет, купить, поставщик, скидки",Каталог керамического гранита (керамического паркета) ATLAS CONCORDE BORD / АТЛАС КОНКОРД БОРД от прямого поставщика КЕРАМОТЕКА. Опт и розница. В наличии. Скидки. Цены.,ATLAS CONCORDE BORD / АТЛАС КОНКОРД БОРД - керамический паркет (керамогранит) для современных жилых интерьеров. КЕРАМОТЕКА.,На складе,$$$,https://www.keramoteka.ru/upload/uf/043/keramoteka-atlas-concorde-arty-bord.pdf,Статус NHS - ОТСУТСВУЕТ,Напольная плитка / Керамогранит,Tamarindo Tatami,"22,5X90 СМ",ADJJ,./temp_files/img/ATLAS CONCORDE_BORD_Tamarindo Tatami.jpg
ATLAS CONCORDE,./temp_files/logo/ATLAS CONCORDE.png,"atlas concorde, атлас конкорд, плитка atlas concorde, керамогранит atlas concorde, плитка, керамогранит, atlas concord, плитка конкорд, плитка atlas, поставщик, атлас конкорд италия, атлас конкорд сайт","Каталог керамической плитки и керамогранита ATLAS CONCORDE / АТЛАС КОНКОРД (Италия) от прямого поставщика КЕРАМОТЕКА. Низкие цены, скидки. Оптовые и розничные продажи. Материал в наличии.",ATLAS CONCORDE / АТЛАС КОНКОРД (Италия) Керамическая плитка и керамогранит от прямого поставщика - компании КЕРАМОТЕКА,Италия,BORD,"atlas concorde bord, атлас конкорд борд, керамогранит bord, sesame, cumin, cinnamon, nutmeg, salt, tamarindo, liquorice, напольная плитка, керамогранит, керамический паркет, купить, поставщик, скидки",Каталог керамического гранита (керамического паркета) ATLAS CONCORDE BORD / АТЛАС КОНКОРД БОРД от прямого поставщика КЕРАМОТЕКА. Опт и розница. В наличии. Скидки. Цены.,ATLAS CONCORDE BORD / АТЛАС КОНКОРД БОРД - керамический паркет (керамогранит) для современных жилых интерьеров. КЕРАМОТЕКА.,На складе,$$$,https://www.keramoteka.ru/upload/uf/043/keramoteka-atlas-concorde-arty-bord.pdf,Статус NHS - ОТСУТСВУЕТ,Напольная плитка / Керамогранит,Liqourice Tatami,"22,5X90 СМ",ADJK,./temp_files/img/ATLAS CONCORDE_BORD_Liqourice Tatami.jpg
ATLAS CONCORDE,./temp_files/logo/ATLAS CONCORDE.png,"atlas concorde, атлас конкорд, плитка atlas concorde, керамогранит atlas concorde, плитка, керамогранит, atlas concord, плитка конкорд, плитка atlas, поставщик, атлас конкорд италия, атлас конкорд сайт","Каталог керамической плитки и керамогранита ATLAS CONCORDE / АТЛАС КОНКОРД (Италия) от прямого поставщика КЕРАМОТЕКА. Низкие цены, скидки. Оптовые и розничные продажи. Материал в наличии.",ATLAS CONCORDE / АТЛАС КОНКОРД (Италия) Керамическая плитка и керамогранит от прямого поставщика - компании КЕРАМОТЕКА,Италия,BORD,"atlas concorde bord, атлас конкорд борд, керамогранит bord, sesame, cumin, cinnamon, nutmeg, salt, tamarindo, liquorice, напольная плитка, керамогранит, керамический паркет, купить, поставщик, скидки",Каталог керамического гранита (керамического паркета) ATLAS CONCORDE BORD / АТЛАС КОНКОРД БОРД от прямого поставщика КЕРАМОТЕКА. Опт и розница. В наличии. Скидки. Цены.,ATLAS CONCORDE BORD / АТЛАС КОНКОРД БОРД - керамический паркет (керамогранит) для современных жилых интерьеров. КЕРАМОТЕКА.,На складе,$$$,https://www.keramoteka.ru/upload/uf/043/keramoteka-atlas-concorde-arty-bord.pdf,Статус NHS - ОТСУТСВУЕТ,Мозаика /Керамогранит/,Sesame Brick,15X59 СМ,ADJM,./temp_files/img/ATLAS CONCORDE_BORD_Sesame Brick.jpg
ATLAS CONCORDE,./temp_files/logo/ATLAS CONCORDE.png,"atlas concorde, атлас конкорд, плитка atlas concorde, керамогранит atlas concorde, плитка, керамогранит, atlas concord, плитка конкорд, плитка atlas, поставщик, атлас конкорд италия, атлас конкорд сайт","Каталог керамической плитки и керамогранита ATLAS CONCORDE / АТЛАС КОНКОРД (Италия) от прямого поставщика КЕРАМОТЕКА. Низкие цены, скидки. Оптовые и розничные продажи. Материал в наличии.",ATLAS CONCORDE / АТЛАС КОНКОРД (Италия) Керамическая плитка и керамогранит от прямого поставщика - компании КЕРАМОТЕКА,Италия,BORD,"atlas concorde bord, атлас конкорд борд, керамогранит bord, sesame, cumin, cinnamon, nutmeg, salt, tamarindo, liquorice, напольная плитка, керамогранит, керамический паркет, купить, поставщик, скидки",Каталог керамического гранита (керамического паркета) ATLAS CONCORDE BORD / АТЛАС КОНКОРД БОРД от прямого поставщика КЕРАМОТЕКА. Опт и розница. В наличии. Скидки. Цены.,ATLAS CONCORDE BORD / АТЛАС КОНКОРД БОРД - керамический паркет (керамогранит) для современных жилых интерьеров. КЕРАМОТЕКА.,На складе,$$$,https://www.keramoteka.ru/upload/uf/043/keramoteka-atlas-concorde-arty-bord.pdf,Статус NHS - ОТСУТСВУЕТ,Мозаика /Керамогранит/,Cumin Brick,15X59 СМ,ADJN,./temp_files/img/ATLAS CONCORDE_BORD_Cumin Brick.jpg
ATLAS CONCORDE,./temp_files/logo/ATLAS CONCORDE.png,"atlas concorde, атлас конкорд, плитка atlas concorde, керамогранит atlas concorde, плитка, керамогранит, atlas concord, плитка конкорд, плитка atlas, поставщик, атлас конкорд италия, атлас конкорд сайт","Каталог керамической плитки и керамогранита ATLAS CONCORDE / АТЛАС КОНКОРД (Италия) от прямого поставщика КЕРАМОТЕКА. Низкие цены, скидки. Оптовые и розничные продажи. Материал в наличии.",ATLAS CONCORDE / АТЛАС КОНКОРД (Италия) Керамическая плитка и керамогранит от прямого поставщика - компании КЕРАМОТЕКА,Италия,BORD,"atlas concorde bord, атлас конкорд борд, керамогранит bord, sesame, cumin, cinnamon, nutmeg, salt, tamarindo, liquorice, напольная плитка, керамогранит, керамический паркет, купить, поставщик, скидки",Каталог керамического гранита (керамического паркета) ATLAS CONCORDE BORD / АТЛАС КОНКОРД БОРД от прямого поставщика КЕРАМОТЕКА. Опт и розница. В наличии. Скидки. Цены.,ATLAS CONCORDE BORD / АТЛАС КОНКОРД БОРД - керамический паркет (керамогранит) для современных жилых интерьеров. КЕРАМОТЕКА.,На складе,$$$,https://www.keramoteka.ru/upload/uf/043/keramoteka-atlas-concorde-arty-bord.pdf,Статус NHS - ОТСУТСВУЕТ,Мозаика /Керамогранит/,Cinnamon Brick,15X59 СМ,ADJO,./temp_files/img/ATLAS CONCORDE_BORD_Cinnamon Brick.jpg
ATLAS CONCORDE,./temp_files/logo/ATLAS CONCORDE.png,"atlas concorde, атлас конкорд, плитка atlas concorde, керамогранит atlas concorde, плитка, керамогранит, atlas concord, плитка конкорд, плитка atlas, поставщик, атлас конкорд италия, атлас конкорд сайт","Каталог керамической плитки и керамогранита ATLAS CONCORDE / АТЛАС КОНКОРД (Италия) от прямого поставщика КЕРАМОТЕКА. Низкие цены, скидки. Оптовые и розничные продажи. Материал в наличии.",ATLAS CONCORDE / АТЛАС КОНКОРД (Италия) Керамическая плитка и керамогранит от прямого поставщика - компании КЕРАМОТЕКА,Италия,BORD,"atlas concorde bord, атлас конкорд борд, керамогранит bord, sesame, cumin, cinnamon, nutmeg, salt, tamarindo, liquorice, напольная плитка, керамогранит, керамический паркет, купить, поставщик, скидки",Каталог керамического гранита (керамического паркета) ATLAS CONCORDE BORD / АТЛАС КОНКОРД БОРД от прямого поставщика КЕРАМОТЕКА. Опт и розница. В наличии. Скидки. Цены.,ATLAS CONCORDE BORD / АТЛАС КОНКОРД БОРД - керамический паркет (керамогранит) для современных жилых интерьеров. КЕРАМОТЕКА.,На складе,$$$,https://www.keramoteka.ru/upload/uf/043/keramoteka-atlas-concorde-arty-bord.pdf,Статус NHS - ОТСУТСВУЕТ,Мозаика /Керамогранит/,Nutmeg Brick,15X59 СМ,ADJP,./temp_files/img/ATLAS CONCORDE_BORD_Nutmeg Brick.jpg
ATLAS CONCORDE,./temp_files/logo/ATLAS CONCORDE.png,"atlas concorde, атлас конкорд, плитка atlas concorde, керамогранит atlas concorde, плитка, керамогранит, atlas concord, плитка конкорд, плитка atlas, поставщик, атлас конкорд италия, атлас конкорд сайт","Каталог керамической плитки и керамогранита ATLAS CONCORDE / АТЛАС КОНКОРД (Италия) от прямого поставщика КЕРАМОТЕКА. Низкие цены, скидки. Оптовые и розничные продажи. Материал в наличии.",ATLAS CONCORDE / АТЛАС КОНКОРД (Италия) Керамическая плитка и керамогранит от прямого поставщика - компании КЕРАМОТЕКА,Италия,BORD,"atlas concorde bord, атлас конкорд борд, керамогранит bord, sesame, cumin, cinnamon, nutmeg, salt, tamarindo, liquorice, напольная плитка, керамогранит, керамический паркет, купить, поставщик, скидки",Каталог керамического гранита (керамического паркета) ATLAS CONCORDE BORD / АТЛАС КОНКОРД БОРД от прямого поставщика КЕРАМОТЕКА. Опт и розница. В наличии. Скидки. Цены.,ATLAS CONCORDE BORD / АТЛАС КОНКОРД БОРД - керамический паркет (керамогранит) для современных жилых интерьеров. КЕРАМОТЕКА.,На складе,$$$,https://www.keramoteka.ru/upload/uf/043/keramoteka-atlas-concorde-arty-bord.pdf,Статус NHS - ОТСУТСВУЕТ,Мозаика /Керамогранит/,Salt Brick,15X59 СМ,ADJL,./temp_files/img/ATLAS CONCORDE_BORD_Salt Brick.jpg
ATLAS CONCORDE,./temp_files/logo/ATLAS CONCORDE.png,"atlas concorde, атлас конкорд, плитка atlas concorde, керамогранит atlas concorde, плитка, керамогранит, atlas concord, плитка конкорд, плитка atlas, поставщик, атлас конкорд италия, атлас конкорд сайт","Каталог керамической плитки и керамогранита ATLAS CONCORDE / АТЛАС КОНКОРД (Италия) от прямого поставщика КЕРАМОТЕКА. Низкие цены, скидки. Оптовые и розничные продажи. Материал в наличии.",ATLAS CONCORDE / АТЛАС КОНКОРД (Италия) Керамическая плитка и керамогранит от прямого поставщика - компании КЕРАМОТЕКА,Италия,BORD,"atlas concorde bord, атлас конкорд борд, керамогранит bord, sesame, cumin, cinnamon, nutmeg, salt, tamarindo, liquorice, напольная плитка, керамогранит, керамический паркет, купить, поставщик, скидки",Каталог керамического гранита (керамического паркета) ATLAS CONCORDE BORD / АТЛАС КОНКОРД БОРД от прямого поставщика КЕРАМОТЕКА. Опт и розница. В наличии. Скидки. Цены.,ATLAS CONCORDE BORD / АТЛАС КОНКОРД БОРД - керамический паркет (керамогранит) для современных жилых интерьеров. КЕРАМОТЕКА.,На складе,$$$,https://www.keramoteka.ru/upload/uf/043/keramoteka-atlas-concorde-arty-bord.pdf,Статус NHS - ОТСУТСВУЕТ,Мозаика /Керамогранит/,Tamarindo Brick,15X59 СМ,ADJQ,./temp_files/img/ATLAS CONCORDE_BORD_Tamarindo Brick.jpg
ATLAS CONCORDE,./temp_files/logo/ATLAS CONCORDE.png,"atlas concorde, атлас конкорд, плитка atlas concorde, керамогранит atlas concorde, плитка, керамогранит, atlas concord, плитка конкорд, плитка atlas, поставщик, атлас конкорд италия, атлас конкорд сайт","Каталог керамической плитки и керамогранита ATLAS CONCORDE / АТЛАС КОНКОРД (Италия) от прямого поставщика КЕРАМОТЕКА. Низкие цены, скидки. Оптовые и розничные продажи. Материал в наличии.",ATLAS CONCORDE / АТЛАС КОНКОРД (Италия) Керамическая плитка и керамогранит от прямого поставщика - компании КЕРАМОТЕКА,Италия,BORD,"atlas concorde bord, атлас конкорд борд, керамогранит bord, sesame, cumin, cinnamon, nutmeg, salt, tamarindo, liquorice, напольная плитка, керамогранит, керамический паркет, купить, поставщик, скидки",Каталог керамического гранита (керамического паркета) ATLAS CONCORDE BORD / АТЛАС КОНКОРД БОРД от прямого поставщика КЕРАМОТЕКА. Опт и розница. В наличии. Скидки. Цены.,ATLAS CONCORDE BORD / АТЛАС КОНКОРД БОРД - керамический паркет (керамогранит) для современных жилых интерьеров. КЕРАМОТЕКА.,На складе,$$$,https://www.keramoteka.ru/upload/uf/043/keramoteka-atlas-concorde-arty-bord.pdf,Статус NHS - ОТСУТСВУЕТ,Мозаика /Керамогранит/,Liquorice Brick,15X59 СМ,ADJR,./temp_files/img/ATLAS CONCORDE_BORD_Liquorice Brick.jpg
ATLAS CONCORDE,./temp_files/logo/ATLAS CONCORDE.png,"atlas concorde, атлас конкорд, плитка atlas concorde, керамогранит atlas concorde, плитка, керамогранит, atlas concord, плитка конкорд, плитка atlas, поставщик, атлас конкорд италия, атлас конкорд сайт","Каталог керамической плитки и керамогранита ATLAS CONCORDE / АТЛАС КОНКОРД (Италия) от прямого поставщика КЕРАМОТЕКА. Низкие цены, скидки. Оптовые и розничные продажи. Материал в наличии.",ATLAS CONCORDE / АТЛАС КОНКОРД (Италия) Керамическая плитка и керамогранит от прямого поставщика - компании КЕРАМОТЕКА,Италия,BORD,"atlas concorde bord, атлас конкорд борд, керамогранит bord, sesame, cumin, cinnamon, nutmeg, salt, tamarindo, liquorice, напольная плитка, керамогранит, керамический паркет, купить, поставщик, скидки",Каталог керамического гранита (керамического паркета) ATLAS CONCORDE BORD / АТЛАС КОНКОРД БОРД от прямого поставщика КЕРАМОТЕКА. Опт и розница. В наличии. Скидки. Цены.,ATLAS CONCORDE BORD / АТЛАС КОНКОРД БОРД - керамический паркет (керамогранит) для современных жилых интерьеров. КЕРАМОТЕКА.,На складе,$$$,https://www.keramoteka.ru/upload/uf/043/keramoteka-atlas-concorde-arty-bord.pdf,Статус NHS - ОТСУТСВУЕТ,Мозаика /Керамогранит/,Multicolor Brick,15X59 СМ,ADO9,./temp_files/img/ATLAS CONCORDE_BORD_Multicolor Brick.jpg
ATLAS CONCORDE,./temp_files/logo/ATLAS CONCORDE.png,"atlas concorde, атлас конкорд, плитка atlas concorde, керамогранит atlas concorde, плитка, керамогранит, atlas concord, плитка конкорд, плитка atlas, поставщик, атлас конкорд италия, атлас конкорд сайт","Каталог керамической плитки и керамогранита ATLAS CONCORDE / АТЛАС КОНКОРД (Италия) от прямого поставщика КЕРАМОТЕКА. Низкие цены, скидки. Оптовые и розничные продажи. Материал в наличии.",ATLAS CONCORDE / АТЛАС КОНКОРД (Италия) Керамическая плитка и керамогранит от прямого поставщика - компании КЕРАМОТЕКА,Италия,BORD,"atlas concorde bord, атлас конкорд борд, керамогранит bord, sesame, cumin, cinnamon, nutmeg, salt, tamarindo, liquorice, напольная плитка, керамогранит, керамический паркет, купить, поставщик, скидки",Каталог керамического гранита (керамического паркета) ATLAS CONCORDE BORD / АТЛАС КОНКОРД БОРД от прямого поставщика КЕРАМОТЕКА. Опт и розница. В наличии. Скидки. Цены.,ATLAS CONCORDE BORD / АТЛАС КОНКОРД БОРД - керамический паркет (керамогранит) для современных жилых интерьеров. КЕРАМОТЕКА.,На складе,$$$,https://www.keramoteka.ru/upload/uf/043/keramoteka-atlas-concorde-arty-bord.pdf,Статус NHS - ОТСУТСВУЕТ,Мозаика /Керамогранит/,Sesame Mosaico Square 3D (Для стен),30X30 СМ,ADJT,./temp_files/img/ATLAS CONCORDE_BORD_Sesame Mosaico Square 3D (Для стен).jpg
ATLAS CONCORDE,./temp_files/logo/ATLAS CONCORDE.png,"atlas concorde, атлас конкорд, плитка atlas concorde, керамогранит atlas concorde, плитка, керамогранит, atlas concord, плитка конкорд, плитка atlas, поставщик, атлас конкорд италия, атлас конкорд сайт","Каталог керамической плитки и керамогранита ATLAS CONCORDE / АТЛАС КОНКОРД (Италия) от прямого поставщика КЕРАМОТЕКА. Низкие цены, скидки. Оптовые и розничные продажи. Материал в наличии.",ATLAS CONCORDE / АТЛАС КОНКОРД (Италия) Керамическая плитка и керамогранит от прямого поставщика - компании КЕРАМОТЕКА,Италия,BORD,"atlas concorde bord, атлас конкорд борд, керамогранит bord, sesame, cumin, cinnamon, nutmeg, salt, tamarindo, liquorice, напольная плитка, керамогранит, керамический паркет, купить, поставщик, скидки",Каталог керамического гранита (керамического паркета) ATLAS CONCORDE BORD / АТЛАС КОНКОРД БОРД от прямого поставщика КЕРАМОТЕКА. Опт и розница. В наличии. Скидки. Цены.,ATLAS CONCORDE BORD / АТЛАС КОНКОРД БОРД - керамический паркет (керамогранит) для современных жилых интерьеров. КЕРАМОТЕКА.,На складе,$$$,https://www.keramoteka.ru/upload/uf/043/keramoteka-atlas-concorde-arty-bord.pdf,Статус NHS - ОТСУТСВУЕТ,Мозаика /Керамогранит/,Cumin Mosaico Square 3D (Для стен),30X30 СМ,ADJU,./temp_files/img/ATLAS CONCORDE_BORD_Cumin Mosaico Square 3D (Для стен).jpg
ATLAS CONCORDE,./temp_files/logo/ATLAS CONCORDE.png,"atlas concorde, атлас конкорд, плитка atlas concorde, керамогранит atlas concorde, плитка, керамогранит, atlas concord, плитка конкорд, плитка atlas, поставщик, атлас конкорд италия, атлас конкорд сайт","Каталог керамической плитки и керамогранита ATLAS CONCORDE / АТЛАС КОНКОРД (Италия) от прямого поставщика КЕРАМОТЕКА. Низкие цены, скидки. Оптовые и розничные продажи. Материал в наличии.",ATLAS CONCORDE / АТЛАС КОНКОРД (Италия) Керамическая плитка и керамогранит от прямого поставщика - компании КЕРАМОТЕКА,Италия,BORD,"atlas concorde bord, атлас конкорд борд, керамогранит bord, sesame, cumin, cinnamon, nutmeg, salt, tamarindo, liquorice, напольная плитка, керамогранит, керамический паркет, купить, поставщик, скидки",Каталог керамического гранита (керамического паркета) ATLAS CONCORDE BORD / АТЛАС КОНКОРД БОРД от прямого поставщика КЕРАМОТЕКА. Опт и розница. В наличии. Скидки. Цены.,ATLAS CONCORDE BORD / АТЛАС КОНКОРД БОРД - керамический паркет (керамогранит) для современных жилых интерьеров. КЕРАМОТЕКА.,На складе,$$$,https://www.keramoteka.ru/upload/uf/043/keramoteka-atlas-concorde-arty-bord.pdf,Статус NHS - ОТСУТСВУЕТ,Мозаика /Керамогранит/,Cinnamon Mosaico Square 3D (Для стен),30X30 СМ,ADJV,./temp_files/img/ATLAS CONCORDE_BORD_Cinnamon Mosaico Square 3D (Для стен).jpg
ATLAS CONCORDE,./temp_files/logo/ATLAS CONCORDE.png,"atlas concorde, атлас конкорд, плитка atlas concorde, керамогранит atlas concorde, плитка, керамогранит, atlas concord, плитка конкорд, плитка atlas, поставщик, атлас конкорд италия, атлас конкорд сайт","Каталог керамической плитки и керамогранита ATLAS CONCORDE / АТЛАС КОНКОРД (Италия) от прямого поставщика КЕРАМОТЕКА. Низкие цены, скидки. Оптовые и розничные продажи. Материал в наличии.",ATLAS CONCORDE / АТЛАС КОНКОРД (Италия) Керамическая плитка и керамогранит от прямого поставщика - компании КЕРАМОТЕКА,Италия,BORD,"atlas concorde bord, атлас конкорд борд, керамогранит bord, sesame, cumin, cinnamon, nutmeg, salt, tamarindo, liquorice, напольная плитка, керамогранит, керамический паркет, купить, поставщик, скидки",Каталог керамического гранита (керамического паркета) ATLAS CONCORDE BORD / АТЛАС КОНКОРД БОРД от прямого поставщика КЕРАМОТЕКА. Опт и розница. В наличии. Скидки. Цены.,ATLAS CONCORDE BORD / АТЛАС КОНКОРД БОРД - керамический паркет (керамогранит) для современных жилых интерьеров. КЕРАМОТЕКА.,На складе,$$$,https://www.keramoteka.ru/upload/uf/043/keramoteka-atlas-concorde-arty-bord.pdf,Статус NHS - ОТСУТСВУЕТ,Мозаика /Керамогранит/,Nutmeg Mosaico Square 3D (Для стен),30X30 СМ,ADJW,./temp_files/img/ATLAS CONCORDE_BORD_Nutmeg Mosaico Square 3D (Для стен).jpg
ATLAS CONCORDE,./temp_files/logo/ATLAS CONCORDE.png,"atlas concorde, атлас конкорд, плитка atlas concorde, керамогранит atlas concorde, плитка, керамогранит, atlas concord, плитка конкорд, плитка atlas, поставщик, атлас конкорд италия, атлас конкорд сайт","Каталог керамической плитки и керамогранита ATLAS CONCORDE / АТЛАС КОНКОРД (Италия) от прямого поставщика КЕРАМОТЕКА. Низкие цены, скидки. Оптовые и розничные продажи. Материал в наличии.",ATLAS CONCORDE / АТЛАС КОНКОРД (Италия) Керамическая плитка и керамогранит от прямого поставщика - компании КЕРАМОТЕКА,Италия,BORD,"atlas concorde bord, атлас конкорд борд, керамогранит bord, sesame, cumin, cinnamon, nutmeg, salt, tamarindo, liquorice, напольная плитка, керамогранит, керамический паркет, купить, поставщик, скидки",Каталог керамического гранита (керамического паркета) ATLAS CONCORDE BORD / АТЛАС КОНКОРД БОРД от прямого поставщика КЕРАМОТЕКА. Опт и розница. В наличии. Скидки. Цены.,ATLAS CONCORDE BORD / АТЛАС КОНКОРД БОРД - керамический паркет (керамогранит) для современных жилых интерьеров. КЕРАМОТЕКА.,На складе,$$$,https://www.keramoteka.ru/upload/uf/043/keramoteka-atlas-concorde-arty-bord.pdf,Статус NHS - ОТСУТСВУЕТ,Мозаика /Керамогранит/,Salt Mosaico Square 3D (Для стен),30X30 СМ,ADJS,./temp_files/img/ATLAS CONCORDE_BORD_Salt Mosaico Square 3D (Для стен).jpg
ATLAS CONCORDE,./temp_files/logo/ATLAS CONCORDE.png,"atlas concorde, атлас конкорд, плитка atlas concorde, керамогранит atlas concorde, плитка, керамогранит, atlas concord, плитка конкорд, плитка atlas, поставщик, атлас конкорд италия, атлас конкорд сайт","Каталог керамической плитки и керамогранита ATLAS CONCORDE / АТЛАС КОНКОРД (Италия) от прямого поставщика КЕРАМОТЕКА. Низкие цены, скидки. Оптовые и розничные продажи. Материал в наличии.",ATLAS CONCORDE / АТЛАС КОНКОРД (Италия) Керамическая плитка и керамогранит от прямого поставщика - компании КЕРАМОТЕКА,Италия,BORD,"atlas concorde bord, атлас конкорд борд, керамогранит bord, sesame, cumin, cinnamon, nutmeg, salt, tamarindo, liquorice, напольная плитка, керамогранит, керамический паркет, купить, поставщик, скидки",Каталог керамического гранита (керамического паркета) ATLAS CONCORDE BORD / АТЛАС КОНКОРД БОРД от прямого поставщика КЕРАМОТЕКА. Опт и розница. В наличии. Скидки. Цены.,ATLAS CONCORDE BORD / АТЛАС КОНКОРД БОРД - керамический паркет (керамогранит) для современных жилых интерьеров. КЕРАМОТЕКА.,На складе,$$$,https://www.keramoteka.ru/upload/uf/043/keramoteka-atlas-concorde-arty-bord.pdf,Статус NHS - ОТСУТСВУЕТ,Мозаика /Керамогранит/,Tamarindo Mosaico Square 3D (Для стен),30X30 СМ,ADJX,./temp_files/img/ATLAS CONCORDE_BORD_Tamarindo Mosaico Square 3D (Для стен).jpg
ATLAS CONCORDE,./temp_files/logo/ATLAS CONCORDE.png,"atlas concorde, атлас конкорд, плитка atlas concorde, керамогранит atlas concorde, плитка, керамогранит, atlas concord, плитка конкорд, плитка atlas, поставщик, атлас конкорд италия, атлас конкорд сайт","Каталог керамической плитки и керамогранита ATLAS CONCORDE / АТЛАС КОНКОРД (Италия) от прямого поставщика КЕРАМОТЕКА. Низкие цены, скидки. Оптовые и розничные продажи. Материал в наличии.",ATLAS CONCORDE / АТЛАС КОНКОРД (Италия) Керамическая плитка и керамогранит от прямого поставщика - компании КЕРАМОТЕКА,Италия,BORD,"atlas concorde bord, атлас конкорд борд, керамогранит bord, sesame, cumin, cinnamon, nutmeg, salt, tamarindo, liquorice, напольная плитка, керамогранит, керамический паркет, купить, поставщик, скидки",Каталог керамического гранита (керамического паркета) ATLAS CONCORDE BORD / АТЛАС КОНКОРД БОРД от прямого поставщика КЕРАМОТЕКА. Опт и розница. В наличии. Скидки. Цены.,ATLAS CONCORDE BORD / АТЛАС КОНКОРД БОРД - керамический паркет (керамогранит) для современных жилых интерьеров. КЕРАМОТЕКА.,На складе,$$$,https://www.keramoteka.ru/upload/uf/043/keramoteka-atlas-concorde-arty-bord.pdf,Статус NHS - ОТСУТСВУЕТ,Мозаика /Керамогранит/,Liquorice Mosaico Square 3D (Для стен),30X30 СМ,ADJY,./temp_files/img/ATLAS CONCORDE_BORD_Liquorice Mosaico Square 3D (Для стен).jpg
ATLAS CONCORDE,./temp_files/logo/ATLAS CONCORDE.png,"atlas concorde, атлас конкорд, плитка atlas concorde, керамогранит atlas concorde, плитка, керамогранит, atlas concord, плитка конкорд, плитка atlas, поставщик, атлас конкорд италия, атлас конкорд сайт","Каталог керамической плитки и керамогранита ATLAS CONCORDE / АТЛАС КОНКОРД (Италия) от прямого поставщика КЕРАМОТЕКА. Низкие цены, скидки. Оптовые и розничные продажи. Материал в наличии.",ATLAS CONCORDE / АТЛАС КОНКОРД (Италия) Керамическая плитка и керамогранит от прямого поставщика - компании КЕРАМОТЕКА,Италия,BORD,"atlas concorde bord, атлас конкорд борд, керамогранит bord, sesame, cumin, cinnamon, nutmeg, salt, tamarindo, liquorice, напольная плитка, керамогранит, керамический паркет, купить, поставщик, скидки",Каталог керамического гранита (керамического паркета) ATLAS CONCORDE BORD / АТЛАС КОНКОРД БОРД от прямого поставщика КЕРАМОТЕКА. Опт и розница. В наличии. Скидки. Цены.,ATLAS CONCORDE BORD / АТЛАС КОНКОРД БОРД - керамический паркет (керамогранит) для современных жилых интерьеров. КЕРАМОТЕКА.,На складе,$$$,https://www.keramoteka.ru/upload/uf/043/keramoteka-atlas-concorde-arty-bord.pdf,Статус NHS - ОТСУТСВУЕТ,Мозаика /Керамогранит/,Sesame Mosaico Row 3D (Для стен),28X28 СМ,ADJ3,./temp_files/img/ATLAS CONCORDE_BORD_Sesame Mosaico Row 3D (Для стен).jpg
ATLAS CONCORDE,./temp_files/logo/ATLAS CONCORDE.png,"atlas concorde, атлас конкорд, плитка atlas concorde, керамогранит atlas concorde, плитка, керамогранит, atlas concord, плитка конкорд, плитка atlas, поставщик, атлас конкорд италия, атлас конкорд сайт","Каталог керамической плитки и керамогранита ATLAS CONCORDE / АТЛАС КОНКОРД (Италия) от прямого поставщика КЕРАМОТЕКА. Низкие цены, скидки. Оптовые и розничные продажи. Материал в наличии.",ATLAS CONCORDE / АТЛАС КОНКОРД (Италия) Керамическая плитка и керамогранит от прямого поставщика - компании КЕРАМОТЕКА,Италия,BORD,"atlas concorde bord, атлас конкорд борд, керамогранит bord, sesame, cumin, cinnamon, nutmeg, salt, tamarindo, liquorice, напольная плитка, керамогранит, керамический паркет, купить, поставщик, скидки",Каталог керамического гранита (керамического паркета) ATLAS CONCORDE BORD / АТЛАС КОНКОРД БОРД от прямого поставщика КЕРАМОТЕКА. Опт и розница. В наличии. Скидки. Цены.,ATLAS CONCORDE BORD / АТЛАС КОНКОРД БОРД - керамический паркет (керамогранит) для современных жилых интерьеров. КЕРАМОТЕКА.,На складе,$$$,https://www.keramoteka.ru/upload/uf/043/keramoteka-atlas-concorde-arty-bord.pdf,Статус NHS - ОТСУТСВУЕТ,Мозаика /Керамогранит/,Cumin Mosaico Row 3D (Для стен),28X28 СМ,ADJ4,./temp_files/img/ATLAS CONCORDE_BORD_Cumin Mosaico Row 3D (Для стен).jpg
ATLAS CONCORDE,./temp_files/logo/ATLAS CONCORDE.png,"atlas concorde, атлас конкорд, плитка atlas concorde, керамогранит atlas concorde, плитка, керамогранит, atlas concord, плитка конкорд, плитка atlas, поставщик, атлас конкорд италия, атлас конкорд сайт","Каталог керамической плитки и керамогранита ATLAS CONCORDE / АТЛАС КОНКОРД (Италия) от прямого поставщика КЕРАМОТЕКА. Низкие цены, скидки. Оптовые и розничные продажи. Материал в наличии.",ATLAS CONCORDE / АТЛАС КОНКОРД (Италия) Керамическая плитка и керамогранит от прямого поставщика - компании КЕРАМОТЕКА,Италия,BORD,"atlas concorde bord, атлас конкорд борд, керамогранит bord, sesame, cumin, cinnamon, nutmeg, salt, tamarindo, liquorice, напольная плитка, керамогранит, керамический паркет, купить, поставщик, скидки",Каталог керамического гранита (керамического паркета) ATLAS CONCORDE BORD / АТЛАС КОНКОРД БОРД от прямого поставщика КЕРАМОТЕКА. Опт и розница. В наличии. Скидки. Цены.,ATLAS CONCORDE BORD / АТЛАС КОНКОРД БОРД - керамический паркет (керамогранит) для современных жилых интерьеров. КЕРАМОТЕКА.,На складе,$$$,https://www.keramoteka.ru/upload/uf/043/keramoteka-atlas-concorde-arty-bord.pdf,Статус NHS - ОТСУТСВУЕТ,Мозаика /Керамогранит/,Cinnamon Mosaico Row 3D (Для стен),28X28 СМ,ADJ5,./temp_files/img/ATLAS CONCORDE_BORD_Cinnamon Mosaico Row 3D (Для стен).jpg
ATLAS CONCORDE,./temp_files/logo/ATLAS CONCORDE.png,"atlas concorde, атлас конкорд, плитка atlas concorde, керамогранит atlas concorde, плитка, керамогранит, atlas concord, плитка конкорд, плитка atlas, поставщик, атлас конкорд италия, атлас конкорд сайт","Каталог керамической плитки и керамогранита ATLAS CONCORDE / АТЛАС КОНКОРД (Италия) от прямого поставщика КЕРАМОТЕКА. Низкие цены, скидки. Оптовые и розничные продажи. Материал в наличии.",ATLAS CONCORDE / АТЛАС КОНКОРД (Италия) Керамическая плитка и керамогранит от прямого поставщика - компании КЕРАМОТЕКА,Италия,BORD,"atlas concorde bord, атлас конкорд борд, керамогранит bord, sesame, cumin, cinnamon, nutmeg, salt, tamarindo, liquorice, напольная плитка, керамогранит, керамический паркет, купить, поставщик, скидки",Каталог керамического гранита (керамического паркета) ATLAS CONCORDE BORD / АТЛАС КОНКОРД БОРД от прямого поставщика КЕРАМОТЕКА. Опт и розница. В наличии. Скидки. Цены.,ATLAS CONCORDE BORD / АТЛАС КОНКОРД БОРД - керамический паркет (керамогранит) для современных жилых интерьеров. КЕРАМОТЕКА.,На складе,$$$,https://www.keramoteka.ru/upload/uf/043/keramoteka-atlas-concorde-arty-bord.pdf,Статус NHS - ОТСУТСВУЕТ,Мозаика /Керамогранит/,Nutmeg Mosaico Row 3D (Для стен),28X28 СМ,ADJ6,./temp_files/img/ATLAS CONCORDE_BORD_Nutmeg Mosaico Row 3D (Для стен).jpg
ATLAS CONCORDE,./temp_files/logo/ATLAS CONCORDE.png,"atlas concorde, атлас конкорд, плитка atlas concorde, керамогранит atlas concorde, плитка, керамогранит, atlas concord, плитка конкорд, плитка atlas, поставщик, атлас конкорд италия, атлас конкорд сайт","Каталог керамической плитки и керамогранита ATLAS CONCORDE / АТЛАС КОНКОРД (Италия) от прямого поставщика КЕРАМОТЕКА. Низкие цены, скидки. Оптовые и розничные продажи. Материал в наличии.",ATLAS CONCORDE / АТЛАС КОНКОРД (Италия) Керамическая плитка и керамогранит от прямого поставщика - компании КЕРАМОТЕКА,Италия,BORD,"atlas concorde bord, атлас конкорд борд, керамогранит bord, sesame, cumin, cinnamon, nutmeg, salt, tamarindo, liquorice, напольная плитка, керамогранит, керамический паркет, купить, поставщик, скидки",Каталог керамического гранита (керамического паркета) ATLAS CONCORDE BORD / АТЛАС КОНКОРД БОРД от прямого поставщика КЕРАМОТЕКА. Опт и розница. В наличии. Скидки. Цены.,ATLAS CONCORDE BORD / АТЛАС КОНКОРД БОРД - керамический паркет (керамогранит) для современных жилых интерьеров. КЕРАМОТЕКА.,На складе,$$$,https://www.keramoteka.ru/upload/uf/043/keramoteka-atlas-concorde-arty-bord.pdf,Статус NHS - ОТСУТСВУЕТ,Мозаика /Керамогранит/,Salt Mosaico Row 3D (Для стен),28X28 СМ,ADJ2,./temp_files/img/ATLAS CONCORDE_BORD_Salt Mosaico Row 3D (Для стен).jpg
ATLAS CONCORDE,./temp_files/logo/ATLAS CONCORDE.png,"atlas concorde, атлас конкорд, плитка atlas concorde, керамогранит atlas concorde, плитка, керамогранит, atlas concord, плитка конкорд, плитка atlas, поставщик, атлас конкорд италия, атлас конкорд сайт","Каталог керамической плитки и керамогранита ATLAS CONCORDE / АТЛАС КОНКОРД (Италия) от прямого поставщика КЕРАМОТЕКА. Низкие цены, скидки. Оптовые и розничные продажи. Материал в наличии.",ATLAS CONCORDE / АТЛАС КОНКОРД (Италия) Керамическая плитка и керамогранит от прямого поставщика - компании КЕРАМОТЕКА,Италия,BORD,"atlas concorde bord, атлас конкорд борд, керамогранит bord, sesame, cumin, cinnamon, nutmeg, salt, tamarindo, liquorice, напольная плитка, керамогранит, керамический паркет, купить, поставщик, скидки",Каталог керамического гранита (керамического паркета) ATLAS CONCORDE BORD / АТЛАС КОНКОРД БОРД от прямого поставщика КЕРАМОТЕКА. Опт и розница. В наличии. Скидки. Цены.,ATLAS CONCORDE BORD / АТЛАС КОНКОРД БОРД - керамический паркет (керамогранит) для современных жилых интерьеров. КЕРАМОТЕКА.,На складе,$$$,https://www.keramoteka.ru/upload/uf/043/keramoteka-atlas-concorde-arty-bord.pdf,Статус NHS - ОТСУТСВУЕТ,Мозаика /Керамогранит/,Tamarindo Mosaico Row 3D (Для стен),28X28 СМ,ADJ7,./temp_files/img/ATLAS CONCORDE_BORD_Tamarindo Mosaico Row 3D (Для стен).jpg
ATLAS CONCORDE,./temp_files/logo/ATLAS CONCORDE.png,"atlas concorde, атлас конкорд, плитка atlas concorde, керамогранит atlas concorde, плитка, керамогранит, atlas concord, плитка конкорд, плитка atlas, поставщик, атлас конкорд италия, атлас конкорд сайт","Каталог керамической плитки и керамогранита ATLAS CONCORDE / АТЛАС КОНКОРД (Италия) от прямого поставщика КЕРАМОТЕКА. Низкие цены, скидки. Оптовые и розничные продажи. Материал в наличии.",ATLAS CONCORDE / АТЛАС КОНКОРД (Италия) Керамическая плитка и керамогранит от прямого поставщика - компании КЕРАМОТЕКА,Италия,BORD,"atlas concorde bord, атлас конкорд борд, керамогранит bord, sesame, cumin, cinnamon, nutmeg, salt, tamarindo, liquorice, напольная плитка, керамогранит, керамический паркет, купить, поставщик, скидки",Каталог керамического гранита (керамического паркета) ATLAS CONCORDE BORD / АТЛАС КОНКОРД БОРД от прямого поставщика КЕРАМОТЕКА. Опт и розница. В наличии. Скидки. Цены.,ATLAS CONCORDE BORD / АТЛАС КОНКОРД БОРД - керамический паркет (керамогранит) для современных жилых интерьеров. КЕРАМОТЕКА.,На складе,$$$,https://www.keramoteka.ru/upload/uf/043/keramoteka-atlas-concorde-arty-bord.pdf,Статус NHS - ОТСУТСВУЕТ,Мозаика /Керамогранит/,Liquorice Mosaico Row 3D (Для стен),28X28 СМ,ADJ8,./temp_files/img/ATLAS CONCORDE_BORD_Liquorice Mosaico Row 3D (Для стен).jpg
