ATLAS CONCORDE,./temp_files/logo/ATLAS CONCORDE.png,"atlas concorde, атлас конкорд, плитка atlas concorde, керамогранит atlas concorde, плитка, керамогранит, atlas concord, плитка конкорд, плитка atlas, поставщик, атлас конкорд италия, атлас конкорд сайт","Каталог керамической плитки и керамогранита ATLAS CONCORDE / АТЛАС КОНКОРД (Италия) от прямого поставщика КЕРАМОТЕКА. Низкие цены, скидки. Оптовые и розничные продажи. Материал в наличии.",ATLAS CONCORDE / АТЛАС КОНКОРД (Италия) Керамическая плитка и керамогранит от прямого поставщика - компании КЕРАМОТЕКА,Италия,GLOW,"atlas concorde glow, атлас конкорд глоу, керамогранит glow, купить, поставщик, скидки, цены",Каталог керамического гранита ATLAS CONCORDE GLOW от прямого поставщика КЕРАМОТЕКА. Опт и розница. Скидки. Цены.,ATLAS CONCORDE GLOW / АТЛАС КОНКОРД ГЛОУ - оригинальный керамогранит для общественных и жилых пространств. КЕРАМОТЕКА.,Под заказ,$$$,https://www.keramoteka.ru/upload/uf/c10/keramoteka-atlas-concorde-glow.pdf,СНЯТО С ПРОИЗВОДСТВА,Керамогранит,Moon,60X60 СМ,AM01,./temp_files/img/ATLAS CONCORDE_GLOW_Moon.jpg
ATLAS CONCORDE,./temp_files/logo/ATLAS CONCORDE.png,"atlas concorde, атлас конкорд, плитка atlas concorde, керамогранит atlas concorde, плитка, керамогранит, atlas concord, плитка конкорд, плитка atlas, поставщик, атлас конкорд италия, атлас конкорд сайт","Каталог керамической плитки и керамогранита ATLAS CONCORDE / АТЛАС КОНКОРД (Италия) от прямого поставщика КЕРАМОТЕКА. Низкие цены, скидки. Оптовые и розничные продажи. Материал в наличии.",ATLAS CONCORDE / АТЛАС КОНКОРД (Италия) Керамическая плитка и керамогранит от прямого поставщика - компании КЕРАМОТЕКА,Италия,GLOW,"atlas concorde glow, атлас конкорд глоу, керамогранит glow, купить, поставщик, скидки, цены",Каталог керамического гранита ATLAS CONCORDE GLOW от прямого поставщика КЕРАМОТЕКА. Опт и розница. Скидки. Цены.,ATLAS CONCORDE GLOW / АТЛАС КОНКОРД ГЛОУ - оригинальный керамогранит для общественных и жилых пространств. КЕРАМОТЕКА.,Под заказ,$$$,https://www.keramoteka.ru/upload/uf/c10/keramoteka-atlas-concorde-glow.pdf,СНЯТО С ПРОИЗВОДСТВА,Керамогранит,Star,60X60 СМ,AM06,./temp_files/img/ATLAS CONCORDE_GLOW_Star.jpg
ATLAS CONCORDE,./temp_files/logo/ATLAS CONCORDE.png,"atlas concorde, атлас конкорд, плитка atlas concorde, керамогранит atlas concorde, плитка, керамогранит, atlas concord, плитка конкорд, плитка atlas, поставщик, атлас конкорд италия, атлас конкорд сайт","Каталог керамической плитки и керамогранита ATLAS CONCORDE / АТЛАС КОНКОРД (Италия) от прямого поставщика КЕРАМОТЕКА. Низкие цены, скидки. Оптовые и розничные продажи. Материал в наличии.",ATLAS CONCORDE / АТЛАС КОНКОРД (Италия) Керамическая плитка и керамогранит от прямого поставщика - компании КЕРАМОТЕКА,Италия,GLOW,"atlas concorde glow, атлас конкорд глоу, керамогранит glow, купить, поставщик, скидки, цены",Каталог керамического гранита ATLAS CONCORDE GLOW от прямого поставщика КЕРАМОТЕКА. Опт и розница. Скидки. Цены.,ATLAS CONCORDE GLOW / АТЛАС КОНКОРД ГЛОУ - оригинальный керамогранит для общественных и жилых пространств. КЕРАМОТЕКА.,Под заказ,$$$,https://www.keramoteka.ru/upload/uf/c10/keramoteka-atlas-concorde-glow.pdf,СНЯТО С ПРОИЗВОДСТВА,Керамогранит,Sun,60X60 СМ,AM02,./temp_files/img/ATLAS CONCORDE_GLOW_Sun.jpg
ATLAS CONCORDE,./temp_files/logo/ATLAS CONCORDE.png,"atlas concorde, атлас конкорд, плитка atlas concorde, керамогранит atlas concorde, плитка, керамогранит, atlas concord, плитка конкорд, плитка atlas, поставщик, атлас конкорд италия, атлас конкорд сайт","Каталог керамической плитки и керамогранита ATLAS CONCORDE / АТЛАС КОНКОРД (Италия) от прямого поставщика КЕРАМОТЕКА. Низкие цены, скидки. Оптовые и розничные продажи. Материал в наличии.",ATLAS CONCORDE / АТЛАС КОНКОРД (Италия) Керамическая плитка и керамогранит от прямого поставщика - компании КЕРАМОТЕКА,Италия,GLOW,"atlas concorde glow, атлас конкорд глоу, керамогранит glow, купить, поставщик, скидки, цены",Каталог керамического гранита ATLAS CONCORDE GLOW от прямого поставщика КЕРАМОТЕКА. Опт и розница. Скидки. Цены.,ATLAS CONCORDE GLOW / АТЛАС КОНКОРД ГЛОУ - оригинальный керамогранит для общественных и жилых пространств. КЕРАМОТЕКА.,Под заказ,$$$,https://www.keramoteka.ru/upload/uf/c10/keramoteka-atlas-concorde-glow.pdf,СНЯТО С ПРОИЗВОДСТВА,Керамогранит,Moon,30X60 СМ,AM15,./temp_files/img/ATLAS CONCORDE_GLOW_Moon.jpg
ATLAS CONCORDE,./temp_files/logo/ATLAS CONCORDE.png,"atlas concorde, атлас конкорд, плитка atlas concorde, керамогранит atlas concorde, плитка, керамогранит, atlas concord, плитка конкорд, плитка atlas, поставщик, атлас конкорд италия, атлас конкорд сайт","Каталог керамической плитки и керамогранита ATLAS CONCORDE / АТЛАС КОНКОРД (Италия) от прямого поставщика КЕРАМОТЕКА. Низкие цены, скидки. Оптовые и розничные продажи. Материал в наличии.",ATLAS CONCORDE / АТЛАС КОНКОРД (Италия) Керамическая плитка и керамогранит от прямого поставщика - компании КЕРАМОТЕКА,Италия,GLOW,"atlas concorde glow, атлас конкорд глоу, керамогранит glow, купить, поставщик, скидки, цены",Каталог керамического гранита ATLAS CONCORDE GLOW от прямого поставщика КЕРАМОТЕКА. Опт и розница. Скидки. Цены.,ATLAS CONCORDE GLOW / АТЛАС КОНКОРД ГЛОУ - оригинальный керамогранит для общественных и жилых пространств. КЕРАМОТЕКА.,Под заказ,$$$,https://www.keramoteka.ru/upload/uf/c10/keramoteka-atlas-concorde-glow.pdf,СНЯТО С ПРОИЗВОДСТВА,Керамогранит,Planet,30X60 СМ,AM17,./temp_files/img/ATLAS CONCORDE_GLOW_Planet.jpg
ATLAS CONCORDE,./temp_files/logo/ATLAS CONCORDE.png,"atlas concorde, атлас конкорд, плитка atlas concorde, керамогранит atlas concorde, плитка, керамогранит, atlas concord, плитка конкорд, плитка atlas, поставщик, атлас конкорд италия, атлас конкорд сайт","Каталог керамической плитки и керамогранита ATLAS CONCORDE / АТЛАС КОНКОРД (Италия) от прямого поставщика КЕРАМОТЕКА. Низкие цены, скидки. Оптовые и розничные продажи. Материал в наличии.",ATLAS CONCORDE / АТЛАС КОНКОРД (Италия) Керамическая плитка и керамогранит от прямого поставщика - компании КЕРАМОТЕКА,Италия,GLOW,"atlas concorde glow, атлас конкорд глоу, керамогранит glow, купить, поставщик, скидки, цены",Каталог керамического гранита ATLAS CONCORDE GLOW от прямого поставщика КЕРАМОТЕКА. Опт и розница. Скидки. Цены.,ATLAS CONCORDE GLOW / АТЛАС КОНКОРД ГЛОУ - оригинальный керамогранит для общественных и жилых пространств. КЕРАМОТЕКА.,Под заказ,$$$,https://www.keramoteka.ru/upload/uf/c10/keramoteka-atlas-concorde-glow.pdf,СНЯТО С ПРОИЗВОДСТВА,Керамогранит,Star,30X60 СМ,AM21,./temp_files/img/ATLAS CONCORDE_GLOW_Star.jpg
ATLAS CONCORDE,./temp_files/logo/ATLAS CONCORDE.png,"atlas concorde, атлас конкорд, плитка atlas concorde, керамогранит atlas concorde, плитка, керамогранит, atlas concord, плитка конкорд, плитка atlas, поставщик, атлас конкорд италия, атлас конкорд сайт","Каталог керамической плитки и керамогранита ATLAS CONCORDE / АТЛАС КОНКОРД (Италия) от прямого поставщика КЕРАМОТЕКА. Низкие цены, скидки. Оптовые и розничные продажи. Материал в наличии.",ATLAS CONCORDE / АТЛАС КОНКОРД (Италия) Керамическая плитка и керамогранит от прямого поставщика - компании КЕРАМОТЕКА,Италия,GLOW,"atlas concorde glow, атлас конкорд глоу, керамогранит glow, купить, поставщик, скидки, цены",Каталог керамического гранита ATLAS CONCORDE GLOW от прямого поставщика КЕРАМОТЕКА. Опт и розница. Скидки. Цены.,ATLAS CONCORDE GLOW / АТЛАС КОНКОРД ГЛОУ - оригинальный керамогранит для общественных и жилых пространств. КЕРАМОТЕКА.,Под заказ,$$$,https://www.keramoteka.ru/upload/uf/c10/keramoteka-atlas-concorde-glow.pdf,СНЯТО С ПРОИЗВОДСТВА,Керамогранит,Sun,30X60 СМ,AM16,./temp_files/img/ATLAS CONCORDE_GLOW_Sun.jpg
ATLAS CONCORDE,./temp_files/logo/ATLAS CONCORDE.png,"atlas concorde, атлас конкорд, плитка atlas concorde, керамогранит atlas concorde, плитка, керамогранит, atlas concord, плитка конкорд, плитка atlas, поставщик, атлас конкорд италия, атлас конкорд сайт","Каталог керамической плитки и керамогранита ATLAS CONCORDE / АТЛАС КОНКОРД (Италия) от прямого поставщика КЕРАМОТЕКА. Низкие цены, скидки. Оптовые и розничные продажи. Материал в наличии.",ATLAS CONCORDE / АТЛАС КОНКОРД (Италия) Керамическая плитка и керамогранит от прямого поставщика - компании КЕРАМОТЕКА,Италия,GLOW,"atlas concorde glow, атлас конкорд глоу, керамогранит glow, купить, поставщик, скидки, цены",Каталог керамического гранита ATLAS CONCORDE GLOW от прямого поставщика КЕРАМОТЕКА. Опт и розница. Скидки. Цены.,ATLAS CONCORDE GLOW / АТЛАС КОНКОРД ГЛОУ - оригинальный керамогранит для общественных и жилых пространств. КЕРАМОТЕКА.,Под заказ,$$$,https://www.keramoteka.ru/upload/uf/c10/keramoteka-atlas-concorde-glow.pdf,СНЯТО С ПРОИЗВОДСТВА,Керамогранит,Moon,15X60 СМ,LWV1,./temp_files/img/ATLAS CONCORDE_GLOW_Moon.jpg
ATLAS CONCORDE,./temp_files/logo/ATLAS CONCORDE.png,"atlas concorde, атлас конкорд, плитка atlas concorde, керамогранит atlas concorde, плитка, керамогранит, atlas concord, плитка конкорд, плитка atlas, поставщик, атлас конкорд италия, атлас конкорд сайт","Каталог керамической плитки и керамогранита ATLAS CONCORDE / АТЛАС КОНКОРД (Италия) от прямого поставщика КЕРАМОТЕКА. Низкие цены, скидки. Оптовые и розничные продажи. Материал в наличии.",ATLAS CONCORDE / АТЛАС КОНКОРД (Италия) Керамическая плитка и керамогранит от прямого поставщика - компании КЕРАМОТЕКА,Италия,GLOW,"atlas concorde glow, атлас конкорд глоу, керамогранит glow, купить, поставщик, скидки, цены",Каталог керамического гранита ATLAS CONCORDE GLOW от прямого поставщика КЕРАМОТЕКА. Опт и розница. Скидки. Цены.,ATLAS CONCORDE GLOW / АТЛАС КОНКОРД ГЛОУ - оригинальный керамогранит для общественных и жилых пространств. КЕРАМОТЕКА.,Под заказ,$$$,https://www.keramoteka.ru/upload/uf/c10/keramoteka-atlas-concorde-glow.pdf,СНЯТО С ПРОИЗВОДСТВА,Керамогранит,Planet,15X60 СМ,LWV3,./temp_files/img/ATLAS CONCORDE_GLOW_Planet.jpg
ATLAS CONCORDE,./temp_files/logo/ATLAS CONCORDE.png,"atlas concorde, атлас конкорд, плитка atlas concorde, керамогранит atlas concorde, плитка, керамогранит, atlas concord, плитка конкорд, плитка atlas, поставщик, атлас конкорд италия, атлас конкорд сайт","Каталог керамической плитки и керамогранита ATLAS CONCORDE / АТЛАС КОНКОРД (Италия) от прямого поставщика КЕРАМОТЕКА. Низкие цены, скидки. Оптовые и розничные продажи. Материал в наличии.",ATLAS CONCORDE / АТЛАС КОНКОРД (Италия) Керамическая плитка и керамогранит от прямого поставщика - компании КЕРАМОТЕКА,Италия,GLOW,"atlas concorde glow, атлас конкорд глоу, керамогранит glow, купить, поставщик, скидки, цены",Каталог керамического гранита ATLAS CONCORDE GLOW от прямого поставщика КЕРАМОТЕКА. Опт и розница. Скидки. Цены.,ATLAS CONCORDE GLOW / АТЛАС КОНКОРД ГЛОУ - оригинальный керамогранит для общественных и жилых пространств. КЕРАМОТЕКА.,Под заказ,$$$,https://www.keramoteka.ru/upload/uf/c10/keramoteka-atlas-concorde-glow.pdf,СНЯТО С ПРОИЗВОДСТВА,Керамогранит,Sun,15X60 СМ,LWV2,./temp_files/img/ATLAS CONCORDE_GLOW_Sun.jpg
