ATLAS CONCORDE,./temp_files/logo/ATLAS CONCORDE.png,"atlas concorde, атлас конкорд, плитка atlas concorde, керамогранит atlas concorde, плитка, керамогранит, atlas concord, плитка конкорд, плитка atlas, поставщик, атлас конкорд италия, атлас конкорд сайт","Каталог керамической плитки и керамогранита ATLAS CONCORDE / АТЛАС КОНКОРД (Италия) от прямого поставщика КЕРАМОТЕКА. Низкие цены, скидки. Оптовые и розничные продажи. Материал в наличии.",ATLAS CONCORDE / АТЛАС КОНКОРД (Италия) Керамическая плитка и керамогранит от прямого поставщика - компании КЕРАМОТЕКА,Италия,ADVANCE,"atlas concorde advance, атлас конкорд эдванс, керамогранит advance, купить, поставщик, скидки",Каталог керамического гранита ATLAS CONCORDE ADVANCE от прямого поставщика КЕРАМОТЕКА. Опт и розница. Скидки. Цены.,ATLAS CONCORDE ADVANCE / АТЛАС КОНКОРД ЭДВАНС - проектный керамогранит для общественных пространств. КЕРАМОТЕКА.,Под заказ,$$$,https://www.keramoteka.ru/upload/uf/813/keramoteka-atlas-concorde-advance.pdf,Статус NHS - ОТСУТСВУЕТ,Керамогранит,Moca Creme,45X90 СМ,8G95,./temp_files/img/ATLAS CONCORDE_ADVANCE_Moca Creme.jpg
ATLAS CONCORDE,./temp_files/logo/ATLAS CONCORDE.png,"atlas concorde, атлас конкорд, плитка atlas concorde, керамогранит atlas concorde, плитка, керамогранит, atlas concord, плитка конкорд, плитка atlas, поставщик, атлас конкорд италия, атлас конкорд сайт","Каталог керамической плитки и керамогранита ATLAS CONCORDE / АТЛАС КОНКОРД (Италия) от прямого поставщика КЕРАМОТЕКА. Низкие цены, скидки. Оптовые и розничные продажи. Материал в наличии.",ATLAS CONCORDE / АТЛАС КОНКОРД (Италия) Керамическая плитка и керамогранит от прямого поставщика - компании КЕРАМОТЕКА,Италия,ADVANCE,"atlas concorde advance, атлас конкорд эдванс, керамогранит advance, купить, поставщик, скидки",Каталог керамического гранита ATLAS CONCORDE ADVANCE от прямого поставщика КЕРАМОТЕКА. Опт и розница. Скидки. Цены.,ATLAS CONCORDE ADVANCE / АТЛАС КОНКОРД ЭДВАНС - проектный керамогранит для общественных пространств. КЕРАМОТЕКА.,Под заказ,$$$,https://www.keramoteka.ru/upload/uf/813/keramoteka-atlas-concorde-advance.pdf,Статус NHS - ОТСУТСВУЕТ,Керамогранит,Grigio Lipica,45X90 СМ,8G94,./temp_files/img/ATLAS CONCORDE_ADVANCE_Grigio Lipica.jpg
ATLAS CONCORDE,./temp_files/logo/ATLAS CONCORDE.png,"atlas concorde, атлас конкорд, плитка atlas concorde, керамогранит atlas concorde, плитка, керамогранит, atlas concord, плитка конкорд, плитка atlas, поставщик, атлас конкорд италия, атлас конкорд сайт","Каталог керамической плитки и керамогранита ATLAS CONCORDE / АТЛАС КОНКОРД (Италия) от прямого поставщика КЕРАМОТЕКА. Низкие цены, скидки. Оптовые и розничные продажи. Материал в наличии.",ATLAS CONCORDE / АТЛАС КОНКОРД (Италия) Керамическая плитка и керамогранит от прямого поставщика - компании КЕРАМОТЕКА,Италия,ADVANCE,"atlas concorde advance, атлас конкорд эдванс, керамогранит advance, купить, поставщик, скидки",Каталог керамического гранита ATLAS CONCORDE ADVANCE от прямого поставщика КЕРАМОТЕКА. Опт и розница. Скидки. Цены.,ATLAS CONCORDE ADVANCE / АТЛАС КОНКОРД ЭДВАНС - проектный керамогранит для общественных пространств. КЕРАМОТЕКА.,Под заказ,$$$,https://www.keramoteka.ru/upload/uf/813/keramoteka-atlas-concorde-advance.pdf,Статус NHS - ОТСУТСВУЕТ,Керамогранит,Bianco Brera,45X90 СМ,8G92,./temp_files/img/ATLAS CONCORDE_ADVANCE_Bianco Brera.jpg
ATLAS CONCORDE,./temp_files/logo/ATLAS CONCORDE.png,"atlas concorde, атлас конкорд, плитка atlas concorde, керамогранит atlas concorde, плитка, керамогранит, atlas concord, плитка конкорд, плитка atlas, поставщик, атлас конкорд италия, атлас конкорд сайт","Каталог керамической плитки и керамогранита ATLAS CONCORDE / АТЛАС КОНКОРД (Италия) от прямого поставщика КЕРАМОТЕКА. Низкие цены, скидки. Оптовые и розничные продажи. Материал в наличии.",ATLAS CONCORDE / АТЛАС КОНКОРД (Италия) Керамическая плитка и керамогранит от прямого поставщика - компании КЕРАМОТЕКА,Италия,ADVANCE,"atlas concorde advance, атлас конкорд эдванс, керамогранит advance, купить, поставщик, скидки",Каталог керамического гранита ATLAS CONCORDE ADVANCE от прямого поставщика КЕРАМОТЕКА. Опт и розница. Скидки. Цены.,ATLAS CONCORDE ADVANCE / АТЛАС КОНКОРД ЭДВАНС - проектный керамогранит для общественных пространств. КЕРАМОТЕКА.,Под заказ,$$$,https://www.keramoteka.ru/upload/uf/813/keramoteka-atlas-concorde-advance.pdf,Статус NHS - ОТСУТСВУЕТ,Керамогранит,Dorato Aral,45X90 СМ,8G93,./temp_files/img/ATLAS CONCORDE_ADVANCE_Dorato Aral.jpg
ATLAS CONCORDE,./temp_files/logo/ATLAS CONCORDE.png,"atlas concorde, атлас конкорд, плитка atlas concorde, керамогранит atlas concorde, плитка, керамогранит, atlas concord, плитка конкорд, плитка atlas, поставщик, атлас конкорд италия, атлас конкорд сайт","Каталог керамической плитки и керамогранита ATLAS CONCORDE / АТЛАС КОНКОРД (Италия) от прямого поставщика КЕРАМОТЕКА. Низкие цены, скидки. Оптовые и розничные продажи. Материал в наличии.",ATLAS CONCORDE / АТЛАС КОНКОРД (Италия) Керамическая плитка и керамогранит от прямого поставщика - компании КЕРАМОТЕКА,Италия,ADVANCE,"atlas concorde advance, атлас конкорд эдванс, керамогранит advance, купить, поставщик, скидки",Каталог керамического гранита ATLAS CONCORDE ADVANCE от прямого поставщика КЕРАМОТЕКА. Опт и розница. Скидки. Цены.,ATLAS CONCORDE ADVANCE / АТЛАС КОНКОРД ЭДВАНС - проектный керамогранит для общественных пространств. КЕРАМОТЕКА.,Под заказ,$$$,https://www.keramoteka.ru/upload/uf/813/keramoteka-atlas-concorde-advance.pdf,Статус NHS - ОТСУТСВУЕТ,Керамогранит,Nero Basalto,45X90 СМ,8G91,./temp_files/img/ATLAS CONCORDE_ADVANCE_Nero Basalto.jpg
ATLAS CONCORDE,./temp_files/logo/ATLAS CONCORDE.png,"atlas concorde, атлас конкорд, плитка atlas concorde, керамогранит atlas concorde, плитка, керамогранит, atlas concord, плитка конкорд, плитка atlas, поставщик, атлас конкорд италия, атлас конкорд сайт","Каталог керамической плитки и керамогранита ATLAS CONCORDE / АТЛАС КОНКОРД (Италия) от прямого поставщика КЕРАМОТЕКА. Низкие цены, скидки. Оптовые и розничные продажи. Материал в наличии.",ATLAS CONCORDE / АТЛАС КОНКОРД (Италия) Керамическая плитка и керамогранит от прямого поставщика - компании КЕРАМОТЕКА,Италия,ADVANCE,"atlas concorde advance, атлас конкорд эдванс, керамогранит advance, купить, поставщик, скидки",Каталог керамического гранита ATLAS CONCORDE ADVANCE от прямого поставщика КЕРАМОТЕКА. Опт и розница. Скидки. Цены.,ATLAS CONCORDE ADVANCE / АТЛАС КОНКОРД ЭДВАНС - проектный керамогранит для общественных пространств. КЕРАМОТЕКА.,Под заказ,$$$,https://www.keramoteka.ru/upload/uf/813/keramoteka-atlas-concorde-advance.pdf,Статус NHS - ОТСУТСВУЕТ,Керамогранит,Moca Creme Spazzolato,45X90 СМ,8G90,./temp_files/img/ATLAS CONCORDE_ADVANCE_Moca Creme Spazzolato.jpg
ATLAS CONCORDE,./temp_files/logo/ATLAS CONCORDE.png,"atlas concorde, атлас конкорд, плитка atlas concorde, керамогранит atlas concorde, плитка, керамогранит, atlas concord, плитка конкорд, плитка atlas, поставщик, атлас конкорд италия, атлас конкорд сайт","Каталог керамической плитки и керамогранита ATLAS CONCORDE / АТЛАС КОНКОРД (Италия) от прямого поставщика КЕРАМОТЕКА. Низкие цены, скидки. Оптовые и розничные продажи. Материал в наличии.",ATLAS CONCORDE / АТЛАС КОНКОРД (Италия) Керамическая плитка и керамогранит от прямого поставщика - компании КЕРАМОТЕКА,Италия,ADVANCE,"atlas concorde advance, атлас конкорд эдванс, керамогранит advance, купить, поставщик, скидки",Каталог керамического гранита ATLAS CONCORDE ADVANCE от прямого поставщика КЕРАМОТЕКА. Опт и розница. Скидки. Цены.,ATLAS CONCORDE ADVANCE / АТЛАС КОНКОРД ЭДВАНС - проектный керамогранит для общественных пространств. КЕРАМОТЕКА.,Под заказ,$$$,https://www.keramoteka.ru/upload/uf/813/keramoteka-atlas-concorde-advance.pdf,Статус NHS - ОТСУТСВУЕТ,Керамогранит,Grigio Lipica Spazzolato,45X90 СМ,8G99,./temp_files/img/ATLAS CONCORDE_ADVANCE_Grigio Lipica Spazzolato.jpg
ATLAS CONCORDE,./temp_files/logo/ATLAS CONCORDE.png,"atlas concorde, атлас конкорд, плитка atlas concorde, керамогранит atlas concorde, плитка, керамогранит, atlas concord, плитка конкорд, плитка atlas, поставщик, атлас конкорд италия, атлас конкорд сайт","Каталог керамической плитки и керамогранита ATLAS CONCORDE / АТЛАС КОНКОРД (Италия) от прямого поставщика КЕРАМОТЕКА. Низкие цены, скидки. Оптовые и розничные продажи. Материал в наличии.",ATLAS CONCORDE / АТЛАС КОНКОРД (Италия) Керамическая плитка и керамогранит от прямого поставщика - компании КЕРАМОТЕКА,Италия,ADVANCE,"atlas concorde advance, атлас конкорд эдванс, керамогранит advance, купить, поставщик, скидки",Каталог керамического гранита ATLAS CONCORDE ADVANCE от прямого поставщика КЕРАМОТЕКА. Опт и розница. Скидки. Цены.,ATLAS CONCORDE ADVANCE / АТЛАС КОНКОРД ЭДВАНС - проектный керамогранит для общественных пространств. КЕРАМОТЕКА.,Под заказ,$$$,https://www.keramoteka.ru/upload/uf/813/keramoteka-atlas-concorde-advance.pdf,Статус NHS - ОТСУТСВУЕТ,Керамогранит,Bianco Brera Spazzolato,45X90 СМ,8G97,./temp_files/img/ATLAS CONCORDE_ADVANCE_Bianco Brera Spazzolato.jpg
ATLAS CONCORDE,./temp_files/logo/ATLAS CONCORDE.png,"atlas concorde, атлас конкорд, плитка atlas concorde, керамогранит atlas concorde, плитка, керамогранит, atlas concord, плитка конкорд, плитка atlas, поставщик, атлас конкорд италия, атлас конкорд сайт","Каталог керамической плитки и керамогранита ATLAS CONCORDE / АТЛАС КОНКОРД (Италия) от прямого поставщика КЕРАМОТЕКА. Низкие цены, скидки. Оптовые и розничные продажи. Материал в наличии.",ATLAS CONCORDE / АТЛАС КОНКОРД (Италия) Керамическая плитка и керамогранит от прямого поставщика - компании КЕРАМОТЕКА,Италия,ADVANCE,"atlas concorde advance, атлас конкорд эдванс, керамогранит advance, купить, поставщик, скидки",Каталог керамического гранита ATLAS CONCORDE ADVANCE от прямого поставщика КЕРАМОТЕКА. Опт и розница. Скидки. Цены.,ATLAS CONCORDE ADVANCE / АТЛАС КОНКОРД ЭДВАНС - проектный керамогранит для общественных пространств. КЕРАМОТЕКА.,Под заказ,$$$,https://www.keramoteka.ru/upload/uf/813/keramoteka-atlas-concorde-advance.pdf,Статус NHS - ОТСУТСВУЕТ,Керамогранит,Dorato Aral Spazzolato,45X90 СМ,8G98,./temp_files/img/ATLAS CONCORDE_ADVANCE_Dorato Aral Spazzolato.jpg
ATLAS CONCORDE,./temp_files/logo/ATLAS CONCORDE.png,"atlas concorde, атлас конкорд, плитка atlas concorde, керамогранит atlas concorde, плитка, керамогранит, atlas concord, плитка конкорд, плитка atlas, поставщик, атлас конкорд италия, атлас конкорд сайт","Каталог керамической плитки и керамогранита ATLAS CONCORDE / АТЛАС КОНКОРД (Италия) от прямого поставщика КЕРАМОТЕКА. Низкие цены, скидки. Оптовые и розничные продажи. Материал в наличии.",ATLAS CONCORDE / АТЛАС КОНКОРД (Италия) Керамическая плитка и керамогранит от прямого поставщика - компании КЕРАМОТЕКА,Италия,ADVANCE,"atlas concorde advance, атлас конкорд эдванс, керамогранит advance, купить, поставщик, скидки",Каталог керамического гранита ATLAS CONCORDE ADVANCE от прямого поставщика КЕРАМОТЕКА. Опт и розница. Скидки. Цены.,ATLAS CONCORDE ADVANCE / АТЛАС КОНКОРД ЭДВАНС - проектный керамогранит для общественных пространств. КЕРАМОТЕКА.,Под заказ,$$$,https://www.keramoteka.ru/upload/uf/813/keramoteka-atlas-concorde-advance.pdf,Статус NHS - ОТСУТСВУЕТ,Керамогранит,Nero Basalto Spazzolato,45X90 СМ,8G96,./temp_files/img/ATLAS CONCORDE_ADVANCE_Nero Basalto Spazzolato.jpg
ATLAS CONCORDE,./temp_files/logo/ATLAS CONCORDE.png,"atlas concorde, атлас конкорд, плитка atlas concorde, керамогранит atlas concorde, плитка, керамогранит, atlas concord, плитка конкорд, плитка atlas, поставщик, атлас конкорд италия, атлас конкорд сайт","Каталог керамической плитки и керамогранита ATLAS CONCORDE / АТЛАС КОНКОРД (Италия) от прямого поставщика КЕРАМОТЕКА. Низкие цены, скидки. Оптовые и розничные продажи. Материал в наличии.",ATLAS CONCORDE / АТЛАС КОНКОРД (Италия) Керамическая плитка и керамогранит от прямого поставщика - компании КЕРАМОТЕКА,Италия,ADVANCE,"atlas concorde advance, атлас конкорд эдванс, керамогранит advance, купить, поставщик, скидки",Каталог керамического гранита ATLAS CONCORDE ADVANCE от прямого поставщика КЕРАМОТЕКА. Опт и розница. Скидки. Цены.,ATLAS CONCORDE ADVANCE / АТЛАС КОНКОРД ЭДВАНС - проектный керамогранит для общественных пространств. КЕРАМОТЕКА.,Под заказ,$$$,https://www.keramoteka.ru/upload/uf/813/keramoteka-atlas-concorde-advance.pdf,Статус NHS - ОТСУТСВУЕТ,Керамогранит,Moca Creme,60X60 СМ,7G95,./temp_files/img/ATLAS CONCORDE_ADVANCE_Moca Creme.jpg
ATLAS CONCORDE,./temp_files/logo/ATLAS CONCORDE.png,"atlas concorde, атлас конкорд, плитка atlas concorde, керамогранит atlas concorde, плитка, керамогранит, atlas concord, плитка конкорд, плитка atlas, поставщик, атлас конкорд италия, атлас конкорд сайт","Каталог керамической плитки и керамогранита ATLAS CONCORDE / АТЛАС КОНКОРД (Италия) от прямого поставщика КЕРАМОТЕКА. Низкие цены, скидки. Оптовые и розничные продажи. Материал в наличии.",ATLAS CONCORDE / АТЛАС КОНКОРД (Италия) Керамическая плитка и керамогранит от прямого поставщика - компании КЕРАМОТЕКА,Италия,ADVANCE,"atlas concorde advance, атлас конкорд эдванс, керамогранит advance, купить, поставщик, скидки",Каталог керамического гранита ATLAS CONCORDE ADVANCE от прямого поставщика КЕРАМОТЕКА. Опт и розница. Скидки. Цены.,ATLAS CONCORDE ADVANCE / АТЛАС КОНКОРД ЭДВАНС - проектный керамогранит для общественных пространств. КЕРАМОТЕКА.,Под заказ,$$$,https://www.keramoteka.ru/upload/uf/813/keramoteka-atlas-concorde-advance.pdf,Статус NHS - ОТСУТСВУЕТ,Керамогранит,Grigio Lipica,60X60 СМ,7G94,./temp_files/img/ATLAS CONCORDE_ADVANCE_Grigio Lipica.jpg
ATLAS CONCORDE,./temp_files/logo/ATLAS CONCORDE.png,"atlas concorde, атлас конкорд, плитка atlas concorde, керамогранит atlas concorde, плитка, керамогранит, atlas concord, плитка конкорд, плитка atlas, поставщик, атлас конкорд италия, атлас конкорд сайт","Каталог керамической плитки и керамогранита ATLAS CONCORDE / АТЛАС КОНКОРД (Италия) от прямого поставщика КЕРАМОТЕКА. Низкие цены, скидки. Оптовые и розничные продажи. Материал в наличии.",ATLAS CONCORDE / АТЛАС КОНКОРД (Италия) Керамическая плитка и керамогранит от прямого поставщика - компании КЕРАМОТЕКА,Италия,ADVANCE,"atlas concorde advance, атлас конкорд эдванс, керамогранит advance, купить, поставщик, скидки",Каталог керамического гранита ATLAS CONCORDE ADVANCE от прямого поставщика КЕРАМОТЕКА. Опт и розница. Скидки. Цены.,ATLAS CONCORDE ADVANCE / АТЛАС КОНКОРД ЭДВАНС - проектный керамогранит для общественных пространств. КЕРАМОТЕКА.,Под заказ,$$$,https://www.keramoteka.ru/upload/uf/813/keramoteka-atlas-concorde-advance.pdf,Статус NHS - ОТСУТСВУЕТ,Керамогранит,Bianco Brera,60X60 СМ,7G92,./temp_files/img/ATLAS CONCORDE_ADVANCE_Bianco Brera.jpg
ATLAS CONCORDE,./temp_files/logo/ATLAS CONCORDE.png,"atlas concorde, атлас конкорд, плитка atlas concorde, керамогранит atlas concorde, плитка, керамогранит, atlas concord, плитка конкорд, плитка atlas, поставщик, атлас конкорд италия, атлас конкорд сайт","Каталог керамической плитки и керамогранита ATLAS CONCORDE / АТЛАС КОНКОРД (Италия) от прямого поставщика КЕРАМОТЕКА. Низкие цены, скидки. Оптовые и розничные продажи. Материал в наличии.",ATLAS CONCORDE / АТЛАС КОНКОРД (Италия) Керамическая плитка и керамогранит от прямого поставщика - компании КЕРАМОТЕКА,Италия,ADVANCE,"atlas concorde advance, атлас конкорд эдванс, керамогранит advance, купить, поставщик, скидки",Каталог керамического гранита ATLAS CONCORDE ADVANCE от прямого поставщика КЕРАМОТЕКА. Опт и розница. Скидки. Цены.,ATLAS CONCORDE ADVANCE / АТЛАС КОНКОРД ЭДВАНС - проектный керамогранит для общественных пространств. КЕРАМОТЕКА.,Под заказ,$$$,https://www.keramoteka.ru/upload/uf/813/keramoteka-atlas-concorde-advance.pdf,Статус NHS - ОТСУТСВУЕТ,Керамогранит,Dorato Aral,60X60 СМ,7G93,./temp_files/img/ATLAS CONCORDE_ADVANCE_Dorato Aral.jpg
ATLAS CONCORDE,./temp_files/logo/ATLAS CONCORDE.png,"atlas concorde, атлас конкорд, плитка atlas concorde, керамогранит atlas concorde, плитка, керамогранит, atlas concord, плитка конкорд, плитка atlas, поставщик, атлас конкорд италия, атлас конкорд сайт","Каталог керамической плитки и керамогранита ATLAS CONCORDE / АТЛАС КОНКОРД (Италия) от прямого поставщика КЕРАМОТЕКА. Низкие цены, скидки. Оптовые и розничные продажи. Материал в наличии.",ATLAS CONCORDE / АТЛАС КОНКОРД (Италия) Керамическая плитка и керамогранит от прямого поставщика - компании КЕРАМОТЕКА,Италия,ADVANCE,"atlas concorde advance, атлас конкорд эдванс, керамогранит advance, купить, поставщик, скидки",Каталог керамического гранита ATLAS CONCORDE ADVANCE от прямого поставщика КЕРАМОТЕКА. Опт и розница. Скидки. Цены.,ATLAS CONCORDE ADVANCE / АТЛАС КОНКОРД ЭДВАНС - проектный керамогранит для общественных пространств. КЕРАМОТЕКА.,Под заказ,$$$,https://www.keramoteka.ru/upload/uf/813/keramoteka-atlas-concorde-advance.pdf,Статус NHS - ОТСУТСВУЕТ,Керамогранит,Nero Basalto,60X60 СМ,7G91,./temp_files/img/ATLAS CONCORDE_ADVANCE_Nero Basalto.jpg
ATLAS CONCORDE,./temp_files/logo/ATLAS CONCORDE.png,"atlas concorde, атлас конкорд, плитка atlas concorde, керамогранит atlas concorde, плитка, керамогранит, atlas concord, плитка конкорд, плитка atlas, поставщик, атлас конкорд италия, атлас конкорд сайт","Каталог керамической плитки и керамогранита ATLAS CONCORDE / АТЛАС КОНКОРД (Италия) от прямого поставщика КЕРАМОТЕКА. Низкие цены, скидки. Оптовые и розничные продажи. Материал в наличии.",ATLAS CONCORDE / АТЛАС КОНКОРД (Италия) Керамическая плитка и керамогранит от прямого поставщика - компании КЕРАМОТЕКА,Италия,ADVANCE,"atlas concorde advance, атлас конкорд эдванс, керамогранит advance, купить, поставщик, скидки",Каталог керамического гранита ATLAS CONCORDE ADVANCE от прямого поставщика КЕРАМОТЕКА. Опт и розница. Скидки. Цены.,ATLAS CONCORDE ADVANCE / АТЛАС КОНКОРД ЭДВАНС - проектный керамогранит для общественных пространств. КЕРАМОТЕКА.,Под заказ,$$$,https://www.keramoteka.ru/upload/uf/813/keramoteka-atlas-concorde-advance.pdf,Статус NHS - ОТСУТСВУЕТ,Керамогранит,Moca Creme Spazzolato,60X60 СМ,7G9E,./temp_files/img/ATLAS CONCORDE_ADVANCE_Moca Creme Spazzolato.jpg
ATLAS CONCORDE,./temp_files/logo/ATLAS CONCORDE.png,"atlas concorde, атлас конкорд, плитка atlas concorde, керамогранит atlas concorde, плитка, керамогранит, atlas concord, плитка конкорд, плитка atlas, поставщик, атлас конкорд италия, атлас конкорд сайт","Каталог керамической плитки и керамогранита ATLAS CONCORDE / АТЛАС КОНКОРД (Италия) от прямого поставщика КЕРАМОТЕКА. Низкие цены, скидки. Оптовые и розничные продажи. Материал в наличии.",ATLAS CONCORDE / АТЛАС КОНКОРД (Италия) Керамическая плитка и керамогранит от прямого поставщика - компании КЕРАМОТЕКА,Италия,ADVANCE,"atlas concorde advance, атлас конкорд эдванс, керамогранит advance, купить, поставщик, скидки",Каталог керамического гранита ATLAS CONCORDE ADVANCE от прямого поставщика КЕРАМОТЕКА. Опт и розница. Скидки. Цены.,ATLAS CONCORDE ADVANCE / АТЛАС КОНКОРД ЭДВАНС - проектный керамогранит для общественных пространств. КЕРАМОТЕКА.,Под заказ,$$$,https://www.keramoteka.ru/upload/uf/813/keramoteka-atlas-concorde-advance.pdf,Статус NHS - ОТСУТСВУЕТ,Керамогранит,Grigio Lipica Spazzolato,60X60 СМ,7G9D,./temp_files/img/ATLAS CONCORDE_ADVANCE_Grigio Lipica Spazzolato.jpg
ATLAS CONCORDE,./temp_files/logo/ATLAS CONCORDE.png,"atlas concorde, атлас конкорд, плитка atlas concorde, керамогранит atlas concorde, плитка, керамогранит, atlas concord, плитка конкорд, плитка atlas, поставщик, атлас конкорд италия, атлас конкорд сайт","Каталог керамической плитки и керамогранита ATLAS CONCORDE / АТЛАС КОНКОРД (Италия) от прямого поставщика КЕРАМОТЕКА. Низкие цены, скидки. Оптовые и розничные продажи. Материал в наличии.",ATLAS CONCORDE / АТЛАС КОНКОРД (Италия) Керамическая плитка и керамогранит от прямого поставщика - компании КЕРАМОТЕКА,Италия,ADVANCE,"atlas concorde advance, атлас конкорд эдванс, керамогранит advance, купить, поставщик, скидки",Каталог керамического гранита ATLAS CONCORDE ADVANCE от прямого поставщика КЕРАМОТЕКА. Опт и розница. Скидки. Цены.,ATLAS CONCORDE ADVANCE / АТЛАС КОНКОРД ЭДВАНС - проектный керамогранит для общественных пространств. КЕРАМОТЕКА.,Под заказ,$$$,https://www.keramoteka.ru/upload/uf/813/keramoteka-atlas-concorde-advance.pdf,Статус NHS - ОТСУТСВУЕТ,Керамогранит,Bianco Brera Spazzolato,60X60 СМ,7G9B,./temp_files/img/ATLAS CONCORDE_ADVANCE_Bianco Brera Spazzolato.jpg
ATLAS CONCORDE,./temp_files/logo/ATLAS CONCORDE.png,"atlas concorde, атлас конкорд, плитка atlas concorde, керамогранит atlas concorde, плитка, керамогранит, atlas concord, плитка конкорд, плитка atlas, поставщик, атлас конкорд италия, атлас конкорд сайт","Каталог керамической плитки и керамогранита ATLAS CONCORDE / АТЛАС КОНКОРД (Италия) от прямого поставщика КЕРАМОТЕКА. Низкие цены, скидки. Оптовые и розничные продажи. Материал в наличии.",ATLAS CONCORDE / АТЛАС КОНКОРД (Италия) Керамическая плитка и керамогранит от прямого поставщика - компании КЕРАМОТЕКА,Италия,ADVANCE,"atlas concorde advance, атлас конкорд эдванс, керамогранит advance, купить, поставщик, скидки",Каталог керамического гранита ATLAS CONCORDE ADVANCE от прямого поставщика КЕРАМОТЕКА. Опт и розница. Скидки. Цены.,ATLAS CONCORDE ADVANCE / АТЛАС КОНКОРД ЭДВАНС - проектный керамогранит для общественных пространств. КЕРАМОТЕКА.,Под заказ,$$$,https://www.keramoteka.ru/upload/uf/813/keramoteka-atlas-concorde-advance.pdf,Статус NHS - ОТСУТСВУЕТ,Керамогранит,Dorato Aral Spazzolato,60X60 СМ,7G9C,./temp_files/img/ATLAS CONCORDE_ADVANCE_Dorato Aral Spazzolato.jpg
ATLAS CONCORDE,./temp_files/logo/ATLAS CONCORDE.png,"atlas concorde, атлас конкорд, плитка atlas concorde, керамогранит atlas concorde, плитка, керамогранит, atlas concord, плитка конкорд, плитка atlas, поставщик, атлас конкорд италия, атлас конкорд сайт","Каталог керамической плитки и керамогранита ATLAS CONCORDE / АТЛАС КОНКОРД (Италия) от прямого поставщика КЕРАМОТЕКА. Низкие цены, скидки. Оптовые и розничные продажи. Материал в наличии.",ATLAS CONCORDE / АТЛАС КОНКОРД (Италия) Керамическая плитка и керамогранит от прямого поставщика - компании КЕРАМОТЕКА,Италия,ADVANCE,"atlas concorde advance, атлас конкорд эдванс, керамогранит advance, купить, поставщик, скидки",Каталог керамического гранита ATLAS CONCORDE ADVANCE от прямого поставщика КЕРАМОТЕКА. Опт и розница. Скидки. Цены.,ATLAS CONCORDE ADVANCE / АТЛАС КОНКОРД ЭДВАНС - проектный керамогранит для общественных пространств. КЕРАМОТЕКА.,Под заказ,$$$,https://www.keramoteka.ru/upload/uf/813/keramoteka-atlas-concorde-advance.pdf,Статус NHS - ОТСУТСВУЕТ,Керамогранит,Nero Basalto Spazzolato,60X60 СМ,7G9A,./temp_files/img/ATLAS CONCORDE_ADVANCE_Nero Basalto Spazzolato.jpg
ATLAS CONCORDE,./temp_files/logo/ATLAS CONCORDE.png,"atlas concorde, атлас конкорд, плитка atlas concorde, керамогранит atlas concorde, плитка, керамогранит, atlas concord, плитка конкорд, плитка atlas, поставщик, атлас конкорд италия, атлас конкорд сайт","Каталог керамической плитки и керамогранита ATLAS CONCORDE / АТЛАС КОНКОРД (Италия) от прямого поставщика КЕРАМОТЕКА. Низкие цены, скидки. Оптовые и розничные продажи. Материал в наличии.",ATLAS CONCORDE / АТЛАС КОНКОРД (Италия) Керамическая плитка и керамогранит от прямого поставщика - компании КЕРАМОТЕКА,Италия,ADVANCE,"atlas concorde advance, атлас конкорд эдванс, керамогранит advance, купить, поставщик, скидки",Каталог керамического гранита ATLAS CONCORDE ADVANCE от прямого поставщика КЕРАМОТЕКА. Опт и розница. Скидки. Цены.,ATLAS CONCORDE ADVANCE / АТЛАС КОНКОРД ЭДВАНС - проектный керамогранит для общественных пространств. КЕРАМОТЕКА.,Под заказ,$$$,https://www.keramoteka.ru/upload/uf/813/keramoteka-atlas-concorde-advance.pdf,Статус NHS - ОТСУТСВУЕТ,Керамогранит,Moca Creme Strutturato,60X60 СМ,7G9H,./temp_files/img/ATLAS CONCORDE_ADVANCE_Moca Creme Strutturato.jpg
ATLAS CONCORDE,./temp_files/logo/ATLAS CONCORDE.png,"atlas concorde, атлас конкорд, плитка atlas concorde, керамогранит atlas concorde, плитка, керамогранит, atlas concord, плитка конкорд, плитка atlas, поставщик, атлас конкорд италия, атлас конкорд сайт","Каталог керамической плитки и керамогранита ATLAS CONCORDE / АТЛАС КОНКОРД (Италия) от прямого поставщика КЕРАМОТЕКА. Низкие цены, скидки. Оптовые и розничные продажи. Материал в наличии.",ATLAS CONCORDE / АТЛАС КОНКОРД (Италия) Керамическая плитка и керамогранит от прямого поставщика - компании КЕРАМОТЕКА,Италия,ADVANCE,"atlas concorde advance, атлас конкорд эдванс, керамогранит advance, купить, поставщик, скидки",Каталог керамического гранита ATLAS CONCORDE ADVANCE от прямого поставщика КЕРАМОТЕКА. Опт и розница. Скидки. Цены.,ATLAS CONCORDE ADVANCE / АТЛАС КОНКОРД ЭДВАНС - проектный керамогранит для общественных пространств. КЕРАМОТЕКА.,Под заказ,$$$,https://www.keramoteka.ru/upload/uf/813/keramoteka-atlas-concorde-advance.pdf,Статус NHS - ОТСУТСВУЕТ,Керамогранит,Grigio Lipica Strutturato,60X60 СМ,7G9L,./temp_files/img/ATLAS CONCORDE_ADVANCE_Grigio Lipica Strutturato.jpg
ATLAS CONCORDE,./temp_files/logo/ATLAS CONCORDE.png,"atlas concorde, атлас конкорд, плитка atlas concorde, керамогранит atlas concorde, плитка, керамогранит, atlas concord, плитка конкорд, плитка atlas, поставщик, атлас конкорд италия, атлас конкорд сайт","Каталог керамической плитки и керамогранита ATLAS CONCORDE / АТЛАС КОНКОРД (Италия) от прямого поставщика КЕРАМОТЕКА. Низкие цены, скидки. Оптовые и розничные продажи. Материал в наличии.",ATLAS CONCORDE / АТЛАС КОНКОРД (Италия) Керамическая плитка и керамогранит от прямого поставщика - компании КЕРАМОТЕКА,Италия,ADVANCE,"atlas concorde advance, атлас конкорд эдванс, керамогранит advance, купить, поставщик, скидки",Каталог керамического гранита ATLAS CONCORDE ADVANCE от прямого поставщика КЕРАМОТЕКА. Опт и розница. Скидки. Цены.,ATLAS CONCORDE ADVANCE / АТЛАС КОНКОРД ЭДВАНС - проектный керамогранит для общественных пространств. КЕРАМОТЕКА.,Под заказ,$$$,https://www.keramoteka.ru/upload/uf/813/keramoteka-atlas-concorde-advance.pdf,Статус NHS - ОТСУТСВУЕТ,Керамогранит,Bianco Brera Strutturato,60X60 СМ,7G9G,./temp_files/img/ATLAS CONCORDE_ADVANCE_Bianco Brera Strutturato.jpg
ATLAS CONCORDE,./temp_files/logo/ATLAS CONCORDE.png,"atlas concorde, атлас конкорд, плитка atlas concorde, керамогранит atlas concorde, плитка, керамогранит, atlas concord, плитка конкорд, плитка atlas, поставщик, атлас конкорд италия, атлас конкорд сайт","Каталог керамической плитки и керамогранита ATLAS CONCORDE / АТЛАС КОНКОРД (Италия) от прямого поставщика КЕРАМОТЕКА. Низкие цены, скидки. Оптовые и розничные продажи. Материал в наличии.",ATLAS CONCORDE / АТЛАС КОНКОРД (Италия) Керамическая плитка и керамогранит от прямого поставщика - компании КЕРАМОТЕКА,Италия,ADVANCE,"atlas concorde advance, атлас конкорд эдванс, керамогранит advance, купить, поставщик, скидки",Каталог керамического гранита ATLAS CONCORDE ADVANCE от прямого поставщика КЕРАМОТЕКА. Опт и розница. Скидки. Цены.,ATLAS CONCORDE ADVANCE / АТЛАС КОНКОРД ЭДВАНС - проектный керамогранит для общественных пространств. КЕРАМОТЕКА.,Под заказ,$$$,https://www.keramoteka.ru/upload/uf/813/keramoteka-atlas-concorde-advance.pdf,Статус NHS - ОТСУТСВУЕТ,Керамогранит,Dorato Aral Strutturato,60X60 СМ,7G9I,./temp_files/img/ATLAS CONCORDE_ADVANCE_Dorato Aral Strutturato.jpg
ATLAS CONCORDE,./temp_files/logo/ATLAS CONCORDE.png,"atlas concorde, атлас конкорд, плитка atlas concorde, керамогранит atlas concorde, плитка, керамогранит, atlas concord, плитка конкорд, плитка atlas, поставщик, атлас конкорд италия, атлас конкорд сайт","Каталог керамической плитки и керамогранита ATLAS CONCORDE / АТЛАС КОНКОРД (Италия) от прямого поставщика КЕРАМОТЕКА. Низкие цены, скидки. Оптовые и розничные продажи. Материал в наличии.",ATLAS CONCORDE / АТЛАС КОНКОРД (Италия) Керамическая плитка и керамогранит от прямого поставщика - компании КЕРАМОТЕКА,Италия,ADVANCE,"atlas concorde advance, атлас конкорд эдванс, керамогранит advance, купить, поставщик, скидки",Каталог керамического гранита ATLAS CONCORDE ADVANCE от прямого поставщика КЕРАМОТЕКА. Опт и розница. Скидки. Цены.,ATLAS CONCORDE ADVANCE / АТЛАС КОНКОРД ЭДВАНС - проектный керамогранит для общественных пространств. КЕРАМОТЕКА.,Под заказ,$$$,https://www.keramoteka.ru/upload/uf/813/keramoteka-atlas-concorde-advance.pdf,Статус NHS - ОТСУТСВУЕТ,Керамогранит,Nero Basalto Strutturato,60X60 СМ,7G9F,./temp_files/img/ATLAS CONCORDE_ADVANCE_Nero Basalto Strutturato.jpg
ATLAS CONCORDE,./temp_files/logo/ATLAS CONCORDE.png,"atlas concorde, атлас конкорд, плитка atlas concorde, керамогранит atlas concorde, плитка, керамогранит, atlas concord, плитка конкорд, плитка atlas, поставщик, атлас конкорд италия, атлас конкорд сайт","Каталог керамической плитки и керамогранита ATLAS CONCORDE / АТЛАС КОНКОРД (Италия) от прямого поставщика КЕРАМОТЕКА. Низкие цены, скидки. Оптовые и розничные продажи. Материал в наличии.",ATLAS CONCORDE / АТЛАС КОНКОРД (Италия) Керамическая плитка и керамогранит от прямого поставщика - компании КЕРАМОТЕКА,Италия,ADVANCE,"atlas concorde advance, атлас конкорд эдванс, керамогранит advance, купить, поставщик, скидки",Каталог керамического гранита ATLAS CONCORDE ADVANCE от прямого поставщика КЕРАМОТЕКА. Опт и розница. Скидки. Цены.,ATLAS CONCORDE ADVANCE / АТЛАС КОНКОРД ЭДВАНС - проектный керамогранит для общественных пространств. КЕРАМОТЕКА.,Под заказ,$$$,https://www.keramoteka.ru/upload/uf/813/keramoteka-atlas-concorde-advance.pdf,Статус NHS - ОТСУТСВУЕТ,Керамогранит,Moca Creme,30X60 СМ,6G95,./temp_files/img/ATLAS CONCORDE_ADVANCE_Moca Creme.jpg
ATLAS CONCORDE,./temp_files/logo/ATLAS CONCORDE.png,"atlas concorde, атлас конкорд, плитка atlas concorde, керамогранит atlas concorde, плитка, керамогранит, atlas concord, плитка конкорд, плитка atlas, поставщик, атлас конкорд италия, атлас конкорд сайт","Каталог керамической плитки и керамогранита ATLAS CONCORDE / АТЛАС КОНКОРД (Италия) от прямого поставщика КЕРАМОТЕКА. Низкие цены, скидки. Оптовые и розничные продажи. Материал в наличии.",ATLAS CONCORDE / АТЛАС КОНКОРД (Италия) Керамическая плитка и керамогранит от прямого поставщика - компании КЕРАМОТЕКА,Италия,ADVANCE,"atlas concorde advance, атлас конкорд эдванс, керамогранит advance, купить, поставщик, скидки",Каталог керамического гранита ATLAS CONCORDE ADVANCE от прямого поставщика КЕРАМОТЕКА. Опт и розница. Скидки. Цены.,ATLAS CONCORDE ADVANCE / АТЛАС КОНКОРД ЭДВАНС - проектный керамогранит для общественных пространств. КЕРАМОТЕКА.,Под заказ,$$$,https://www.keramoteka.ru/upload/uf/813/keramoteka-atlas-concorde-advance.pdf,Статус NHS - ОТСУТСВУЕТ,Керамогранит,Grigio Lipica,30X60 СМ,6G94,./temp_files/img/ATLAS CONCORDE_ADVANCE_Grigio Lipica.jpg
ATLAS CONCORDE,./temp_files/logo/ATLAS CONCORDE.png,"atlas concorde, атлас конкорд, плитка atlas concorde, керамогранит atlas concorde, плитка, керамогранит, atlas concord, плитка конкорд, плитка atlas, поставщик, атлас конкорд италия, атлас конкорд сайт","Каталог керамической плитки и керамогранита ATLAS CONCORDE / АТЛАС КОНКОРД (Италия) от прямого поставщика КЕРАМОТЕКА. Низкие цены, скидки. Оптовые и розничные продажи. Материал в наличии.",ATLAS CONCORDE / АТЛАС КОНКОРД (Италия) Керамическая плитка и керамогранит от прямого поставщика - компании КЕРАМОТЕКА,Италия,ADVANCE,"atlas concorde advance, атлас конкорд эдванс, керамогранит advance, купить, поставщик, скидки",Каталог керамического гранита ATLAS CONCORDE ADVANCE от прямого поставщика КЕРАМОТЕКА. Опт и розница. Скидки. Цены.,ATLAS CONCORDE ADVANCE / АТЛАС КОНКОРД ЭДВАНС - проектный керамогранит для общественных пространств. КЕРАМОТЕКА.,Под заказ,$$$,https://www.keramoteka.ru/upload/uf/813/keramoteka-atlas-concorde-advance.pdf,Статус NHS - ОТСУТСВУЕТ,Керамогранит,Bianco Brera,30X60 СМ,6G92,./temp_files/img/ATLAS CONCORDE_ADVANCE_Bianco Brera.jpg
ATLAS CONCORDE,./temp_files/logo/ATLAS CONCORDE.png,"atlas concorde, атлас конкорд, плитка atlas concorde, керамогранит atlas concorde, плитка, керамогранит, atlas concord, плитка конкорд, плитка atlas, поставщик, атлас конкорд италия, атлас конкорд сайт","Каталог керамической плитки и керамогранита ATLAS CONCORDE / АТЛАС КОНКОРД (Италия) от прямого поставщика КЕРАМОТЕКА. Низкие цены, скидки. Оптовые и розничные продажи. Материал в наличии.",ATLAS CONCORDE / АТЛАС КОНКОРД (Италия) Керамическая плитка и керамогранит от прямого поставщика - компании КЕРАМОТЕКА,Италия,ADVANCE,"atlas concorde advance, атлас конкорд эдванс, керамогранит advance, купить, поставщик, скидки",Каталог керамического гранита ATLAS CONCORDE ADVANCE от прямого поставщика КЕРАМОТЕКА. Опт и розница. Скидки. Цены.,ATLAS CONCORDE ADVANCE / АТЛАС КОНКОРД ЭДВАНС - проектный керамогранит для общественных пространств. КЕРАМОТЕКА.,Под заказ,$$$,https://www.keramoteka.ru/upload/uf/813/keramoteka-atlas-concorde-advance.pdf,Статус NHS - ОТСУТСВУЕТ,Керамогранит,Dorato Aral,30X60 СМ,6G93,./temp_files/img/ATLAS CONCORDE_ADVANCE_Dorato Aral.jpg
ATLAS CONCORDE,./temp_files/logo/ATLAS CONCORDE.png,"atlas concorde, атлас конкорд, плитка atlas concorde, керамогранит atlas concorde, плитка, керамогранит, atlas concord, плитка конкорд, плитка atlas, поставщик, атлас конкорд италия, атлас конкорд сайт","Каталог керамической плитки и керамогранита ATLAS CONCORDE / АТЛАС КОНКОРД (Италия) от прямого поставщика КЕРАМОТЕКА. Низкие цены, скидки. Оптовые и розничные продажи. Материал в наличии.",ATLAS CONCORDE / АТЛАС КОНКОРД (Италия) Керамическая плитка и керамогранит от прямого поставщика - компании КЕРАМОТЕКА,Италия,ADVANCE,"atlas concorde advance, атлас конкорд эдванс, керамогранит advance, купить, поставщик, скидки",Каталог керамического гранита ATLAS CONCORDE ADVANCE от прямого поставщика КЕРАМОТЕКА. Опт и розница. Скидки. Цены.,ATLAS CONCORDE ADVANCE / АТЛАС КОНКОРД ЭДВАНС - проектный керамогранит для общественных пространств. КЕРАМОТЕКА.,Под заказ,$$$,https://www.keramoteka.ru/upload/uf/813/keramoteka-atlas-concorde-advance.pdf,Статус NHS - ОТСУТСВУЕТ,Керамогранит,Nero Basalto,30X60 СМ,6G91,./temp_files/img/ATLAS CONCORDE_ADVANCE_Nero Basalto.jpg
ATLAS CONCORDE,./temp_files/logo/ATLAS CONCORDE.png,"atlas concorde, атлас конкорд, плитка atlas concorde, керамогранит atlas concorde, плитка, керамогранит, atlas concord, плитка конкорд, плитка atlas, поставщик, атлас конкорд италия, атлас конкорд сайт","Каталог керамической плитки и керамогранита ATLAS CONCORDE / АТЛАС КОНКОРД (Италия) от прямого поставщика КЕРАМОТЕКА. Низкие цены, скидки. Оптовые и розничные продажи. Материал в наличии.",ATLAS CONCORDE / АТЛАС КОНКОРД (Италия) Керамическая плитка и керамогранит от прямого поставщика - компании КЕРАМОТЕКА,Италия,ADVANCE,"atlas concorde advance, атлас конкорд эдванс, керамогранит advance, купить, поставщик, скидки",Каталог керамического гранита ATLAS CONCORDE ADVANCE от прямого поставщика КЕРАМОТЕКА. Опт и розница. Скидки. Цены.,ATLAS CONCORDE ADVANCE / АТЛАС КОНКОРД ЭДВАНС - проектный керамогранит для общественных пространств. КЕРАМОТЕКА.,Под заказ,$$$,https://www.keramoteka.ru/upload/uf/813/keramoteka-atlas-concorde-advance.pdf,Статус NHS - ОТСУТСВУЕТ,Керамогранит,Moca Creme Spazzolato,30X60 СМ,6G9L,./temp_files/img/ATLAS CONCORDE_ADVANCE_Moca Creme Spazzolato.jpg
ATLAS CONCORDE,./temp_files/logo/ATLAS CONCORDE.png,"atlas concorde, атлас конкорд, плитка atlas concorde, керамогранит atlas concorde, плитка, керамогранит, atlas concord, плитка конкорд, плитка atlas, поставщик, атлас конкорд италия, атлас конкорд сайт","Каталог керамической плитки и керамогранита ATLAS CONCORDE / АТЛАС КОНКОРД (Италия) от прямого поставщика КЕРАМОТЕКА. Низкие цены, скидки. Оптовые и розничные продажи. Материал в наличии.",ATLAS CONCORDE / АТЛАС КОНКОРД (Италия) Керамическая плитка и керамогранит от прямого поставщика - компании КЕРАМОТЕКА,Италия,ADVANCE,"atlas concorde advance, атлас конкорд эдванс, керамогранит advance, купить, поставщик, скидки",Каталог керамического гранита ATLAS CONCORDE ADVANCE от прямого поставщика КЕРАМОТЕКА. Опт и розница. Скидки. Цены.,ATLAS CONCORDE ADVANCE / АТЛАС КОНКОРД ЭДВАНС - проектный керамогранит для общественных пространств. КЕРАМОТЕКА.,Под заказ,$$$,https://www.keramoteka.ru/upload/uf/813/keramoteka-atlas-concorde-advance.pdf,Статус NHS - ОТСУТСВУЕТ,Керамогранит,Grigio Lipica Spazzolato,30X60 СМ,6G9I,./temp_files/img/ATLAS CONCORDE_ADVANCE_Grigio Lipica Spazzolato.jpg
ATLAS CONCORDE,./temp_files/logo/ATLAS CONCORDE.png,"atlas concorde, атлас конкорд, плитка atlas concorde, керамогранит atlas concorde, плитка, керамогранит, atlas concord, плитка конкорд, плитка atlas, поставщик, атлас конкорд италия, атлас конкорд сайт","Каталог керамической плитки и керамогранита ATLAS CONCORDE / АТЛАС КОНКОРД (Италия) от прямого поставщика КЕРАМОТЕКА. Низкие цены, скидки. Оптовые и розничные продажи. Материал в наличии.",ATLAS CONCORDE / АТЛАС КОНКОРД (Италия) Керамическая плитка и керамогранит от прямого поставщика - компании КЕРАМОТЕКА,Италия,ADVANCE,"atlas concorde advance, атлас конкорд эдванс, керамогранит advance, купить, поставщик, скидки",Каталог керамического гранита ATLAS CONCORDE ADVANCE от прямого поставщика КЕРАМОТЕКА. Опт и розница. Скидки. Цены.,ATLAS CONCORDE ADVANCE / АТЛАС КОНКОРД ЭДВАНС - проектный керамогранит для общественных пространств. КЕРАМОТЕКА.,Под заказ,$$$,https://www.keramoteka.ru/upload/uf/813/keramoteka-atlas-concorde-advance.pdf,Статус NHS - ОТСУТСВУЕТ,Керамогранит,Bianco Brera Spazzolato,30X60 СМ,6G9G,./temp_files/img/ATLAS CONCORDE_ADVANCE_Bianco Brera Spazzolato.jpg
ATLAS CONCORDE,./temp_files/logo/ATLAS CONCORDE.png,"atlas concorde, атлас конкорд, плитка atlas concorde, керамогранит atlas concorde, плитка, керамогранит, atlas concord, плитка конкорд, плитка atlas, поставщик, атлас конкорд италия, атлас конкорд сайт","Каталог керамической плитки и керамогранита ATLAS CONCORDE / АТЛАС КОНКОРД (Италия) от прямого поставщика КЕРАМОТЕКА. Низкие цены, скидки. Оптовые и розничные продажи. Материал в наличии.",ATLAS CONCORDE / АТЛАС КОНКОРД (Италия) Керамическая плитка и керамогранит от прямого поставщика - компании КЕРАМОТЕКА,Италия,ADVANCE,"atlas concorde advance, атлас конкорд эдванс, керамогранит advance, купить, поставщик, скидки",Каталог керамического гранита ATLAS CONCORDE ADVANCE от прямого поставщика КЕРАМОТЕКА. Опт и розница. Скидки. Цены.,ATLAS CONCORDE ADVANCE / АТЛАС КОНКОРД ЭДВАНС - проектный керамогранит для общественных пространств. КЕРАМОТЕКА.,Под заказ,$$$,https://www.keramoteka.ru/upload/uf/813/keramoteka-atlas-concorde-advance.pdf,Статус NHS - ОТСУТСВУЕТ,Керамогранит,Dorato Aral Spazzolato,30X60 СМ,6G9H,./temp_files/img/ATLAS CONCORDE_ADVANCE_Dorato Aral Spazzolato.jpg
ATLAS CONCORDE,./temp_files/logo/ATLAS CONCORDE.png,"atlas concorde, атлас конкорд, плитка atlas concorde, керамогранит atlas concorde, плитка, керамогранит, atlas concord, плитка конкорд, плитка atlas, поставщик, атлас конкорд италия, атлас конкорд сайт","Каталог керамической плитки и керамогранита ATLAS CONCORDE / АТЛАС КОНКОРД (Италия) от прямого поставщика КЕРАМОТЕКА. Низкие цены, скидки. Оптовые и розничные продажи. Материал в наличии.",ATLAS CONCORDE / АТЛАС КОНКОРД (Италия) Керамическая плитка и керамогранит от прямого поставщика - компании КЕРАМОТЕКА,Италия,ADVANCE,"atlas concorde advance, атлас конкорд эдванс, керамогранит advance, купить, поставщик, скидки",Каталог керамического гранита ATLAS CONCORDE ADVANCE от прямого поставщика КЕРАМОТЕКА. Опт и розница. Скидки. Цены.,ATLAS CONCORDE ADVANCE / АТЛАС КОНКОРД ЭДВАНС - проектный керамогранит для общественных пространств. КЕРАМОТЕКА.,Под заказ,$$$,https://www.keramoteka.ru/upload/uf/813/keramoteka-atlas-concorde-advance.pdf,Статус NHS - ОТСУТСВУЕТ,Керамогранит,Nero Basalto Spazzolato,30X60 СМ,6G9F,./temp_files/img/ATLAS CONCORDE_ADVANCE_Nero Basalto Spazzolato.jpg
ATLAS CONCORDE,./temp_files/logo/ATLAS CONCORDE.png,"atlas concorde, атлас конкорд, плитка atlas concorde, керамогранит atlas concorde, плитка, керамогранит, atlas concord, плитка конкорд, плитка atlas, поставщик, атлас конкорд италия, атлас конкорд сайт","Каталог керамической плитки и керамогранита ATLAS CONCORDE / АТЛАС КОНКОРД (Италия) от прямого поставщика КЕРАМОТЕКА. Низкие цены, скидки. Оптовые и розничные продажи. Материал в наличии.",ATLAS CONCORDE / АТЛАС КОНКОРД (Италия) Керамическая плитка и керамогранит от прямого поставщика - компании КЕРАМОТЕКА,Италия,ADVANCE,"atlas concorde advance, атлас конкорд эдванс, керамогранит advance, купить, поставщик, скидки",Каталог керамического гранита ATLAS CONCORDE ADVANCE от прямого поставщика КЕРАМОТЕКА. Опт и розница. Скидки. Цены.,ATLAS CONCORDE ADVANCE / АТЛАС КОНКОРД ЭДВАНС - проектный керамогранит для общественных пространств. КЕРАМОТЕКА.,Под заказ,$$$,https://www.keramoteka.ru/upload/uf/813/keramoteka-atlas-concorde-advance.pdf,Статус NHS - ОТСУТСВУЕТ,Керамогранит,Moca Creme Strutturato,30X60 СМ,6G9E,./temp_files/img/ATLAS CONCORDE_ADVANCE_Moca Creme Strutturato.jpg
ATLAS CONCORDE,./temp_files/logo/ATLAS CONCORDE.png,"atlas concorde, атлас конкорд, плитка atlas concorde, керамогранит atlas concorde, плитка, керамогранит, atlas concord, плитка конкорд, плитка atlas, поставщик, атлас конкорд италия, атлас конкорд сайт","Каталог керамической плитки и керамогранита ATLAS CONCORDE / АТЛАС КОНКОРД (Италия) от прямого поставщика КЕРАМОТЕКА. Низкие цены, скидки. Оптовые и розничные продажи. Материал в наличии.",ATLAS CONCORDE / АТЛАС КОНКОРД (Италия) Керамическая плитка и керамогранит от прямого поставщика - компании КЕРАМОТЕКА,Италия,ADVANCE,"atlas concorde advance, атлас конкорд эдванс, керамогранит advance, купить, поставщик, скидки",Каталог керамического гранита ATLAS CONCORDE ADVANCE от прямого поставщика КЕРАМОТЕКА. Опт и розница. Скидки. Цены.,ATLAS CONCORDE ADVANCE / АТЛАС КОНКОРД ЭДВАНС - проектный керамогранит для общественных пространств. КЕРАМОТЕКА.,Под заказ,$$$,https://www.keramoteka.ru/upload/uf/813/keramoteka-atlas-concorde-advance.pdf,Статус NHS - ОТСУТСВУЕТ,Керамогранит,Grigio Lipica Strutturato,30X60 СМ,6G9D,./temp_files/img/ATLAS CONCORDE_ADVANCE_Grigio Lipica Strutturato.jpg
ATLAS CONCORDE,./temp_files/logo/ATLAS CONCORDE.png,"atlas concorde, атлас конкорд, плитка atlas concorde, керамогранит atlas concorde, плитка, керамогранит, atlas concord, плитка конкорд, плитка atlas, поставщик, атлас конкорд италия, атлас конкорд сайт","Каталог керамической плитки и керамогранита ATLAS CONCORDE / АТЛАС КОНКОРД (Италия) от прямого поставщика КЕРАМОТЕКА. Низкие цены, скидки. Оптовые и розничные продажи. Материал в наличии.",ATLAS CONCORDE / АТЛАС КОНКОРД (Италия) Керамическая плитка и керамогранит от прямого поставщика - компании КЕРАМОТЕКА,Италия,ADVANCE,"atlas concorde advance, атлас конкорд эдванс, керамогранит advance, купить, поставщик, скидки",Каталог керамического гранита ATLAS CONCORDE ADVANCE от прямого поставщика КЕРАМОТЕКА. Опт и розница. Скидки. Цены.,ATLAS CONCORDE ADVANCE / АТЛАС КОНКОРД ЭДВАНС - проектный керамогранит для общественных пространств. КЕРАМОТЕКА.,Под заказ,$$$,https://www.keramoteka.ru/upload/uf/813/keramoteka-atlas-concorde-advance.pdf,Статус NHS - ОТСУТСВУЕТ,Керамогранит,Bianco Brera Strutturato,30X60 СМ,6G9B,./temp_files/img/ATLAS CONCORDE_ADVANCE_Bianco Brera Strutturato.jpg
ATLAS CONCORDE,./temp_files/logo/ATLAS CONCORDE.png,"atlas concorde, атлас конкорд, плитка atlas concorde, керамогранит atlas concorde, плитка, керамогранит, atlas concord, плитка конкорд, плитка atlas, поставщик, атлас конкорд италия, атлас конкорд сайт","Каталог керамической плитки и керамогранита ATLAS CONCORDE / АТЛАС КОНКОРД (Италия) от прямого поставщика КЕРАМОТЕКА. Низкие цены, скидки. Оптовые и розничные продажи. Материал в наличии.",ATLAS CONCORDE / АТЛАС КОНКОРД (Италия) Керамическая плитка и керамогранит от прямого поставщика - компании КЕРАМОТЕКА,Италия,ADVANCE,"atlas concorde advance, атлас конкорд эдванс, керамогранит advance, купить, поставщик, скидки",Каталог керамического гранита ATLAS CONCORDE ADVANCE от прямого поставщика КЕРАМОТЕКА. Опт и розница. Скидки. Цены.,ATLAS CONCORDE ADVANCE / АТЛАС КОНКОРД ЭДВАНС - проектный керамогранит для общественных пространств. КЕРАМОТЕКА.,Под заказ,$$$,https://www.keramoteka.ru/upload/uf/813/keramoteka-atlas-concorde-advance.pdf,Статус NHS - ОТСУТСВУЕТ,Керамогранит,Dorato Aral Strutturato,30X60 СМ,6G9C,./temp_files/img/ATLAS CONCORDE_ADVANCE_Dorato Aral Strutturato.jpg
ATLAS CONCORDE,./temp_files/logo/ATLAS CONCORDE.png,"atlas concorde, атлас конкорд, плитка atlas concorde, керамогранит atlas concorde, плитка, керамогранит, atlas concord, плитка конкорд, плитка atlas, поставщик, атлас конкорд италия, атлас конкорд сайт","Каталог керамической плитки и керамогранита ATLAS CONCORDE / АТЛАС КОНКОРД (Италия) от прямого поставщика КЕРАМОТЕКА. Низкие цены, скидки. Оптовые и розничные продажи. Материал в наличии.",ATLAS CONCORDE / АТЛАС КОНКОРД (Италия) Керамическая плитка и керамогранит от прямого поставщика - компании КЕРАМОТЕКА,Италия,ADVANCE,"atlas concorde advance, атлас конкорд эдванс, керамогранит advance, купить, поставщик, скидки",Каталог керамического гранита ATLAS CONCORDE ADVANCE от прямого поставщика КЕРАМОТЕКА. Опт и розница. Скидки. Цены.,ATLAS CONCORDE ADVANCE / АТЛАС КОНКОРД ЭДВАНС - проектный керамогранит для общественных пространств. КЕРАМОТЕКА.,Под заказ,$$$,https://www.keramoteka.ru/upload/uf/813/keramoteka-atlas-concorde-advance.pdf,Статус NHS - ОТСУТСВУЕТ,Керамогранит,Nero Basalto Strutturato,30X60 СМ,6G9A,./temp_files/img/ATLAS CONCORDE_ADVANCE_Nero Basalto Strutturato.jpg
ATLAS CONCORDE,./temp_files/logo/ATLAS CONCORDE.png,"atlas concorde, атлас конкорд, плитка atlas concorde, керамогранит atlas concorde, плитка, керамогранит, atlas concord, плитка конкорд, плитка atlas, поставщик, атлас конкорд италия, атлас конкорд сайт","Каталог керамической плитки и керамогранита ATLAS CONCORDE / АТЛАС КОНКОРД (Италия) от прямого поставщика КЕРАМОТЕКА. Низкие цены, скидки. Оптовые и розничные продажи. Материал в наличии.",ATLAS CONCORDE / АТЛАС КОНКОРД (Италия) Керамическая плитка и керамогранит от прямого поставщика - компании КЕРАМОТЕКА,Италия,ADVANCE,"atlas concorde advance, атлас конкорд эдванс, керамогранит advance, купить, поставщик, скидки",Каталог керамического гранита ATLAS CONCORDE ADVANCE от прямого поставщика КЕРАМОТЕКА. Опт и розница. Скидки. Цены.,ATLAS CONCORDE ADVANCE / АТЛАС КОНКОРД ЭДВАНС - проектный керамогранит для общественных пространств. КЕРАМОТЕКА.,Под заказ,$$$,https://www.keramoteka.ru/upload/uf/813/keramoteka-atlas-concorde-advance.pdf,Статус NHS - ОТСУТСВУЕТ,Керамогранит,Moca Creme Brick,30X60 СМ,6G9Y,./temp_files/img/ATLAS CONCORDE_ADVANCE_Moca Creme Brick.jpg
ATLAS CONCORDE,./temp_files/logo/ATLAS CONCORDE.png,"atlas concorde, атлас конкорд, плитка atlas concorde, керамогранит atlas concorde, плитка, керамогранит, atlas concord, плитка конкорд, плитка atlas, поставщик, атлас конкорд италия, атлас конкорд сайт","Каталог керамической плитки и керамогранита ATLAS CONCORDE / АТЛАС КОНКОРД (Италия) от прямого поставщика КЕРАМОТЕКА. Низкие цены, скидки. Оптовые и розничные продажи. Материал в наличии.",ATLAS CONCORDE / АТЛАС КОНКОРД (Италия) Керамическая плитка и керамогранит от прямого поставщика - компании КЕРАМОТЕКА,Италия,ADVANCE,"atlas concorde advance, атлас конкорд эдванс, керамогранит advance, купить, поставщик, скидки",Каталог керамического гранита ATLAS CONCORDE ADVANCE от прямого поставщика КЕРАМОТЕКА. Опт и розница. Скидки. Цены.,ATLAS CONCORDE ADVANCE / АТЛАС КОНКОРД ЭДВАНС - проектный керамогранит для общественных пространств. КЕРАМОТЕКА.,Под заказ,$$$,https://www.keramoteka.ru/upload/uf/813/keramoteka-atlas-concorde-advance.pdf,Статус NHS - ОТСУТСВУЕТ,Керамогранит,Grigio Lipica Brick,30X60 СМ,6G9J,./temp_files/img/ATLAS CONCORDE_ADVANCE_Grigio Lipica Brick.jpg
ATLAS CONCORDE,./temp_files/logo/ATLAS CONCORDE.png,"atlas concorde, атлас конкорд, плитка atlas concorde, керамогранит atlas concorde, плитка, керамогранит, atlas concord, плитка конкорд, плитка atlas, поставщик, атлас конкорд италия, атлас конкорд сайт","Каталог керамической плитки и керамогранита ATLAS CONCORDE / АТЛАС КОНКОРД (Италия) от прямого поставщика КЕРАМОТЕКА. Низкие цены, скидки. Оптовые и розничные продажи. Материал в наличии.",ATLAS CONCORDE / АТЛАС КОНКОРД (Италия) Керамическая плитка и керамогранит от прямого поставщика - компании КЕРАМОТЕКА,Италия,ADVANCE,"atlas concorde advance, атлас конкорд эдванс, керамогранит advance, купить, поставщик, скидки",Каталог керамического гранита ATLAS CONCORDE ADVANCE от прямого поставщика КЕРАМОТЕКА. Опт и розница. Скидки. Цены.,ATLAS CONCORDE ADVANCE / АТЛАС КОНКОРД ЭДВАНС - проектный керамогранит для общественных пространств. КЕРАМОТЕКА.,Под заказ,$$$,https://www.keramoteka.ru/upload/uf/813/keramoteka-atlas-concorde-advance.pdf,Статус NHS - ОТСУТСВУЕТ,Керамогранит,Bianco Brera Brick,30X60 СМ,6G9W,./temp_files/img/ATLAS CONCORDE_ADVANCE_Bianco Brera Brick.jpg
ATLAS CONCORDE,./temp_files/logo/ATLAS CONCORDE.png,"atlas concorde, атлас конкорд, плитка atlas concorde, керамогранит atlas concorde, плитка, керамогранит, atlas concord, плитка конкорд, плитка atlas, поставщик, атлас конкорд италия, атлас конкорд сайт","Каталог керамической плитки и керамогранита ATLAS CONCORDE / АТЛАС КОНКОРД (Италия) от прямого поставщика КЕРАМОТЕКА. Низкие цены, скидки. Оптовые и розничные продажи. Материал в наличии.",ATLAS CONCORDE / АТЛАС КОНКОРД (Италия) Керамическая плитка и керамогранит от прямого поставщика - компании КЕРАМОТЕКА,Италия,ADVANCE,"atlas concorde advance, атлас конкорд эдванс, керамогранит advance, купить, поставщик, скидки",Каталог керамического гранита ATLAS CONCORDE ADVANCE от прямого поставщика КЕРАМОТЕКА. Опт и розница. Скидки. Цены.,ATLAS CONCORDE ADVANCE / АТЛАС КОНКОРД ЭДВАНС - проектный керамогранит для общественных пространств. КЕРАМОТЕКА.,Под заказ,$$$,https://www.keramoteka.ru/upload/uf/813/keramoteka-atlas-concorde-advance.pdf,Статус NHS - ОТСУТСВУЕТ,Керамогранит,Dorato Aral Brick,30X60 СМ,6G9Z,./temp_files/img/ATLAS CONCORDE_ADVANCE_Dorato Aral Brick.jpg
ATLAS CONCORDE,./temp_files/logo/ATLAS CONCORDE.png,"atlas concorde, атлас конкорд, плитка atlas concorde, керамогранит atlas concorde, плитка, керамогранит, atlas concord, плитка конкорд, плитка atlas, поставщик, атлас конкорд италия, атлас конкорд сайт","Каталог керамической плитки и керамогранита ATLAS CONCORDE / АТЛАС КОНКОРД (Италия) от прямого поставщика КЕРАМОТЕКА. Низкие цены, скидки. Оптовые и розничные продажи. Материал в наличии.",ATLAS CONCORDE / АТЛАС КОНКОРД (Италия) Керамическая плитка и керамогранит от прямого поставщика - компании КЕРАМОТЕКА,Италия,ADVANCE,"atlas concorde advance, атлас конкорд эдванс, керамогранит advance, купить, поставщик, скидки",Каталог керамического гранита ATLAS CONCORDE ADVANCE от прямого поставщика КЕРАМОТЕКА. Опт и розница. Скидки. Цены.,ATLAS CONCORDE ADVANCE / АТЛАС КОНКОРД ЭДВАНС - проектный керамогранит для общественных пространств. КЕРАМОТЕКА.,Под заказ,$$$,https://www.keramoteka.ru/upload/uf/813/keramoteka-atlas-concorde-advance.pdf,Статус NHS - ОТСУТСВУЕТ,Керамогранит,Nero Basalto Brick,30X60 СМ,6G9X,./temp_files/img/ATLAS CONCORDE_ADVANCE_Nero Basalto Brick.jpg
ATLAS CONCORDE,./temp_files/logo/ATLAS CONCORDE.png,"atlas concorde, атлас конкорд, плитка atlas concorde, керамогранит atlas concorde, плитка, керамогранит, atlas concord, плитка конкорд, плитка atlas, поставщик, атлас конкорд италия, атлас конкорд сайт","Каталог керамической плитки и керамогранита ATLAS CONCORDE / АТЛАС КОНКОРД (Италия) от прямого поставщика КЕРАМОТЕКА. Низкие цены, скидки. Оптовые и розничные продажи. Материал в наличии.",ATLAS CONCORDE / АТЛАС КОНКОРД (Италия) Керамическая плитка и керамогранит от прямого поставщика - компании КЕРАМОТЕКА,Италия,ADVANCE,"atlas concorde advance, атлас конкорд эдванс, керамогранит advance, купить, поставщик, скидки",Каталог керамического гранита ATLAS CONCORDE ADVANCE от прямого поставщика КЕРАМОТЕКА. Опт и розница. Скидки. Цены.,ATLAS CONCORDE ADVANCE / АТЛАС КОНКОРД ЭДВАНС - проектный керамогранит для общественных пространств. КЕРАМОТЕКА.,Под заказ,$$$,https://www.keramoteka.ru/upload/uf/813/keramoteka-atlas-concorde-advance.pdf,Статус NHS - ОТСУТСВУЕТ,Керамогранит,Moca Creme Mosaico Linea,30X60 СМ,6G9O,./temp_files/img/ATLAS CONCORDE_ADVANCE_Moca Creme Mosaico Linea.jpg
ATLAS CONCORDE,./temp_files/logo/ATLAS CONCORDE.png,"atlas concorde, атлас конкорд, плитка atlas concorde, керамогранит atlas concorde, плитка, керамогранит, atlas concord, плитка конкорд, плитка atlas, поставщик, атлас конкорд италия, атлас конкорд сайт","Каталог керамической плитки и керамогранита ATLAS CONCORDE / АТЛАС КОНКОРД (Италия) от прямого поставщика КЕРАМОТЕКА. Низкие цены, скидки. Оптовые и розничные продажи. Материал в наличии.",ATLAS CONCORDE / АТЛАС КОНКОРД (Италия) Керамическая плитка и керамогранит от прямого поставщика - компании КЕРАМОТЕКА,Италия,ADVANCE,"atlas concorde advance, атлас конкорд эдванс, керамогранит advance, купить, поставщик, скидки",Каталог керамического гранита ATLAS CONCORDE ADVANCE от прямого поставщика КЕРАМОТЕКА. Опт и розница. Скидки. Цены.,ATLAS CONCORDE ADVANCE / АТЛАС КОНКОРД ЭДВАНС - проектный керамогранит для общественных пространств. КЕРАМОТЕКА.,Под заказ,$$$,https://www.keramoteka.ru/upload/uf/813/keramoteka-atlas-concorde-advance.pdf,Статус NHS - ОТСУТСВУЕТ,Керамогранит,Grigio Lipica Mosaico Linea,30X60 СМ,6G9Q,./temp_files/img/ATLAS CONCORDE_ADVANCE_Grigio Lipica Mosaico Linea.jpg
ATLAS CONCORDE,./temp_files/logo/ATLAS CONCORDE.png,"atlas concorde, атлас конкорд, плитка atlas concorde, керамогранит atlas concorde, плитка, керамогранит, atlas concord, плитка конкорд, плитка atlas, поставщик, атлас конкорд италия, атлас конкорд сайт","Каталог керамической плитки и керамогранита ATLAS CONCORDE / АТЛАС КОНКОРД (Италия) от прямого поставщика КЕРАМОТЕКА. Низкие цены, скидки. Оптовые и розничные продажи. Материал в наличии.",ATLAS CONCORDE / АТЛАС КОНКОРД (Италия) Керамическая плитка и керамогранит от прямого поставщика - компании КЕРАМОТЕКА,Италия,ADVANCE,"atlas concorde advance, атлас конкорд эдванс, керамогранит advance, купить, поставщик, скидки",Каталог керамического гранита ATLAS CONCORDE ADVANCE от прямого поставщика КЕРАМОТЕКА. Опт и розница. Скидки. Цены.,ATLAS CONCORDE ADVANCE / АТЛАС КОНКОРД ЭДВАНС - проектный керамогранит для общественных пространств. КЕРАМОТЕКА.,Под заказ,$$$,https://www.keramoteka.ru/upload/uf/813/keramoteka-atlas-concorde-advance.pdf,Статус NHS - ОТСУТСВУЕТ,Керамогранит,Bianco Brera Mosaico Linea,30X60 СМ,6G9M,./temp_files/img/ATLAS CONCORDE_ADVANCE_Bianco Brera Mosaico Linea.jpg
ATLAS CONCORDE,./temp_files/logo/ATLAS CONCORDE.png,"atlas concorde, атлас конкорд, плитка atlas concorde, керамогранит atlas concorde, плитка, керамогранит, atlas concord, плитка конкорд, плитка atlas, поставщик, атлас конкорд италия, атлас конкорд сайт","Каталог керамической плитки и керамогранита ATLAS CONCORDE / АТЛАС КОНКОРД (Италия) от прямого поставщика КЕРАМОТЕКА. Низкие цены, скидки. Оптовые и розничные продажи. Материал в наличии.",ATLAS CONCORDE / АТЛАС КОНКОРД (Италия) Керамическая плитка и керамогранит от прямого поставщика - компании КЕРАМОТЕКА,Италия,ADVANCE,"atlas concorde advance, атлас конкорд эдванс, керамогранит advance, купить, поставщик, скидки",Каталог керамического гранита ATLAS CONCORDE ADVANCE от прямого поставщика КЕРАМОТЕКА. Опт и розница. Скидки. Цены.,ATLAS CONCORDE ADVANCE / АТЛАС КОНКОРД ЭДВАНС - проектный керамогранит для общественных пространств. КЕРАМОТЕКА.,Под заказ,$$$,https://www.keramoteka.ru/upload/uf/813/keramoteka-atlas-concorde-advance.pdf,Статус NHS - ОТСУТСВУЕТ,Керамогранит,Dorato Aral Mosaico Linea,30X60 СМ,6G9P,./temp_files/img/ATLAS CONCORDE_ADVANCE_Dorato Aral Mosaico Linea.jpg
ATLAS CONCORDE,./temp_files/logo/ATLAS CONCORDE.png,"atlas concorde, атлас конкорд, плитка atlas concorde, керамогранит atlas concorde, плитка, керамогранит, atlas concord, плитка конкорд, плитка atlas, поставщик, атлас конкорд италия, атлас конкорд сайт","Каталог керамической плитки и керамогранита ATLAS CONCORDE / АТЛАС КОНКОРД (Италия) от прямого поставщика КЕРАМОТЕКА. Низкие цены, скидки. Оптовые и розничные продажи. Материал в наличии.",ATLAS CONCORDE / АТЛАС КОНКОРД (Италия) Керамическая плитка и керамогранит от прямого поставщика - компании КЕРАМОТЕКА,Италия,ADVANCE,"atlas concorde advance, атлас конкорд эдванс, керамогранит advance, купить, поставщик, скидки",Каталог керамического гранита ATLAS CONCORDE ADVANCE от прямого поставщика КЕРАМОТЕКА. Опт и розница. Скидки. Цены.,ATLAS CONCORDE ADVANCE / АТЛАС КОНКОРД ЭДВАНС - проектный керамогранит для общественных пространств. КЕРАМОТЕКА.,Под заказ,$$$,https://www.keramoteka.ru/upload/uf/813/keramoteka-atlas-concorde-advance.pdf,Статус NHS - ОТСУТСВУЕТ,Керамогранит,Nero Basalto Mosaico Linea,30X60 СМ,6G9N,./temp_files/img/ATLAS CONCORDE_ADVANCE_Nero Basalto Mosaico Linea.jpg
ATLAS CONCORDE,./temp_files/logo/ATLAS CONCORDE.png,"atlas concorde, атлас конкорд, плитка atlas concorde, керамогранит atlas concorde, плитка, керамогранит, atlas concord, плитка конкорд, плитка atlas, поставщик, атлас конкорд италия, атлас конкорд сайт","Каталог керамической плитки и керамогранита ATLAS CONCORDE / АТЛАС КОНКОРД (Италия) от прямого поставщика КЕРАМОТЕКА. Низкие цены, скидки. Оптовые и розничные продажи. Материал в наличии.",ATLAS CONCORDE / АТЛАС КОНКОРД (Италия) Керамическая плитка и керамогранит от прямого поставщика - компании КЕРАМОТЕКА,Италия,ADVANCE,"atlas concorde advance, атлас конкорд эдванс, керамогранит advance, купить, поставщик, скидки",Каталог керамического гранита ATLAS CONCORDE ADVANCE от прямого поставщика КЕРАМОТЕКА. Опт и розница. Скидки. Цены.,ATLAS CONCORDE ADVANCE / АТЛАС КОНКОРД ЭДВАНС - проектный керамогранит для общественных пространств. КЕРАМОТЕКА.,Под заказ,$$$,https://www.keramoteka.ru/upload/uf/813/keramoteka-atlas-concorde-advance.pdf,Статус NHS - ОТСУТСВУЕТ,Мозаика /Керамогранит/,Moca Creme Mosaico,30X30 СМ,6G9S,./temp_files/img/ATLAS CONCORDE_ADVANCE_Moca Creme Mosaico.jpg
ATLAS CONCORDE,./temp_files/logo/ATLAS CONCORDE.png,"atlas concorde, атлас конкорд, плитка atlas concorde, керамогранит atlas concorde, плитка, керамогранит, atlas concord, плитка конкорд, плитка atlas, поставщик, атлас конкорд италия, атлас конкорд сайт","Каталог керамической плитки и керамогранита ATLAS CONCORDE / АТЛАС КОНКОРД (Италия) от прямого поставщика КЕРАМОТЕКА. Низкие цены, скидки. Оптовые и розничные продажи. Материал в наличии.",ATLAS CONCORDE / АТЛАС КОНКОРД (Италия) Керамическая плитка и керамогранит от прямого поставщика - компании КЕРАМОТЕКА,Италия,ADVANCE,"atlas concorde advance, атлас конкорд эдванс, керамогранит advance, купить, поставщик, скидки",Каталог керамического гранита ATLAS CONCORDE ADVANCE от прямого поставщика КЕРАМОТЕКА. Опт и розница. Скидки. Цены.,ATLAS CONCORDE ADVANCE / АТЛАС КОНКОРД ЭДВАНС - проектный керамогранит для общественных пространств. КЕРАМОТЕКА.,Под заказ,$$$,https://www.keramoteka.ru/upload/uf/813/keramoteka-atlas-concorde-advance.pdf,Статус NHS - ОТСУТСВУЕТ,Мозаика /Керамогранит/,Grigio Lipica Mosaico,30X30 СМ,6G9U,./temp_files/img/ATLAS CONCORDE_ADVANCE_Grigio Lipica Mosaico.jpg
ATLAS CONCORDE,./temp_files/logo/ATLAS CONCORDE.png,"atlas concorde, атлас конкорд, плитка atlas concorde, керамогранит atlas concorde, плитка, керамогранит, atlas concord, плитка конкорд, плитка atlas, поставщик, атлас конкорд италия, атлас конкорд сайт","Каталог керамической плитки и керамогранита ATLAS CONCORDE / АТЛАС КОНКОРД (Италия) от прямого поставщика КЕРАМОТЕКА. Низкие цены, скидки. Оптовые и розничные продажи. Материал в наличии.",ATLAS CONCORDE / АТЛАС КОНКОРД (Италия) Керамическая плитка и керамогранит от прямого поставщика - компании КЕРАМОТЕКА,Италия,ADVANCE,"atlas concorde advance, атлас конкорд эдванс, керамогранит advance, купить, поставщик, скидки",Каталог керамического гранита ATLAS CONCORDE ADVANCE от прямого поставщика КЕРАМОТЕКА. Опт и розница. Скидки. Цены.,ATLAS CONCORDE ADVANCE / АТЛАС КОНКОРД ЭДВАНС - проектный керамогранит для общественных пространств. КЕРАМОТЕКА.,Под заказ,$$$,https://www.keramoteka.ru/upload/uf/813/keramoteka-atlas-concorde-advance.pdf,Статус NHS - ОТСУТСВУЕТ,Мозаика /Керамогранит/,Bianco Brera Mosaico,30X30 СМ,6G9R,./temp_files/img/ATLAS CONCORDE_ADVANCE_Bianco Brera Mosaico.jpg
ATLAS CONCORDE,./temp_files/logo/ATLAS CONCORDE.png,"atlas concorde, атлас конкорд, плитка atlas concorde, керамогранит atlas concorde, плитка, керамогранит, atlas concord, плитка конкорд, плитка atlas, поставщик, атлас конкорд италия, атлас конкорд сайт","Каталог керамической плитки и керамогранита ATLAS CONCORDE / АТЛАС КОНКОРД (Италия) от прямого поставщика КЕРАМОТЕКА. Низкие цены, скидки. Оптовые и розничные продажи. Материал в наличии.",ATLAS CONCORDE / АТЛАС КОНКОРД (Италия) Керамическая плитка и керамогранит от прямого поставщика - компании КЕРАМОТЕКА,Италия,ADVANCE,"atlas concorde advance, атлас конкорд эдванс, керамогранит advance, купить, поставщик, скидки",Каталог керамического гранита ATLAS CONCORDE ADVANCE от прямого поставщика КЕРАМОТЕКА. Опт и розница. Скидки. Цены.,ATLAS CONCORDE ADVANCE / АТЛАС КОНКОРД ЭДВАНС - проектный керамогранит для общественных пространств. КЕРАМОТЕКА.,Под заказ,$$$,https://www.keramoteka.ru/upload/uf/813/keramoteka-atlas-concorde-advance.pdf,Статус NHS - ОТСУТСВУЕТ,Мозаика /Керамогранит/,Dorato Aral Mosaico,30X30 СМ,6G9T,./temp_files/img/ATLAS CONCORDE_ADVANCE_Dorato Aral Mosaico.jpg
ATLAS CONCORDE,./temp_files/logo/ATLAS CONCORDE.png,"atlas concorde, атлас конкорд, плитка atlas concorde, керамогранит atlas concorde, плитка, керамогранит, atlas concord, плитка конкорд, плитка atlas, поставщик, атлас конкорд италия, атлас конкорд сайт","Каталог керамической плитки и керамогранита ATLAS CONCORDE / АТЛАС КОНКОРД (Италия) от прямого поставщика КЕРАМОТЕКА. Низкие цены, скидки. Оптовые и розничные продажи. Материал в наличии.",ATLAS CONCORDE / АТЛАС КОНКОРД (Италия) Керамическая плитка и керамогранит от прямого поставщика - компании КЕРАМОТЕКА,Италия,ADVANCE,"atlas concorde advance, атлас конкорд эдванс, керамогранит advance, купить, поставщик, скидки",Каталог керамического гранита ATLAS CONCORDE ADVANCE от прямого поставщика КЕРАМОТЕКА. Опт и розница. Скидки. Цены.,ATLAS CONCORDE ADVANCE / АТЛАС КОНКОРД ЭДВАНС - проектный керамогранит для общественных пространств. КЕРАМОТЕКА.,Под заказ,$$$,https://www.keramoteka.ru/upload/uf/813/keramoteka-atlas-concorde-advance.pdf,Статус NHS - ОТСУТСВУЕТ,Мозаика /Керамогранит/,Nero Basalto Mosaico,30X30 СМ,6G9V,./temp_files/img/ATLAS CONCORDE_ADVANCE_Nero Basalto Mosaico.jpg
