ATLAS CONCORDE,./temp_files/logo/ATLAS CONCORDE.png,"atlas concorde, атлас конкорд, плитка atlas concorde, керамогранит atlas concorde, плитка, керамогранит, atlas concord, плитка конкорд, плитка atlas, поставщик, атлас конкорд италия, атлас конкорд сайт","Каталог керамической плитки и керамогранита ATLAS CONCORDE / АТЛАС КОНКОРД (Италия) от прямого поставщика КЕРАМОТЕКА. Низкие цены, скидки. Оптовые и розничные продажи. Материал в наличии.",ATLAS CONCORDE / АТЛАС КОНКОРД (Италия) Керамическая плитка и керамогранит от прямого поставщика - компании КЕРАМОТЕКА,Италия,SUBLIME,"atlas concorde sublime, атлас конкорд сублим, плитка sublime, купить, поставщик, скидки, цены",Каталог керамической плитки ATLAS CONCORDE SUBLIME от прямого поставщика КЕРАМОТЕКА. Опт и розница. Скидки. Цены.,ATLAS CONCORDE SUBLIME / АТЛАС КОНКОРД СУБЛИМ - керамическая плитка 20*80 для ванных комнат. КЕРАМОТЕКА.,Под заказ,$$$,https://www.keramoteka.ru/upload/uf/6ae/keramoteka-atlas-concorde-sublime.pdf,СНЯТО С ПРОИЗВОДСТВА,Керамическая плитка для стен,Snow,20X80 СМ,8SUW,./temp_files/img/ATLAS CONCORDE_SUBLIME_Snow.jpg
ATLAS CONCORDE,./temp_files/logo/ATLAS CONCORDE.png,"atlas concorde, атлас конкорд, плитка atlas concorde, керамогранит atlas concorde, плитка, керамогранит, atlas concord, плитка конкорд, плитка atlas, поставщик, атлас конкорд италия, атлас конкорд сайт","Каталог керамической плитки и керамогранита ATLAS CONCORDE / АТЛАС КОНКОРД (Италия) от прямого поставщика КЕРАМОТЕКА. Низкие цены, скидки. Оптовые и розничные продажи. Материал в наличии.",ATLAS CONCORDE / АТЛАС КОНКОРД (Италия) Керамическая плитка и керамогранит от прямого поставщика - компании КЕРАМОТЕКА,Италия,SUBLIME,"atlas concorde sublime, атлас конкорд сублим, плитка sublime, купить, поставщик, скидки, цены",Каталог керамической плитки ATLAS CONCORDE SUBLIME от прямого поставщика КЕРАМОТЕКА. Опт и розница. Скидки. Цены.,ATLAS CONCORDE SUBLIME / АТЛАС КОНКОРД СУБЛИМ - керамическая плитка 20*80 для ванных комнат. КЕРАМОТЕКА.,Под заказ,$$$,https://www.keramoteka.ru/upload/uf/6ae/keramoteka-atlas-concorde-sublime.pdf,СНЯТО С ПРОИЗВОДСТВА,Керамическая плитка для стен,Shell,20X80 СМ,8SUS,./temp_files/img/ATLAS CONCORDE_SUBLIME_Shell.jpg
ATLAS CONCORDE,./temp_files/logo/ATLAS CONCORDE.png,"atlas concorde, атлас конкорд, плитка atlas concorde, керамогранит atlas concorde, плитка, керамогранит, atlas concord, плитка конкорд, плитка atlas, поставщик, атлас конкорд италия, атлас конкорд сайт","Каталог керамической плитки и керамогранита ATLAS CONCORDE / АТЛАС КОНКОРД (Италия) от прямого поставщика КЕРАМОТЕКА. Низкие цены, скидки. Оптовые и розничные продажи. Материал в наличии.",ATLAS CONCORDE / АТЛАС КОНКОРД (Италия) Керамическая плитка и керамогранит от прямого поставщика - компании КЕРАМОТЕКА,Италия,SUBLIME,"atlas concorde sublime, атлас конкорд сублим, плитка sublime, купить, поставщик, скидки, цены",Каталог керамической плитки ATLAS CONCORDE SUBLIME от прямого поставщика КЕРАМОТЕКА. Опт и розница. Скидки. Цены.,ATLAS CONCORDE SUBLIME / АТЛАС КОНКОРД СУБЛИМ - керамическая плитка 20*80 для ванных комнат. КЕРАМОТЕКА.,Под заказ,$$$,https://www.keramoteka.ru/upload/uf/6ae/keramoteka-atlas-concorde-sublime.pdf,СНЯТО С ПРОИЗВОДСТВА,Керамическая плитка для стен,Silver,20X80 СМ,8SUL,./temp_files/img/ATLAS CONCORDE_SUBLIME_Silver.jpg
ATLAS CONCORDE,./temp_files/logo/ATLAS CONCORDE.png,"atlas concorde, атлас конкорд, плитка atlas concorde, керамогранит atlas concorde, плитка, керамогранит, atlas concord, плитка конкорд, плитка atlas, поставщик, атлас конкорд италия, атлас конкорд сайт","Каталог керамической плитки и керамогранита ATLAS CONCORDE / АТЛАС КОНКОРД (Италия) от прямого поставщика КЕРАМОТЕКА. Низкие цены, скидки. Оптовые и розничные продажи. Материал в наличии.",ATLAS CONCORDE / АТЛАС КОНКОРД (Италия) Керамическая плитка и керамогранит от прямого поставщика - компании КЕРАМОТЕКА,Италия,SUBLIME,"atlas concorde sublime, атлас конкорд сублим, плитка sublime, купить, поставщик, скидки, цены",Каталог керамической плитки ATLAS CONCORDE SUBLIME от прямого поставщика КЕРАМОТЕКА. Опт и розница. Скидки. Цены.,ATLAS CONCORDE SUBLIME / АТЛАС КОНКОРД СУБЛИМ - керамическая плитка 20*80 для ванных комнат. КЕРАМОТЕКА.,Под заказ,$$$,https://www.keramoteka.ru/upload/uf/6ae/keramoteka-atlas-concorde-sublime.pdf,СНЯТО С ПРОИЗВОДСТВА,Керамическая плитка для стен,Sea,20X80 СМ,8SUA,./temp_files/img/ATLAS CONCORDE_SUBLIME_Sea.jpg
ATLAS CONCORDE,./temp_files/logo/ATLAS CONCORDE.png,"atlas concorde, атлас конкорд, плитка atlas concorde, керамогранит atlas concorde, плитка, керамогранит, atlas concord, плитка конкорд, плитка atlas, поставщик, атлас конкорд италия, атлас конкорд сайт","Каталог керамической плитки и керамогранита ATLAS CONCORDE / АТЛАС КОНКОРД (Италия) от прямого поставщика КЕРАМОТЕКА. Низкие цены, скидки. Оптовые и розничные продажи. Материал в наличии.",ATLAS CONCORDE / АТЛАС КОНКОРД (Италия) Керамическая плитка и керамогранит от прямого поставщика - компании КЕРАМОТЕКА,Италия,SUBLIME,"atlas concorde sublime, атлас конкорд сублим, плитка sublime, купить, поставщик, скидки, цены",Каталог керамической плитки ATLAS CONCORDE SUBLIME от прямого поставщика КЕРАМОТЕКА. Опт и розница. Скидки. Цены.,ATLAS CONCORDE SUBLIME / АТЛАС КОНКОРД СУБЛИМ - керамическая плитка 20*80 для ванных комнат. КЕРАМОТЕКА.,Под заказ,$$$,https://www.keramoteka.ru/upload/uf/6ae/keramoteka-atlas-concorde-sublime.pdf,СНЯТО С ПРОИЗВОДСТВА,Керамическая плитка для стен,Petal,20X80 СМ,8SUP,./temp_files/img/ATLAS CONCORDE_SUBLIME_Petal.jpg
ATLAS CONCORDE,./temp_files/logo/ATLAS CONCORDE.png,"atlas concorde, атлас конкорд, плитка atlas concorde, керамогранит atlas concorde, плитка, керамогранит, atlas concord, плитка конкорд, плитка atlas, поставщик, атлас конкорд италия, атлас конкорд сайт","Каталог керамической плитки и керамогранита ATLAS CONCORDE / АТЛАС КОНКОРД (Италия) от прямого поставщика КЕРАМОТЕКА. Низкие цены, скидки. Оптовые и розничные продажи. Материал в наличии.",ATLAS CONCORDE / АТЛАС КОНКОРД (Италия) Керамическая плитка и керамогранит от прямого поставщика - компании КЕРАМОТЕКА,Италия,SUBLIME,"atlas concorde sublime, атлас конкорд сублим, плитка sublime, купить, поставщик, скидки, цены",Каталог керамической плитки ATLAS CONCORDE SUBLIME от прямого поставщика КЕРАМОТЕКА. Опт и розница. Скидки. Цены.,ATLAS CONCORDE SUBLIME / АТЛАС КОНКОРД СУБЛИМ - керамическая плитка 20*80 для ванных комнат. КЕРАМОТЕКА.,Под заказ,$$$,https://www.keramoteka.ru/upload/uf/6ae/keramoteka-atlas-concorde-sublime.pdf,СНЯТО С ПРОИЗВОДСТВА,Керамическая плитка для стен,Ebony,20X80 СМ,8SUE,./temp_files/img/ATLAS CONCORDE_SUBLIME_Ebony.jpg
ATLAS CONCORDE,./temp_files/logo/ATLAS CONCORDE.png,"atlas concorde, атлас конкорд, плитка atlas concorde, керамогранит atlas concorde, плитка, керамогранит, atlas concord, плитка конкорд, плитка atlas, поставщик, атлас конкорд италия, атлас конкорд сайт","Каталог керамической плитки и керамогранита ATLAS CONCORDE / АТЛАС КОНКОРД (Италия) от прямого поставщика КЕРАМОТЕКА. Низкие цены, скидки. Оптовые и розничные продажи. Материал в наличии.",ATLAS CONCORDE / АТЛАС КОНКОРД (Италия) Керамическая плитка и керамогранит от прямого поставщика - компании КЕРАМОТЕКА,Италия,SUBLIME,"atlas concorde sublime, атлас конкорд сублим, плитка sublime, купить, поставщик, скидки, цены",Каталог керамической плитки ATLAS CONCORDE SUBLIME от прямого поставщика КЕРАМОТЕКА. Опт и розница. Скидки. Цены.,ATLAS CONCORDE SUBLIME / АТЛАС КОНКОРД СУБЛИМ - керамическая плитка 20*80 для ванных комнат. КЕРАМОТЕКА.,Под заказ,$$$,https://www.keramoteka.ru/upload/uf/6ae/keramoteka-atlas-concorde-sublime.pdf,СНЯТО С ПРОИЗВОДСТВА,Керамическая плитка для стен,Sienna,20X80 СМ,8SUI,./temp_files/img/ATLAS CONCORDE_SUBLIME_Sienna.jpg
ATLAS CONCORDE,./temp_files/logo/ATLAS CONCORDE.png,"atlas concorde, атлас конкорд, плитка atlas concorde, керамогранит atlas concorde, плитка, керамогранит, atlas concord, плитка конкорд, плитка atlas, поставщик, атлас конкорд италия, атлас конкорд сайт","Каталог керамической плитки и керамогранита ATLAS CONCORDE / АТЛАС КОНКОРД (Италия) от прямого поставщика КЕРАМОТЕКА. Низкие цены, скидки. Оптовые и розничные продажи. Материал в наличии.",ATLAS CONCORDE / АТЛАС КОНКОРД (Италия) Керамическая плитка и керамогранит от прямого поставщика - компании КЕРАМОТЕКА,Италия,SUBLIME,"atlas concorde sublime, атлас конкорд сублим, плитка sublime, купить, поставщик, скидки, цены",Каталог керамической плитки ATLAS CONCORDE SUBLIME от прямого поставщика КЕРАМОТЕКА. Опт и розница. Скидки. Цены.,ATLAS CONCORDE SUBLIME / АТЛАС КОНКОРД СУБЛИМ - керамическая плитка 20*80 для ванных комнат. КЕРАМОТЕКА.,Под заказ,$$$,https://www.keramoteka.ru/upload/uf/6ae/keramoteka-atlas-concorde-sublime.pdf,СНЯТО С ПРОИЗВОДСТВА,Керамическая плитка для стен,Shell Damask,20X80 СМ,8UDS,./temp_files/img/ATLAS CONCORDE_SUBLIME_Shell Damask.jpg
ATLAS CONCORDE,./temp_files/logo/ATLAS CONCORDE.png,"atlas concorde, атлас конкорд, плитка atlas concorde, керамогранит atlas concorde, плитка, керамогранит, atlas concord, плитка конкорд, плитка atlas, поставщик, атлас конкорд италия, атлас конкорд сайт","Каталог керамической плитки и керамогранита ATLAS CONCORDE / АТЛАС КОНКОРД (Италия) от прямого поставщика КЕРАМОТЕКА. Низкие цены, скидки. Оптовые и розничные продажи. Материал в наличии.",ATLAS CONCORDE / АТЛАС КОНКОРД (Италия) Керамическая плитка и керамогранит от прямого поставщика - компании КЕРАМОТЕКА,Италия,SUBLIME,"atlas concorde sublime, атлас конкорд сублим, плитка sublime, купить, поставщик, скидки, цены",Каталог керамической плитки ATLAS CONCORDE SUBLIME от прямого поставщика КЕРАМОТЕКА. Опт и розница. Скидки. Цены.,ATLAS CONCORDE SUBLIME / АТЛАС КОНКОРД СУБЛИМ - керамическая плитка 20*80 для ванных комнат. КЕРАМОТЕКА.,Под заказ,$$$,https://www.keramoteka.ru/upload/uf/6ae/keramoteka-atlas-concorde-sublime.pdf,СНЯТО С ПРОИЗВОДСТВА,Керамическая плитка для стен,Silver Damask,20X80 СМ,8UDL,./temp_files/img/ATLAS CONCORDE_SUBLIME_Silver Damask.jpg
ATLAS CONCORDE,./temp_files/logo/ATLAS CONCORDE.png,"atlas concorde, атлас конкорд, плитка atlas concorde, керамогранит atlas concorde, плитка, керамогранит, atlas concord, плитка конкорд, плитка atlas, поставщик, атлас конкорд италия, атлас конкорд сайт","Каталог керамической плитки и керамогранита ATLAS CONCORDE / АТЛАС КОНКОРД (Италия) от прямого поставщика КЕРАМОТЕКА. Низкие цены, скидки. Оптовые и розничные продажи. Материал в наличии.",ATLAS CONCORDE / АТЛАС КОНКОРД (Италия) Керамическая плитка и керамогранит от прямого поставщика - компании КЕРАМОТЕКА,Италия,SUBLIME,"atlas concorde sublime, атлас конкорд сублим, плитка sublime, купить, поставщик, скидки, цены",Каталог керамической плитки ATLAS CONCORDE SUBLIME от прямого поставщика КЕРАМОТЕКА. Опт и розница. Скидки. Цены.,ATLAS CONCORDE SUBLIME / АТЛАС КОНКОРД СУБЛИМ - керамическая плитка 20*80 для ванных комнат. КЕРАМОТЕКА.,Под заказ,$$$,https://www.keramoteka.ru/upload/uf/6ae/keramoteka-atlas-concorde-sublime.pdf,СНЯТО С ПРОИЗВОДСТВА,Керамическая плитка для стен,Sea Damask,20X80 СМ,8UDA,./temp_files/img/ATLAS CONCORDE_SUBLIME_Sea Damask.jpg
ATLAS CONCORDE,./temp_files/logo/ATLAS CONCORDE.png,"atlas concorde, атлас конкорд, плитка atlas concorde, керамогранит atlas concorde, плитка, керамогранит, atlas concord, плитка конкорд, плитка atlas, поставщик, атлас конкорд италия, атлас конкорд сайт","Каталог керамической плитки и керамогранита ATLAS CONCORDE / АТЛАС КОНКОРД (Италия) от прямого поставщика КЕРАМОТЕКА. Низкие цены, скидки. Оптовые и розничные продажи. Материал в наличии.",ATLAS CONCORDE / АТЛАС КОНКОРД (Италия) Керамическая плитка и керамогранит от прямого поставщика - компании КЕРАМОТЕКА,Италия,SUBLIME,"atlas concorde sublime, атлас конкорд сублим, плитка sublime, купить, поставщик, скидки, цены",Каталог керамической плитки ATLAS CONCORDE SUBLIME от прямого поставщика КЕРАМОТЕКА. Опт и розница. Скидки. Цены.,ATLAS CONCORDE SUBLIME / АТЛАС КОНКОРД СУБЛИМ - керамическая плитка 20*80 для ванных комнат. КЕРАМОТЕКА.,Под заказ,$$$,https://www.keramoteka.ru/upload/uf/6ae/keramoteka-atlas-concorde-sublime.pdf,СНЯТО С ПРОИЗВОДСТВА,Керамическая плитка для стен,Petal Damask,20X80 СМ,8UDP,./temp_files/img/ATLAS CONCORDE_SUBLIME_Petal Damask.jpg
ATLAS CONCORDE,./temp_files/logo/ATLAS CONCORDE.png,"atlas concorde, атлас конкорд, плитка atlas concorde, керамогранит atlas concorde, плитка, керамогранит, atlas concord, плитка конкорд, плитка atlas, поставщик, атлас конкорд италия, атлас конкорд сайт","Каталог керамической плитки и керамогранита ATLAS CONCORDE / АТЛАС КОНКОРД (Италия) от прямого поставщика КЕРАМОТЕКА. Низкие цены, скидки. Оптовые и розничные продажи. Материал в наличии.",ATLAS CONCORDE / АТЛАС КОНКОРД (Италия) Керамическая плитка и керамогранит от прямого поставщика - компании КЕРАМОТЕКА,Италия,SUBLIME,"atlas concorde sublime, атлас конкорд сублим, плитка sublime, купить, поставщик, скидки, цены",Каталог керамической плитки ATLAS CONCORDE SUBLIME от прямого поставщика КЕРАМОТЕКА. Опт и розница. Скидки. Цены.,ATLAS CONCORDE SUBLIME / АТЛАС КОНКОРД СУБЛИМ - керамическая плитка 20*80 для ванных комнат. КЕРАМОТЕКА.,Под заказ,$$$,https://www.keramoteka.ru/upload/uf/6ae/keramoteka-atlas-concorde-sublime.pdf,СНЯТО С ПРОИЗВОДСТВА,Керамическая плитка для стен,Ebony Damask,20X80 СМ,8UDE,./temp_files/img/ATLAS CONCORDE_SUBLIME_Ebony Damask.jpg
ATLAS CONCORDE,./temp_files/logo/ATLAS CONCORDE.png,"atlas concorde, атлас конкорд, плитка atlas concorde, керамогранит atlas concorde, плитка, керамогранит, atlas concord, плитка конкорд, плитка atlas, поставщик, атлас конкорд италия, атлас конкорд сайт","Каталог керамической плитки и керамогранита ATLAS CONCORDE / АТЛАС КОНКОРД (Италия) от прямого поставщика КЕРАМОТЕКА. Низкие цены, скидки. Оптовые и розничные продажи. Материал в наличии.",ATLAS CONCORDE / АТЛАС КОНКОРД (Италия) Керамическая плитка и керамогранит от прямого поставщика - компании КЕРАМОТЕКА,Италия,SUBLIME,"atlas concorde sublime, атлас конкорд сублим, плитка sublime, купить, поставщик, скидки, цены",Каталог керамической плитки ATLAS CONCORDE SUBLIME от прямого поставщика КЕРАМОТЕКА. Опт и розница. Скидки. Цены.,ATLAS CONCORDE SUBLIME / АТЛАС КОНКОРД СУБЛИМ - керамическая плитка 20*80 для ванных комнат. КЕРАМОТЕКА.,Под заказ,$$$,https://www.keramoteka.ru/upload/uf/6ae/keramoteka-atlas-concorde-sublime.pdf,СНЯТО С ПРОИЗВОДСТВА,Керамическая плитка для стен,Sienna Damask,20X80 СМ,8UDI,./temp_files/img/ATLAS CONCORDE_SUBLIME_Sienna Damask.jpg
ATLAS CONCORDE,./temp_files/logo/ATLAS CONCORDE.png,"atlas concorde, атлас конкорд, плитка atlas concorde, керамогранит atlas concorde, плитка, керамогранит, atlas concord, плитка конкорд, плитка atlas, поставщик, атлас конкорд италия, атлас конкорд сайт","Каталог керамической плитки и керамогранита ATLAS CONCORDE / АТЛАС КОНКОРД (Италия) от прямого поставщика КЕРАМОТЕКА. Низкие цены, скидки. Оптовые и розничные продажи. Материал в наличии.",ATLAS CONCORDE / АТЛАС КОНКОРД (Италия) Керамическая плитка и керамогранит от прямого поставщика - компании КЕРАМОТЕКА,Италия,SUBLIME,"atlas concorde sublime, атлас конкорд сублим, плитка sublime, купить, поставщик, скидки, цены",Каталог керамической плитки ATLAS CONCORDE SUBLIME от прямого поставщика КЕРАМОТЕКА. Опт и розница. Скидки. Цены.,ATLAS CONCORDE SUBLIME / АТЛАС КОНКОРД СУБЛИМ - керамическая плитка 20*80 для ванных комнат. КЕРАМОТЕКА.,Под заказ,$$$,https://www.keramoteka.ru/upload/uf/6ae/keramoteka-atlas-concorde-sublime.pdf,СНЯТО С ПРОИЗВОДСТВА,Декоративные элементы,Snow Line,20X80 СМ,8SLS,./temp_files/img/ATLAS CONCORDE_SUBLIME_Snow Line.jpg
ATLAS CONCORDE,./temp_files/logo/ATLAS CONCORDE.png,"atlas concorde, атлас конкорд, плитка atlas concorde, керамогранит atlas concorde, плитка, керамогранит, atlas concord, плитка конкорд, плитка atlas, поставщик, атлас конкорд италия, атлас конкорд сайт","Каталог керамической плитки и керамогранита ATLAS CONCORDE / АТЛАС КОНКОРД (Италия) от прямого поставщика КЕРАМОТЕКА. Низкие цены, скидки. Оптовые и розничные продажи. Материал в наличии.",ATLAS CONCORDE / АТЛАС КОНКОРД (Италия) Керамическая плитка и керамогранит от прямого поставщика - компании КЕРАМОТЕКА,Италия,SUBLIME,"atlas concorde sublime, атлас конкорд сублим, плитка sublime, купить, поставщик, скидки, цены",Каталог керамической плитки ATLAS CONCORDE SUBLIME от прямого поставщика КЕРАМОТЕКА. Опт и розница. Скидки. Цены.,ATLAS CONCORDE SUBLIME / АТЛАС КОНКОРД СУБЛИМ - керамическая плитка 20*80 для ванных комнат. КЕРАМОТЕКА.,Под заказ,$$$,https://www.keramoteka.ru/upload/uf/6ae/keramoteka-atlas-concorde-sublime.pdf,СНЯТО С ПРОИЗВОДСТВА,Декоративные элементы,Shell Line,20X80 СМ,8SLH,./temp_files/img/ATLAS CONCORDE_SUBLIME_Shell Line.jpg
ATLAS CONCORDE,./temp_files/logo/ATLAS CONCORDE.png,"atlas concorde, атлас конкорд, плитка atlas concorde, керамогранит atlas concorde, плитка, керамогранит, atlas concord, плитка конкорд, плитка atlas, поставщик, атлас конкорд италия, атлас конкорд сайт","Каталог керамической плитки и керамогранита ATLAS CONCORDE / АТЛАС КОНКОРД (Италия) от прямого поставщика КЕРАМОТЕКА. Низкие цены, скидки. Оптовые и розничные продажи. Материал в наличии.",ATLAS CONCORDE / АТЛАС КОНКОРД (Италия) Керамическая плитка и керамогранит от прямого поставщика - компании КЕРАМОТЕКА,Италия,SUBLIME,"atlas concorde sublime, атлас конкорд сублим, плитка sublime, купить, поставщик, скидки, цены",Каталог керамической плитки ATLAS CONCORDE SUBLIME от прямого поставщика КЕРАМОТЕКА. Опт и розница. Скидки. Цены.,ATLAS CONCORDE SUBLIME / АТЛАС КОНКОРД СУБЛИМ - керамическая плитка 20*80 для ванных комнат. КЕРАМОТЕКА.,Под заказ,$$$,https://www.keramoteka.ru/upload/uf/6ae/keramoteka-atlas-concorde-sublime.pdf,СНЯТО С ПРОИЗВОДСТВА,Декоративные элементы,Silver Line,20X80 СМ,8SLL,./temp_files/img/ATLAS CONCORDE_SUBLIME_Silver Line.jpg
ATLAS CONCORDE,./temp_files/logo/ATLAS CONCORDE.png,"atlas concorde, атлас конкорд, плитка atlas concorde, керамогранит atlas concorde, плитка, керамогранит, atlas concord, плитка конкорд, плитка atlas, поставщик, атлас конкорд италия, атлас конкорд сайт","Каталог керамической плитки и керамогранита ATLAS CONCORDE / АТЛАС КОНКОРД (Италия) от прямого поставщика КЕРАМОТЕКА. Низкие цены, скидки. Оптовые и розничные продажи. Материал в наличии.",ATLAS CONCORDE / АТЛАС КОНКОРД (Италия) Керамическая плитка и керамогранит от прямого поставщика - компании КЕРАМОТЕКА,Италия,SUBLIME,"atlas concorde sublime, атлас конкорд сублим, плитка sublime, купить, поставщик, скидки, цены",Каталог керамической плитки ATLAS CONCORDE SUBLIME от прямого поставщика КЕРАМОТЕКА. Опт и розница. Скидки. Цены.,ATLAS CONCORDE SUBLIME / АТЛАС КОНКОРД СУБЛИМ - керамическая плитка 20*80 для ванных комнат. КЕРАМОТЕКА.,Под заказ,$$$,https://www.keramoteka.ru/upload/uf/6ae/keramoteka-atlas-concorde-sublime.pdf,СНЯТО С ПРОИЗВОДСТВА,Декоративные элементы,Sea Line,20X80 СМ,8SLE,./temp_files/img/ATLAS CONCORDE_SUBLIME_Sea Line.jpg
ATLAS CONCORDE,./temp_files/logo/ATLAS CONCORDE.png,"atlas concorde, атлас конкорд, плитка atlas concorde, керамогранит atlas concorde, плитка, керамогранит, atlas concord, плитка конкорд, плитка atlas, поставщик, атлас конкорд италия, атлас конкорд сайт","Каталог керамической плитки и керамогранита ATLAS CONCORDE / АТЛАС КОНКОРД (Италия) от прямого поставщика КЕРАМОТЕКА. Низкие цены, скидки. Оптовые и розничные продажи. Материал в наличии.",ATLAS CONCORDE / АТЛАС КОНКОРД (Италия) Керамическая плитка и керамогранит от прямого поставщика - компании КЕРАМОТЕКА,Италия,SUBLIME,"atlas concorde sublime, атлас конкорд сублим, плитка sublime, купить, поставщик, скидки, цены",Каталог керамической плитки ATLAS CONCORDE SUBLIME от прямого поставщика КЕРАМОТЕКА. Опт и розница. Скидки. Цены.,ATLAS CONCORDE SUBLIME / АТЛАС КОНКОРД СУБЛИМ - керамическая плитка 20*80 для ванных комнат. КЕРАМОТЕКА.,Под заказ,$$$,https://www.keramoteka.ru/upload/uf/6ae/keramoteka-atlas-concorde-sublime.pdf,СНЯТО С ПРОИЗВОДСТВА,Декоративные элементы,Petal Line,20X80 СМ,8SLP,./temp_files/img/ATLAS CONCORDE_SUBLIME_Petal Line.jpg
ATLAS CONCORDE,./temp_files/logo/ATLAS CONCORDE.png,"atlas concorde, атлас конкорд, плитка atlas concorde, керамогранит atlas concorde, плитка, керамогранит, atlas concord, плитка конкорд, плитка atlas, поставщик, атлас конкорд италия, атлас конкорд сайт","Каталог керамической плитки и керамогранита ATLAS CONCORDE / АТЛАС КОНКОРД (Италия) от прямого поставщика КЕРАМОТЕКА. Низкие цены, скидки. Оптовые и розничные продажи. Материал в наличии.",ATLAS CONCORDE / АТЛАС КОНКОРД (Италия) Керамическая плитка и керамогранит от прямого поставщика - компании КЕРАМОТЕКА,Италия,SUBLIME,"atlas concorde sublime, атлас конкорд сублим, плитка sublime, купить, поставщик, скидки, цены",Каталог керамической плитки ATLAS CONCORDE SUBLIME от прямого поставщика КЕРАМОТЕКА. Опт и розница. Скидки. Цены.,ATLAS CONCORDE SUBLIME / АТЛАС КОНКОРД СУБЛИМ - керамическая плитка 20*80 для ванных комнат. КЕРАМОТЕКА.,Под заказ,$$$,https://www.keramoteka.ru/upload/uf/6ae/keramoteka-atlas-concorde-sublime.pdf,СНЯТО С ПРОИЗВОДСТВА,Декоративные элементы,Ebony Line,20X80 СМ,8SLB,./temp_files/img/ATLAS CONCORDE_SUBLIME_Ebony Line.jpg
ATLAS CONCORDE,./temp_files/logo/ATLAS CONCORDE.png,"atlas concorde, атлас конкорд, плитка atlas concorde, керамогранит atlas concorde, плитка, керамогранит, atlas concord, плитка конкорд, плитка atlas, поставщик, атлас конкорд италия, атлас конкорд сайт","Каталог керамической плитки и керамогранита ATLAS CONCORDE / АТЛАС КОНКОРД (Италия) от прямого поставщика КЕРАМОТЕКА. Низкие цены, скидки. Оптовые и розничные продажи. Материал в наличии.",ATLAS CONCORDE / АТЛАС КОНКОРД (Италия) Керамическая плитка и керамогранит от прямого поставщика - компании КЕРАМОТЕКА,Италия,SUBLIME,"atlas concorde sublime, атлас конкорд сублим, плитка sublime, купить, поставщик, скидки, цены",Каталог керамической плитки ATLAS CONCORDE SUBLIME от прямого поставщика КЕРАМОТЕКА. Опт и розница. Скидки. Цены.,ATLAS CONCORDE SUBLIME / АТЛАС КОНКОРД СУБЛИМ - керамическая плитка 20*80 для ванных комнат. КЕРАМОТЕКА.,Под заказ,$$$,https://www.keramoteka.ru/upload/uf/6ae/keramoteka-atlas-concorde-sublime.pdf,СНЯТО С ПРОИЗВОДСТВА,Декоративные элементы,Sienna Line,20X80 СМ,8SLI,./temp_files/img/ATLAS CONCORDE_SUBLIME_Sienna Line.jpg
ATLAS CONCORDE,./temp_files/logo/ATLAS CONCORDE.png,"atlas concorde, атлас конкорд, плитка atlas concorde, керамогранит atlas concorde, плитка, керамогранит, atlas concord, плитка конкорд, плитка atlas, поставщик, атлас конкорд италия, атлас конкорд сайт","Каталог керамической плитки и керамогранита ATLAS CONCORDE / АТЛАС КОНКОРД (Италия) от прямого поставщика КЕРАМОТЕКА. Низкие цены, скидки. Оптовые и розничные продажи. Материал в наличии.",ATLAS CONCORDE / АТЛАС КОНКОРД (Италия) Керамическая плитка и керамогранит от прямого поставщика - компании КЕРАМОТЕКА,Италия,SUBLIME,"atlas concorde sublime, атлас конкорд сублим, плитка sublime, купить, поставщик, скидки, цены",Каталог керамической плитки ATLAS CONCORDE SUBLIME от прямого поставщика КЕРАМОТЕКА. Опт и розница. Скидки. Цены.,ATLAS CONCORDE SUBLIME / АТЛАС КОНКОРД СУБЛИМ - керамическая плитка 20*80 для ванных комнат. КЕРАМОТЕКА.,Под заказ,$$$,https://www.keramoteka.ru/upload/uf/6ae/keramoteka-atlas-concorde-sublime.pdf,СНЯТО С ПРОИЗВОДСТВА,Декоративные элементы,Snow Wave,20X80 СМ,8SVS,./temp_files/img/ATLAS CONCORDE_SUBLIME_Snow Wave.jpg
ATLAS CONCORDE,./temp_files/logo/ATLAS CONCORDE.png,"atlas concorde, атлас конкорд, плитка atlas concorde, керамогранит atlas concorde, плитка, керамогранит, atlas concord, плитка конкорд, плитка atlas, поставщик, атлас конкорд италия, атлас конкорд сайт","Каталог керамической плитки и керамогранита ATLAS CONCORDE / АТЛАС КОНКОРД (Италия) от прямого поставщика КЕРАМОТЕКА. Низкие цены, скидки. Оптовые и розничные продажи. Материал в наличии.",ATLAS CONCORDE / АТЛАС КОНКОРД (Италия) Керамическая плитка и керамогранит от прямого поставщика - компании КЕРАМОТЕКА,Италия,SUBLIME,"atlas concorde sublime, атлас конкорд сублим, плитка sublime, купить, поставщик, скидки, цены",Каталог керамической плитки ATLAS CONCORDE SUBLIME от прямого поставщика КЕРАМОТЕКА. Опт и розница. Скидки. Цены.,ATLAS CONCORDE SUBLIME / АТЛАС КОНКОРД СУБЛИМ - керамическая плитка 20*80 для ванных комнат. КЕРАМОТЕКА.,Под заказ,$$$,https://www.keramoteka.ru/upload/uf/6ae/keramoteka-atlas-concorde-sublime.pdf,СНЯТО С ПРОИЗВОДСТВА,Декоративные элементы,Shell Wave,20X80 СМ,8SVH,./temp_files/img/ATLAS CONCORDE_SUBLIME_Shell Wave.jpg
ATLAS CONCORDE,./temp_files/logo/ATLAS CONCORDE.png,"atlas concorde, атлас конкорд, плитка atlas concorde, керамогранит atlas concorde, плитка, керамогранит, atlas concord, плитка конкорд, плитка atlas, поставщик, атлас конкорд италия, атлас конкорд сайт","Каталог керамической плитки и керамогранита ATLAS CONCORDE / АТЛАС КОНКОРД (Италия) от прямого поставщика КЕРАМОТЕКА. Низкие цены, скидки. Оптовые и розничные продажи. Материал в наличии.",ATLAS CONCORDE / АТЛАС КОНКОРД (Италия) Керамическая плитка и керамогранит от прямого поставщика - компании КЕРАМОТЕКА,Италия,SUBLIME,"atlas concorde sublime, атлас конкорд сублим, плитка sublime, купить, поставщик, скидки, цены",Каталог керамической плитки ATLAS CONCORDE SUBLIME от прямого поставщика КЕРАМОТЕКА. Опт и розница. Скидки. Цены.,ATLAS CONCORDE SUBLIME / АТЛАС КОНКОРД СУБЛИМ - керамическая плитка 20*80 для ванных комнат. КЕРАМОТЕКА.,Под заказ,$$$,https://www.keramoteka.ru/upload/uf/6ae/keramoteka-atlas-concorde-sublime.pdf,СНЯТО С ПРОИЗВОДСТВА,Декоративные элементы,Silver Wave,20X80 СМ,8SVL,./temp_files/img/ATLAS CONCORDE_SUBLIME_Silver Wave.jpg
ATLAS CONCORDE,./temp_files/logo/ATLAS CONCORDE.png,"atlas concorde, атлас конкорд, плитка atlas concorde, керамогранит atlas concorde, плитка, керамогранит, atlas concord, плитка конкорд, плитка atlas, поставщик, атлас конкорд италия, атлас конкорд сайт","Каталог керамической плитки и керамогранита ATLAS CONCORDE / АТЛАС КОНКОРД (Италия) от прямого поставщика КЕРАМОТЕКА. Низкие цены, скидки. Оптовые и розничные продажи. Материал в наличии.",ATLAS CONCORDE / АТЛАС КОНКОРД (Италия) Керамическая плитка и керамогранит от прямого поставщика - компании КЕРАМОТЕКА,Италия,SUBLIME,"atlas concorde sublime, атлас конкорд сублим, плитка sublime, купить, поставщик, скидки, цены",Каталог керамической плитки ATLAS CONCORDE SUBLIME от прямого поставщика КЕРАМОТЕКА. Опт и розница. Скидки. Цены.,ATLAS CONCORDE SUBLIME / АТЛАС КОНКОРД СУБЛИМ - керамическая плитка 20*80 для ванных комнат. КЕРАМОТЕКА.,Под заказ,$$$,https://www.keramoteka.ru/upload/uf/6ae/keramoteka-atlas-concorde-sublime.pdf,СНЯТО С ПРОИЗВОДСТВА,Декоративные элементы,Sea Wave,20X80 СМ,8SVA,./temp_files/img/ATLAS CONCORDE_SUBLIME_Sea Wave.jpg
ATLAS CONCORDE,./temp_files/logo/ATLAS CONCORDE.png,"atlas concorde, атлас конкорд, плитка atlas concorde, керамогранит atlas concorde, плитка, керамогранит, atlas concord, плитка конкорд, плитка atlas, поставщик, атлас конкорд италия, атлас конкорд сайт","Каталог керамической плитки и керамогранита ATLAS CONCORDE / АТЛАС КОНКОРД (Италия) от прямого поставщика КЕРАМОТЕКА. Низкие цены, скидки. Оптовые и розничные продажи. Материал в наличии.",ATLAS CONCORDE / АТЛАС КОНКОРД (Италия) Керамическая плитка и керамогранит от прямого поставщика - компании КЕРАМОТЕКА,Италия,SUBLIME,"atlas concorde sublime, атлас конкорд сублим, плитка sublime, купить, поставщик, скидки, цены",Каталог керамической плитки ATLAS CONCORDE SUBLIME от прямого поставщика КЕРАМОТЕКА. Опт и розница. Скидки. Цены.,ATLAS CONCORDE SUBLIME / АТЛАС КОНКОРД СУБЛИМ - керамическая плитка 20*80 для ванных комнат. КЕРАМОТЕКА.,Под заказ,$$$,https://www.keramoteka.ru/upload/uf/6ae/keramoteka-atlas-concorde-sublime.pdf,СНЯТО С ПРОИЗВОДСТВА,Декоративные элементы,Petal Wave,20X80 СМ,8SVP,./temp_files/img/ATLAS CONCORDE_SUBLIME_Petal Wave.jpg
ATLAS CONCORDE,./temp_files/logo/ATLAS CONCORDE.png,"atlas concorde, атлас конкорд, плитка atlas concorde, керамогранит atlas concorde, плитка, керамогранит, atlas concord, плитка конкорд, плитка atlas, поставщик, атлас конкорд италия, атлас конкорд сайт","Каталог керамической плитки и керамогранита ATLAS CONCORDE / АТЛАС КОНКОРД (Италия) от прямого поставщика КЕРАМОТЕКА. Низкие цены, скидки. Оптовые и розничные продажи. Материал в наличии.",ATLAS CONCORDE / АТЛАС КОНКОРД (Италия) Керамическая плитка и керамогранит от прямого поставщика - компании КЕРАМОТЕКА,Италия,SUBLIME,"atlas concorde sublime, атлас конкорд сублим, плитка sublime, купить, поставщик, скидки, цены",Каталог керамической плитки ATLAS CONCORDE SUBLIME от прямого поставщика КЕРАМОТЕКА. Опт и розница. Скидки. Цены.,ATLAS CONCORDE SUBLIME / АТЛАС КОНКОРД СУБЛИМ - керамическая плитка 20*80 для ванных комнат. КЕРАМОТЕКА.,Под заказ,$$$,https://www.keramoteka.ru/upload/uf/6ae/keramoteka-atlas-concorde-sublime.pdf,СНЯТО С ПРОИЗВОДСТВА,Декоративные элементы,Ebony Wave,20X80 СМ,8SVB,./temp_files/img/ATLAS CONCORDE_SUBLIME_Ebony Wave.jpg
ATLAS CONCORDE,./temp_files/logo/ATLAS CONCORDE.png,"atlas concorde, атлас конкорд, плитка atlas concorde, керамогранит atlas concorde, плитка, керамогранит, atlas concord, плитка конкорд, плитка atlas, поставщик, атлас конкорд италия, атлас конкорд сайт","Каталог керамической плитки и керамогранита ATLAS CONCORDE / АТЛАС КОНКОРД (Италия) от прямого поставщика КЕРАМОТЕКА. Низкие цены, скидки. Оптовые и розничные продажи. Материал в наличии.",ATLAS CONCORDE / АТЛАС КОНКОРД (Италия) Керамическая плитка и керамогранит от прямого поставщика - компании КЕРАМОТЕКА,Италия,SUBLIME,"atlas concorde sublime, атлас конкорд сублим, плитка sublime, купить, поставщик, скидки, цены",Каталог керамической плитки ATLAS CONCORDE SUBLIME от прямого поставщика КЕРАМОТЕКА. Опт и розница. Скидки. Цены.,ATLAS CONCORDE SUBLIME / АТЛАС КОНКОРД СУБЛИМ - керамическая плитка 20*80 для ванных комнат. КЕРАМОТЕКА.,Под заказ,$$$,https://www.keramoteka.ru/upload/uf/6ae/keramoteka-atlas-concorde-sublime.pdf,СНЯТО С ПРОИЗВОДСТВА,Декоративные элементы,Sienna Wave,20X80 СМ,8SVI,./temp_files/img/ATLAS CONCORDE_SUBLIME_Sienna Wave.jpg
ATLAS CONCORDE,./temp_files/logo/ATLAS CONCORDE.png,"atlas concorde, атлас конкорд, плитка atlas concorde, керамогранит atlas concorde, плитка, керамогранит, atlas concord, плитка конкорд, плитка atlas, поставщик, атлас конкорд италия, атлас конкорд сайт","Каталог керамической плитки и керамогранита ATLAS CONCORDE / АТЛАС КОНКОРД (Италия) от прямого поставщика КЕРАМОТЕКА. Низкие цены, скидки. Оптовые и розничные продажи. Материал в наличии.",ATLAS CONCORDE / АТЛАС КОНКОРД (Италия) Керамическая плитка и керамогранит от прямого поставщика - компании КЕРАМОТЕКА,Италия,SUBLIME,"atlas concorde sublime, атлас конкорд сублим, плитка sublime, купить, поставщик, скидки, цены",Каталог керамической плитки ATLAS CONCORDE SUBLIME от прямого поставщика КЕРАМОТЕКА. Опт и розница. Скидки. Цены.,ATLAS CONCORDE SUBLIME / АТЛАС КОНКОРД СУБЛИМ - керамическая плитка 20*80 для ванных комнат. КЕРАМОТЕКА.,Под заказ,$$$,https://www.keramoteka.ru/upload/uf/6ae/keramoteka-atlas-concorde-sublime.pdf,СНЯТО С ПРОИЗВОДСТВА,Декоративные элементы,Snow Circles,20X80 СМ,8SCS,./temp_files/img/ATLAS CONCORDE_SUBLIME_Snow Circles.jpg
ATLAS CONCORDE,./temp_files/logo/ATLAS CONCORDE.png,"atlas concorde, атлас конкорд, плитка atlas concorde, керамогранит atlas concorde, плитка, керамогранит, atlas concord, плитка конкорд, плитка atlas, поставщик, атлас конкорд италия, атлас конкорд сайт","Каталог керамической плитки и керамогранита ATLAS CONCORDE / АТЛАС КОНКОРД (Италия) от прямого поставщика КЕРАМОТЕКА. Низкие цены, скидки. Оптовые и розничные продажи. Материал в наличии.",ATLAS CONCORDE / АТЛАС КОНКОРД (Италия) Керамическая плитка и керамогранит от прямого поставщика - компании КЕРАМОТЕКА,Италия,SUBLIME,"atlas concorde sublime, атлас конкорд сублим, плитка sublime, купить, поставщик, скидки, цены",Каталог керамической плитки ATLAS CONCORDE SUBLIME от прямого поставщика КЕРАМОТЕКА. Опт и розница. Скидки. Цены.,ATLAS CONCORDE SUBLIME / АТЛАС КОНКОРД СУБЛИМ - керамическая плитка 20*80 для ванных комнат. КЕРАМОТЕКА.,Под заказ,$$$,https://www.keramoteka.ru/upload/uf/6ae/keramoteka-atlas-concorde-sublime.pdf,СНЯТО С ПРОИЗВОДСТВА,Декоративные элементы,Shell Circles,20X80 СМ,8SCH,./temp_files/img/ATLAS CONCORDE_SUBLIME_Shell Circles.jpg
ATLAS CONCORDE,./temp_files/logo/ATLAS CONCORDE.png,"atlas concorde, атлас конкорд, плитка atlas concorde, керамогранит atlas concorde, плитка, керамогранит, atlas concord, плитка конкорд, плитка atlas, поставщик, атлас конкорд италия, атлас конкорд сайт","Каталог керамической плитки и керамогранита ATLAS CONCORDE / АТЛАС КОНКОРД (Италия) от прямого поставщика КЕРАМОТЕКА. Низкие цены, скидки. Оптовые и розничные продажи. Материал в наличии.",ATLAS CONCORDE / АТЛАС КОНКОРД (Италия) Керамическая плитка и керамогранит от прямого поставщика - компании КЕРАМОТЕКА,Италия,SUBLIME,"atlas concorde sublime, атлас конкорд сублим, плитка sublime, купить, поставщик, скидки, цены",Каталог керамической плитки ATLAS CONCORDE SUBLIME от прямого поставщика КЕРАМОТЕКА. Опт и розница. Скидки. Цены.,ATLAS CONCORDE SUBLIME / АТЛАС КОНКОРД СУБЛИМ - керамическая плитка 20*80 для ванных комнат. КЕРАМОТЕКА.,Под заказ,$$$,https://www.keramoteka.ru/upload/uf/6ae/keramoteka-atlas-concorde-sublime.pdf,СНЯТО С ПРОИЗВОДСТВА,Декоративные элементы,Silver Circles,20X80 СМ,8SCL,./temp_files/img/ATLAS CONCORDE_SUBLIME_Silver Circles.jpg
ATLAS CONCORDE,./temp_files/logo/ATLAS CONCORDE.png,"atlas concorde, атлас конкорд, плитка atlas concorde, керамогранит atlas concorde, плитка, керамогранит, atlas concord, плитка конкорд, плитка atlas, поставщик, атлас конкорд италия, атлас конкорд сайт","Каталог керамической плитки и керамогранита ATLAS CONCORDE / АТЛАС КОНКОРД (Италия) от прямого поставщика КЕРАМОТЕКА. Низкие цены, скидки. Оптовые и розничные продажи. Материал в наличии.",ATLAS CONCORDE / АТЛАС КОНКОРД (Италия) Керамическая плитка и керамогранит от прямого поставщика - компании КЕРАМОТЕКА,Италия,SUBLIME,"atlas concorde sublime, атлас конкорд сублим, плитка sublime, купить, поставщик, скидки, цены",Каталог керамической плитки ATLAS CONCORDE SUBLIME от прямого поставщика КЕРАМОТЕКА. Опт и розница. Скидки. Цены.,ATLAS CONCORDE SUBLIME / АТЛАС КОНКОРД СУБЛИМ - керамическая плитка 20*80 для ванных комнат. КЕРАМОТЕКА.,Под заказ,$$$,https://www.keramoteka.ru/upload/uf/6ae/keramoteka-atlas-concorde-sublime.pdf,СНЯТО С ПРОИЗВОДСТВА,Декоративные элементы,Sea Circles,20X80 СМ,8SCR,./temp_files/img/ATLAS CONCORDE_SUBLIME_Sea Circles.jpg
ATLAS CONCORDE,./temp_files/logo/ATLAS CONCORDE.png,"atlas concorde, атлас конкорд, плитка atlas concorde, керамогранит atlas concorde, плитка, керамогранит, atlas concord, плитка конкорд, плитка atlas, поставщик, атлас конкорд италия, атлас конкорд сайт","Каталог керамической плитки и керамогранита ATLAS CONCORDE / АТЛАС КОНКОРД (Италия) от прямого поставщика КЕРАМОТЕКА. Низкие цены, скидки. Оптовые и розничные продажи. Материал в наличии.",ATLAS CONCORDE / АТЛАС КОНКОРД (Италия) Керамическая плитка и керамогранит от прямого поставщика - компании КЕРАМОТЕКА,Италия,SUBLIME,"atlas concorde sublime, атлас конкорд сублим, плитка sublime, купить, поставщик, скидки, цены",Каталог керамической плитки ATLAS CONCORDE SUBLIME от прямого поставщика КЕРАМОТЕКА. Опт и розница. Скидки. Цены.,ATLAS CONCORDE SUBLIME / АТЛАС КОНКОРД СУБЛИМ - керамическая плитка 20*80 для ванных комнат. КЕРАМОТЕКА.,Под заказ,$$$,https://www.keramoteka.ru/upload/uf/6ae/keramoteka-atlas-concorde-sublime.pdf,СНЯТО С ПРОИЗВОДСТВА,Декоративные элементы,Petal Circles,20X80 СМ,8SCT,./temp_files/img/ATLAS CONCORDE_SUBLIME_Petal Circles.jpg
ATLAS CONCORDE,./temp_files/logo/ATLAS CONCORDE.png,"atlas concorde, атлас конкорд, плитка atlas concorde, керамогранит atlas concorde, плитка, керамогранит, atlas concord, плитка конкорд, плитка atlas, поставщик, атлас конкорд италия, атлас конкорд сайт","Каталог керамической плитки и керамогранита ATLAS CONCORDE / АТЛАС КОНКОРД (Италия) от прямого поставщика КЕРАМОТЕКА. Низкие цены, скидки. Оптовые и розничные продажи. Материал в наличии.",ATLAS CONCORDE / АТЛАС КОНКОРД (Италия) Керамическая плитка и керамогранит от прямого поставщика - компании КЕРАМОТЕКА,Италия,SUBLIME,"atlas concorde sublime, атлас конкорд сублим, плитка sublime, купить, поставщик, скидки, цены",Каталог керамической плитки ATLAS CONCORDE SUBLIME от прямого поставщика КЕРАМОТЕКА. Опт и розница. Скидки. Цены.,ATLAS CONCORDE SUBLIME / АТЛАС КОНКОРД СУБЛИМ - керамическая плитка 20*80 для ванных комнат. КЕРАМОТЕКА.,Под заказ,$$$,https://www.keramoteka.ru/upload/uf/6ae/keramoteka-atlas-concorde-sublime.pdf,СНЯТО С ПРОИЗВОДСТВА,Декоративные элементы,Ebony Circles,20X80 СМ,8SCE,./temp_files/img/ATLAS CONCORDE_SUBLIME_Ebony Circles.jpg
ATLAS CONCORDE,./temp_files/logo/ATLAS CONCORDE.png,"atlas concorde, атлас конкорд, плитка atlas concorde, керамогранит atlas concorde, плитка, керамогранит, atlas concord, плитка конкорд, плитка atlas, поставщик, атлас конкорд италия, атлас конкорд сайт","Каталог керамической плитки и керамогранита ATLAS CONCORDE / АТЛАС КОНКОРД (Италия) от прямого поставщика КЕРАМОТЕКА. Низкие цены, скидки. Оптовые и розничные продажи. Материал в наличии.",ATLAS CONCORDE / АТЛАС КОНКОРД (Италия) Керамическая плитка и керамогранит от прямого поставщика - компании КЕРАМОТЕКА,Италия,SUBLIME,"atlas concorde sublime, атлас конкорд сублим, плитка sublime, купить, поставщик, скидки, цены",Каталог керамической плитки ATLAS CONCORDE SUBLIME от прямого поставщика КЕРАМОТЕКА. Опт и розница. Скидки. Цены.,ATLAS CONCORDE SUBLIME / АТЛАС КОНКОРД СУБЛИМ - керамическая плитка 20*80 для ванных комнат. КЕРАМОТЕКА.,Под заказ,$$$,https://www.keramoteka.ru/upload/uf/6ae/keramoteka-atlas-concorde-sublime.pdf,СНЯТО С ПРОИЗВОДСТВА,Декоративные элементы,Sienna Circles,20X80 СМ,8SCI,./temp_files/img/ATLAS CONCORDE_SUBLIME_Sienna Circles.jpg
ATLAS CONCORDE,./temp_files/logo/ATLAS CONCORDE.png,"atlas concorde, атлас конкорд, плитка atlas concorde, керамогранит atlas concorde, плитка, керамогранит, atlas concord, плитка конкорд, плитка atlas, поставщик, атлас конкорд италия, атлас конкорд сайт","Каталог керамической плитки и керамогранита ATLAS CONCORDE / АТЛАС КОНКОРД (Италия) от прямого поставщика КЕРАМОТЕКА. Низкие цены, скидки. Оптовые и розничные продажи. Материал в наличии.",ATLAS CONCORDE / АТЛАС КОНКОРД (Италия) Керамическая плитка и керамогранит от прямого поставщика - компании КЕРАМОТЕКА,Италия,SUBLIME,"atlas concorde sublime, атлас конкорд сублим, плитка sublime, купить, поставщик, скидки, цены",Каталог керамической плитки ATLAS CONCORDE SUBLIME от прямого поставщика КЕРАМОТЕКА. Опт и розница. Скидки. Цены.,ATLAS CONCORDE SUBLIME / АТЛАС КОНКОРД СУБЛИМ - керамическая плитка 20*80 для ванных комнат. КЕРАМОТЕКА.,Под заказ,$$$,https://www.keramoteka.ru/upload/uf/6ae/keramoteka-atlas-concorde-sublime.pdf,СНЯТО С ПРОИЗВОДСТВА,Мозаика,Snow Mosaic Damask,20X20 СМ,2SAS,./temp_files/img/ATLAS CONCORDE_SUBLIME_Snow Mosaic Damask.jpg
ATLAS CONCORDE,./temp_files/logo/ATLAS CONCORDE.png,"atlas concorde, атлас конкорд, плитка atlas concorde, керамогранит atlas concorde, плитка, керамогранит, atlas concord, плитка конкорд, плитка atlas, поставщик, атлас конкорд италия, атлас конкорд сайт","Каталог керамической плитки и керамогранита ATLAS CONCORDE / АТЛАС КОНКОРД (Италия) от прямого поставщика КЕРАМОТЕКА. Низкие цены, скидки. Оптовые и розничные продажи. Материал в наличии.",ATLAS CONCORDE / АТЛАС КОНКОРД (Италия) Керамическая плитка и керамогранит от прямого поставщика - компании КЕРАМОТЕКА,Италия,SUBLIME,"atlas concorde sublime, атлас конкорд сублим, плитка sublime, купить, поставщик, скидки, цены",Каталог керамической плитки ATLAS CONCORDE SUBLIME от прямого поставщика КЕРАМОТЕКА. Опт и розница. Скидки. Цены.,ATLAS CONCORDE SUBLIME / АТЛАС КОНКОРД СУБЛИМ - керамическая плитка 20*80 для ванных комнат. КЕРАМОТЕКА.,Под заказ,$$$,https://www.keramoteka.ru/upload/uf/6ae/keramoteka-atlas-concorde-sublime.pdf,СНЯТО С ПРОИЗВОДСТВА,Мозаика,Shell Mosaic Damask,20X20 СМ,2SAE,./temp_files/img/ATLAS CONCORDE_SUBLIME_Shell Mosaic Damask.jpg
ATLAS CONCORDE,./temp_files/logo/ATLAS CONCORDE.png,"atlas concorde, атлас конкорд, плитка atlas concorde, керамогранит atlas concorde, плитка, керамогранит, atlas concord, плитка конкорд, плитка atlas, поставщик, атлас конкорд италия, атлас конкорд сайт","Каталог керамической плитки и керамогранита ATLAS CONCORDE / АТЛАС КОНКОРД (Италия) от прямого поставщика КЕРАМОТЕКА. Низкие цены, скидки. Оптовые и розничные продажи. Материал в наличии.",ATLAS CONCORDE / АТЛАС КОНКОРД (Италия) Керамическая плитка и керамогранит от прямого поставщика - компании КЕРАМОТЕКА,Италия,SUBLIME,"atlas concorde sublime, атлас конкорд сублим, плитка sublime, купить, поставщик, скидки, цены",Каталог керамической плитки ATLAS CONCORDE SUBLIME от прямого поставщика КЕРАМОТЕКА. Опт и розница. Скидки. Цены.,ATLAS CONCORDE SUBLIME / АТЛАС КОНКОРД СУБЛИМ - керамическая плитка 20*80 для ванных комнат. КЕРАМОТЕКА.,Под заказ,$$$,https://www.keramoteka.ru/upload/uf/6ae/keramoteka-atlas-concorde-sublime.pdf,СНЯТО С ПРОИЗВОДСТВА,Мозаика,Silver Mosaic Damask,20X20 СМ,2SAL,./temp_files/img/ATLAS CONCORDE_SUBLIME_Silver Mosaic Damask.jpg
ATLAS CONCORDE,./temp_files/logo/ATLAS CONCORDE.png,"atlas concorde, атлас конкорд, плитка atlas concorde, керамогранит atlas concorde, плитка, керамогранит, atlas concord, плитка конкорд, плитка atlas, поставщик, атлас конкорд италия, атлас конкорд сайт","Каталог керамической плитки и керамогранита ATLAS CONCORDE / АТЛАС КОНКОРД (Италия) от прямого поставщика КЕРАМОТЕКА. Низкие цены, скидки. Оптовые и розничные продажи. Материал в наличии.",ATLAS CONCORDE / АТЛАС КОНКОРД (Италия) Керамическая плитка и керамогранит от прямого поставщика - компании КЕРАМОТЕКА,Италия,SUBLIME,"atlas concorde sublime, атлас конкорд сублим, плитка sublime, купить, поставщик, скидки, цены",Каталог керамической плитки ATLAS CONCORDE SUBLIME от прямого поставщика КЕРАМОТЕКА. Опт и розница. Скидки. Цены.,ATLAS CONCORDE SUBLIME / АТЛАС КОНКОРД СУБЛИМ - керамическая плитка 20*80 для ванных комнат. КЕРАМОТЕКА.,Под заказ,$$$,https://www.keramoteka.ru/upload/uf/6ae/keramoteka-atlas-concorde-sublime.pdf,СНЯТО С ПРОИЗВОДСТВА,Мозаика,Sea Mosaic Damask,20X20 СМ,2SAA,./temp_files/img/ATLAS CONCORDE_SUBLIME_Sea Mosaic Damask.jpg
ATLAS CONCORDE,./temp_files/logo/ATLAS CONCORDE.png,"atlas concorde, атлас конкорд, плитка atlas concorde, керамогранит atlas concorde, плитка, керамогранит, atlas concord, плитка конкорд, плитка atlas, поставщик, атлас конкорд италия, атлас конкорд сайт","Каталог керамической плитки и керамогранита ATLAS CONCORDE / АТЛАС КОНКОРД (Италия) от прямого поставщика КЕРАМОТЕКА. Низкие цены, скидки. Оптовые и розничные продажи. Материал в наличии.",ATLAS CONCORDE / АТЛАС КОНКОРД (Италия) Керамическая плитка и керамогранит от прямого поставщика - компании КЕРАМОТЕКА,Италия,SUBLIME,"atlas concorde sublime, атлас конкорд сублим, плитка sublime, купить, поставщик, скидки, цены",Каталог керамической плитки ATLAS CONCORDE SUBLIME от прямого поставщика КЕРАМОТЕКА. Опт и розница. Скидки. Цены.,ATLAS CONCORDE SUBLIME / АТЛАС КОНКОРД СУБЛИМ - керамическая плитка 20*80 для ванных комнат. КЕРАМОТЕКА.,Под заказ,$$$,https://www.keramoteka.ru/upload/uf/6ae/keramoteka-atlas-concorde-sublime.pdf,СНЯТО С ПРОИЗВОДСТВА,Мозаика,Petal Mosaic Damask,20X20 СМ,2SAP,./temp_files/img/ATLAS CONCORDE_SUBLIME_Petal Mosaic Damask.jpg
ATLAS CONCORDE,./temp_files/logo/ATLAS CONCORDE.png,"atlas concorde, атлас конкорд, плитка atlas concorde, керамогранит atlas concorde, плитка, керамогранит, atlas concord, плитка конкорд, плитка atlas, поставщик, атлас конкорд италия, атлас конкорд сайт","Каталог керамической плитки и керамогранита ATLAS CONCORDE / АТЛАС КОНКОРД (Италия) от прямого поставщика КЕРАМОТЕКА. Низкие цены, скидки. Оптовые и розничные продажи. Материал в наличии.",ATLAS CONCORDE / АТЛАС КОНКОРД (Италия) Керамическая плитка и керамогранит от прямого поставщика - компании КЕРАМОТЕКА,Италия,SUBLIME,"atlas concorde sublime, атлас конкорд сублим, плитка sublime, купить, поставщик, скидки, цены",Каталог керамической плитки ATLAS CONCORDE SUBLIME от прямого поставщика КЕРАМОТЕКА. Опт и розница. Скидки. Цены.,ATLAS CONCORDE SUBLIME / АТЛАС КОНКОРД СУБЛИМ - керамическая плитка 20*80 для ванных комнат. КЕРАМОТЕКА.,Под заказ,$$$,https://www.keramoteka.ru/upload/uf/6ae/keramoteka-atlas-concorde-sublime.pdf,СНЯТО С ПРОИЗВОДСТВА,Мозаика,Ebony Mosaic Damask,20X20 СМ,2SAB,./temp_files/img/ATLAS CONCORDE_SUBLIME_Ebony Mosaic Damask.jpg
ATLAS CONCORDE,./temp_files/logo/ATLAS CONCORDE.png,"atlas concorde, атлас конкорд, плитка atlas concorde, керамогранит atlas concorde, плитка, керамогранит, atlas concord, плитка конкорд, плитка atlas, поставщик, атлас конкорд италия, атлас конкорд сайт","Каталог керамической плитки и керамогранита ATLAS CONCORDE / АТЛАС КОНКОРД (Италия) от прямого поставщика КЕРАМОТЕКА. Низкие цены, скидки. Оптовые и розничные продажи. Материал в наличии.",ATLAS CONCORDE / АТЛАС КОНКОРД (Италия) Керамическая плитка и керамогранит от прямого поставщика - компании КЕРАМОТЕКА,Италия,SUBLIME,"atlas concorde sublime, атлас конкорд сублим, плитка sublime, купить, поставщик, скидки, цены",Каталог керамической плитки ATLAS CONCORDE SUBLIME от прямого поставщика КЕРАМОТЕКА. Опт и розница. Скидки. Цены.,ATLAS CONCORDE SUBLIME / АТЛАС КОНКОРД СУБЛИМ - керамическая плитка 20*80 для ванных комнат. КЕРАМОТЕКА.,Под заказ,$$$,https://www.keramoteka.ru/upload/uf/6ae/keramoteka-atlas-concorde-sublime.pdf,СНЯТО С ПРОИЗВОДСТВА,Мозаика,Sienna Mosaic Damask,20X20 СМ,2SAI,./temp_files/img/ATLAS CONCORDE_SUBLIME_Sienna Mosaic Damask.jpg
ATLAS CONCORDE,./temp_files/logo/ATLAS CONCORDE.png,"atlas concorde, атлас конкорд, плитка atlas concorde, керамогранит atlas concorde, плитка, керамогранит, atlas concord, плитка конкорд, плитка atlas, поставщик, атлас конкорд италия, атлас конкорд сайт","Каталог керамической плитки и керамогранита ATLAS CONCORDE / АТЛАС КОНКОРД (Италия) от прямого поставщика КЕРАМОТЕКА. Низкие цены, скидки. Оптовые и розничные продажи. Материал в наличии.",ATLAS CONCORDE / АТЛАС КОНКОРД (Италия) Керамическая плитка и керамогранит от прямого поставщика - компании КЕРАМОТЕКА,Италия,SUBLIME,"atlas concorde sublime, атлас конкорд сублим, плитка sublime, купить, поставщик, скидки, цены",Каталог керамической плитки ATLAS CONCORDE SUBLIME от прямого поставщика КЕРАМОТЕКА. Опт и розница. Скидки. Цены.,ATLAS CONCORDE SUBLIME / АТЛАС КОНКОРД СУБЛИМ - керамическая плитка 20*80 для ванных комнат. КЕРАМОТЕКА.,Под заказ,$$$,https://www.keramoteka.ru/upload/uf/6ae/keramoteka-atlas-concorde-sublime.pdf,СНЯТО С ПРОИЗВОДСТВА,Мозаика,Snow Mosaic Square,20X20 СМ,2SSS,./temp_files/img/ATLAS CONCORDE_SUBLIME_Snow Mosaic Square.jpg
ATLAS CONCORDE,./temp_files/logo/ATLAS CONCORDE.png,"atlas concorde, атлас конкорд, плитка atlas concorde, керамогранит atlas concorde, плитка, керамогранит, atlas concord, плитка конкорд, плитка atlas, поставщик, атлас конкорд италия, атлас конкорд сайт","Каталог керамической плитки и керамогранита ATLAS CONCORDE / АТЛАС КОНКОРД (Италия) от прямого поставщика КЕРАМОТЕКА. Низкие цены, скидки. Оптовые и розничные продажи. Материал в наличии.",ATLAS CONCORDE / АТЛАС КОНКОРД (Италия) Керамическая плитка и керамогранит от прямого поставщика - компании КЕРАМОТЕКА,Италия,SUBLIME,"atlas concorde sublime, атлас конкорд сублим, плитка sublime, купить, поставщик, скидки, цены",Каталог керамической плитки ATLAS CONCORDE SUBLIME от прямого поставщика КЕРАМОТЕКА. Опт и розница. Скидки. Цены.,ATLAS CONCORDE SUBLIME / АТЛАС КОНКОРД СУБЛИМ - керамическая плитка 20*80 для ванных комнат. КЕРАМОТЕКА.,Под заказ,$$$,https://www.keramoteka.ru/upload/uf/6ae/keramoteka-atlas-concorde-sublime.pdf,СНЯТО С ПРОИЗВОДСТВА,Мозаика,Shell Mosaic Square,20X20 СМ,2SSE,./temp_files/img/ATLAS CONCORDE_SUBLIME_Shell Mosaic Square.jpg
ATLAS CONCORDE,./temp_files/logo/ATLAS CONCORDE.png,"atlas concorde, атлас конкорд, плитка atlas concorde, керамогранит atlas concorde, плитка, керамогранит, atlas concord, плитка конкорд, плитка atlas, поставщик, атлас конкорд италия, атлас конкорд сайт","Каталог керамической плитки и керамогранита ATLAS CONCORDE / АТЛАС КОНКОРД (Италия) от прямого поставщика КЕРАМОТЕКА. Низкие цены, скидки. Оптовые и розничные продажи. Материал в наличии.",ATLAS CONCORDE / АТЛАС КОНКОРД (Италия) Керамическая плитка и керамогранит от прямого поставщика - компании КЕРАМОТЕКА,Италия,SUBLIME,"atlas concorde sublime, атлас конкорд сублим, плитка sublime, купить, поставщик, скидки, цены",Каталог керамической плитки ATLAS CONCORDE SUBLIME от прямого поставщика КЕРАМОТЕКА. Опт и розница. Скидки. Цены.,ATLAS CONCORDE SUBLIME / АТЛАС КОНКОРД СУБЛИМ - керамическая плитка 20*80 для ванных комнат. КЕРАМОТЕКА.,Под заказ,$$$,https://www.keramoteka.ru/upload/uf/6ae/keramoteka-atlas-concorde-sublime.pdf,СНЯТО С ПРОИЗВОДСТВА,Мозаика,Silver Mosaic Square,20X20 СМ,2SSL,./temp_files/img/ATLAS CONCORDE_SUBLIME_Silver Mosaic Square.jpg
ATLAS CONCORDE,./temp_files/logo/ATLAS CONCORDE.png,"atlas concorde, атлас конкорд, плитка atlas concorde, керамогранит atlas concorde, плитка, керамогранит, atlas concord, плитка конкорд, плитка atlas, поставщик, атлас конкорд италия, атлас конкорд сайт","Каталог керамической плитки и керамогранита ATLAS CONCORDE / АТЛАС КОНКОРД (Италия) от прямого поставщика КЕРАМОТЕКА. Низкие цены, скидки. Оптовые и розничные продажи. Материал в наличии.",ATLAS CONCORDE / АТЛАС КОНКОРД (Италия) Керамическая плитка и керамогранит от прямого поставщика - компании КЕРАМОТЕКА,Италия,SUBLIME,"atlas concorde sublime, атлас конкорд сублим, плитка sublime, купить, поставщик, скидки, цены",Каталог керамической плитки ATLAS CONCORDE SUBLIME от прямого поставщика КЕРАМОТЕКА. Опт и розница. Скидки. Цены.,ATLAS CONCORDE SUBLIME / АТЛАС КОНКОРД СУБЛИМ - керамическая плитка 20*80 для ванных комнат. КЕРАМОТЕКА.,Под заказ,$$$,https://www.keramoteka.ru/upload/uf/6ae/keramoteka-atlas-concorde-sublime.pdf,СНЯТО С ПРОИЗВОДСТВА,Мозаика,Sea Mosaic Square,20X20 СМ,2SSA,./temp_files/img/ATLAS CONCORDE_SUBLIME_Sea Mosaic Square.jpg
ATLAS CONCORDE,./temp_files/logo/ATLAS CONCORDE.png,"atlas concorde, атлас конкорд, плитка atlas concorde, керамогранит atlas concorde, плитка, керамогранит, atlas concord, плитка конкорд, плитка atlas, поставщик, атлас конкорд италия, атлас конкорд сайт","Каталог керамической плитки и керамогранита ATLAS CONCORDE / АТЛАС КОНКОРД (Италия) от прямого поставщика КЕРАМОТЕКА. Низкие цены, скидки. Оптовые и розничные продажи. Материал в наличии.",ATLAS CONCORDE / АТЛАС КОНКОРД (Италия) Керамическая плитка и керамогранит от прямого поставщика - компании КЕРАМОТЕКА,Италия,SUBLIME,"atlas concorde sublime, атлас конкорд сублим, плитка sublime, купить, поставщик, скидки, цены",Каталог керамической плитки ATLAS CONCORDE SUBLIME от прямого поставщика КЕРАМОТЕКА. Опт и розница. Скидки. Цены.,ATLAS CONCORDE SUBLIME / АТЛАС КОНКОРД СУБЛИМ - керамическая плитка 20*80 для ванных комнат. КЕРАМОТЕКА.,Под заказ,$$$,https://www.keramoteka.ru/upload/uf/6ae/keramoteka-atlas-concorde-sublime.pdf,СНЯТО С ПРОИЗВОДСТВА,Мозаика,Petal Mosaic Square,20X20 СМ,2SSP,./temp_files/img/ATLAS CONCORDE_SUBLIME_Petal Mosaic Square.jpg
ATLAS CONCORDE,./temp_files/logo/ATLAS CONCORDE.png,"atlas concorde, атлас конкорд, плитка atlas concorde, керамогранит atlas concorde, плитка, керамогранит, atlas concord, плитка конкорд, плитка atlas, поставщик, атлас конкорд италия, атлас конкорд сайт","Каталог керамической плитки и керамогранита ATLAS CONCORDE / АТЛАС КОНКОРД (Италия) от прямого поставщика КЕРАМОТЕКА. Низкие цены, скидки. Оптовые и розничные продажи. Материал в наличии.",ATLAS CONCORDE / АТЛАС КОНКОРД (Италия) Керамическая плитка и керамогранит от прямого поставщика - компании КЕРАМОТЕКА,Италия,SUBLIME,"atlas concorde sublime, атлас конкорд сублим, плитка sublime, купить, поставщик, скидки, цены",Каталог керамической плитки ATLAS CONCORDE SUBLIME от прямого поставщика КЕРАМОТЕКА. Опт и розница. Скидки. Цены.,ATLAS CONCORDE SUBLIME / АТЛАС КОНКОРД СУБЛИМ - керамическая плитка 20*80 для ванных комнат. КЕРАМОТЕКА.,Под заказ,$$$,https://www.keramoteka.ru/upload/uf/6ae/keramoteka-atlas-concorde-sublime.pdf,СНЯТО С ПРОИЗВОДСТВА,Мозаика,Ebony Mosaic Square,20X20 СМ,2SSB,./temp_files/img/ATLAS CONCORDE_SUBLIME_Ebony Mosaic Square.jpg
ATLAS CONCORDE,./temp_files/logo/ATLAS CONCORDE.png,"atlas concorde, атлас конкорд, плитка atlas concorde, керамогранит atlas concorde, плитка, керамогранит, atlas concord, плитка конкорд, плитка atlas, поставщик, атлас конкорд италия, атлас конкорд сайт","Каталог керамической плитки и керамогранита ATLAS CONCORDE / АТЛАС КОНКОРД (Италия) от прямого поставщика КЕРАМОТЕКА. Низкие цены, скидки. Оптовые и розничные продажи. Материал в наличии.",ATLAS CONCORDE / АТЛАС КОНКОРД (Италия) Керамическая плитка и керамогранит от прямого поставщика - компании КЕРАМОТЕКА,Италия,SUBLIME,"atlas concorde sublime, атлас конкорд сублим, плитка sublime, купить, поставщик, скидки, цены",Каталог керамической плитки ATLAS CONCORDE SUBLIME от прямого поставщика КЕРАМОТЕКА. Опт и розница. Скидки. Цены.,ATLAS CONCORDE SUBLIME / АТЛАС КОНКОРД СУБЛИМ - керамическая плитка 20*80 для ванных комнат. КЕРАМОТЕКА.,Под заказ,$$$,https://www.keramoteka.ru/upload/uf/6ae/keramoteka-atlas-concorde-sublime.pdf,СНЯТО С ПРОИЗВОДСТВА,Мозаика,Sienna Mosaic Square,20X20 СМ,2SSI,./temp_files/img/ATLAS CONCORDE_SUBLIME_Sienna Mosaic Square.jpg
ATLAS CONCORDE,./temp_files/logo/ATLAS CONCORDE.png,"atlas concorde, атлас конкорд, плитка atlas concorde, керамогранит atlas concorde, плитка, керамогранит, atlas concord, плитка конкорд, плитка atlas, поставщик, атлас конкорд италия, атлас конкорд сайт","Каталог керамической плитки и керамогранита ATLAS CONCORDE / АТЛАС КОНКОРД (Италия) от прямого поставщика КЕРАМОТЕКА. Низкие цены, скидки. Оптовые и розничные продажи. Материал в наличии.",ATLAS CONCORDE / АТЛАС КОНКОРД (Италия) Керамическая плитка и керамогранит от прямого поставщика - компании КЕРАМОТЕКА,Италия,SUBLIME,"atlas concorde sublime, атлас конкорд сублим, плитка sublime, купить, поставщик, скидки, цены",Каталог керамической плитки ATLAS CONCORDE SUBLIME от прямого поставщика КЕРАМОТЕКА. Опт и розница. Скидки. Цены.,ATLAS CONCORDE SUBLIME / АТЛАС КОНКОРД СУБЛИМ - керамическая плитка 20*80 для ванных комнат. КЕРАМОТЕКА.,Под заказ,$$$,https://www.keramoteka.ru/upload/uf/6ae/keramoteka-atlas-concorde-sublime.pdf,СНЯТО С ПРОИЗВОДСТВА,Бордюры,Gold Satin Listello,"0,5X80 СМ",LSGS,./temp_files/img/ATLAS CONCORDE_SUBLIME_Gold Satin Listello.jpg
ATLAS CONCORDE,./temp_files/logo/ATLAS CONCORDE.png,"atlas concorde, атлас конкорд, плитка atlas concorde, керамогранит atlas concorde, плитка, керамогранит, atlas concord, плитка конкорд, плитка atlas, поставщик, атлас конкорд италия, атлас конкорд сайт","Каталог керамической плитки и керамогранита ATLAS CONCORDE / АТЛАС КОНКОРД (Италия) от прямого поставщика КЕРАМОТЕКА. Низкие цены, скидки. Оптовые и розничные продажи. Материал в наличии.",ATLAS CONCORDE / АТЛАС КОНКОРД (Италия) Керамическая плитка и керамогранит от прямого поставщика - компании КЕРАМОТЕКА,Италия,SUBLIME,"atlas concorde sublime, атлас конкорд сублим, плитка sublime, купить, поставщик, скидки, цены",Каталог керамической плитки ATLAS CONCORDE SUBLIME от прямого поставщика КЕРАМОТЕКА. Опт и розница. Скидки. Цены.,ATLAS CONCORDE SUBLIME / АТЛАС КОНКОРД СУБЛИМ - керамическая плитка 20*80 для ванных комнат. КЕРАМОТЕКА.,Под заказ,$$$,https://www.keramoteka.ru/upload/uf/6ae/keramoteka-atlas-concorde-sublime.pdf,СНЯТО С ПРОИЗВОДСТВА,Бордюры,Inox Satin Listello,"0,5X80 СМ",LSIS,./temp_files/img/ATLAS CONCORDE_SUBLIME_Inox Satin Listello.jpg
ATLAS CONCORDE,./temp_files/logo/ATLAS CONCORDE.png,"atlas concorde, атлас конкорд, плитка atlas concorde, керамогранит atlas concorde, плитка, керамогранит, atlas concord, плитка конкорд, плитка atlas, поставщик, атлас конкорд италия, атлас конкорд сайт","Каталог керамической плитки и керамогранита ATLAS CONCORDE / АТЛАС КОНКОРД (Италия) от прямого поставщика КЕРАМОТЕКА. Низкие цены, скидки. Оптовые и розничные продажи. Материал в наличии.",ATLAS CONCORDE / АТЛАС КОНКОРД (Италия) Керамическая плитка и керамогранит от прямого поставщика - компании КЕРАМОТЕКА,Италия,SUBLIME,"atlas concorde sublime, атлас конкорд сублим, плитка sublime, купить, поставщик, скидки, цены",Каталог керамической плитки ATLAS CONCORDE SUBLIME от прямого поставщика КЕРАМОТЕКА. Опт и розница. Скидки. Цены.,ATLAS CONCORDE SUBLIME / АТЛАС КОНКОРД СУБЛИМ - керамическая плитка 20*80 для ванных комнат. КЕРАМОТЕКА.,Под заказ,$$$,https://www.keramoteka.ru/upload/uf/6ae/keramoteka-atlas-concorde-sublime.pdf,СНЯТО С ПРОИЗВОДСТВА,Специальные элементы,Внешний угол Snow QR,"1,3X20 СМ",LSQS,./temp_files/img/ATLAS CONCORDE_SUBLIME_Внешний угол Snow QR.jpg
ATLAS CONCORDE,./temp_files/logo/ATLAS CONCORDE.png,"atlas concorde, атлас конкорд, плитка atlas concorde, керамогранит atlas concorde, плитка, керамогранит, atlas concord, плитка конкорд, плитка atlas, поставщик, атлас конкорд италия, атлас конкорд сайт","Каталог керамической плитки и керамогранита ATLAS CONCORDE / АТЛАС КОНКОРД (Италия) от прямого поставщика КЕРАМОТЕКА. Низкие цены, скидки. Оптовые и розничные продажи. Материал в наличии.",ATLAS CONCORDE / АТЛАС КОНКОРД (Италия) Керамическая плитка и керамогранит от прямого поставщика - компании КЕРАМОТЕКА,Италия,SUBLIME,"atlas concorde sublime, атлас конкорд сублим, плитка sublime, купить, поставщик, скидки, цены",Каталог керамической плитки ATLAS CONCORDE SUBLIME от прямого поставщика КЕРАМОТЕКА. Опт и розница. Скидки. Цены.,ATLAS CONCORDE SUBLIME / АТЛАС КОНКОРД СУБЛИМ - керамическая плитка 20*80 для ванных комнат. КЕРАМОТЕКА.,Под заказ,$$$,https://www.keramoteka.ru/upload/uf/6ae/keramoteka-atlas-concorde-sublime.pdf,СНЯТО С ПРОИЗВОДСТВА,Специальные элементы,Внешний угол Shell QR,"1,3X20 СМ",LSQH,./temp_files/img/ATLAS CONCORDE_SUBLIME_Внешний угол Shell QR.jpg
ATLAS CONCORDE,./temp_files/logo/ATLAS CONCORDE.png,"atlas concorde, атлас конкорд, плитка atlas concorde, керамогранит atlas concorde, плитка, керамогранит, atlas concord, плитка конкорд, плитка atlas, поставщик, атлас конкорд италия, атлас конкорд сайт","Каталог керамической плитки и керамогранита ATLAS CONCORDE / АТЛАС КОНКОРД (Италия) от прямого поставщика КЕРАМОТЕКА. Низкие цены, скидки. Оптовые и розничные продажи. Материал в наличии.",ATLAS CONCORDE / АТЛАС КОНКОРД (Италия) Керамическая плитка и керамогранит от прямого поставщика - компании КЕРАМОТЕКА,Италия,SUBLIME,"atlas concorde sublime, атлас конкорд сублим, плитка sublime, купить, поставщик, скидки, цены",Каталог керамической плитки ATLAS CONCORDE SUBLIME от прямого поставщика КЕРАМОТЕКА. Опт и розница. Скидки. Цены.,ATLAS CONCORDE SUBLIME / АТЛАС КОНКОРД СУБЛИМ - керамическая плитка 20*80 для ванных комнат. КЕРАМОТЕКА.,Под заказ,$$$,https://www.keramoteka.ru/upload/uf/6ae/keramoteka-atlas-concorde-sublime.pdf,СНЯТО С ПРОИЗВОДСТВА,Специальные элементы,Внешний угол Silver QR,"1,3X20 СМ",LSQL,./temp_files/img/ATLAS CONCORDE_SUBLIME_Внешний угол Silver QR.jpg
ATLAS CONCORDE,./temp_files/logo/ATLAS CONCORDE.png,"atlas concorde, атлас конкорд, плитка atlas concorde, керамогранит atlas concorde, плитка, керамогранит, atlas concord, плитка конкорд, плитка atlas, поставщик, атлас конкорд италия, атлас конкорд сайт","Каталог керамической плитки и керамогранита ATLAS CONCORDE / АТЛАС КОНКОРД (Италия) от прямого поставщика КЕРАМОТЕКА. Низкие цены, скидки. Оптовые и розничные продажи. Материал в наличии.",ATLAS CONCORDE / АТЛАС КОНКОРД (Италия) Керамическая плитка и керамогранит от прямого поставщика - компании КЕРАМОТЕКА,Италия,SUBLIME,"atlas concorde sublime, атлас конкорд сублим, плитка sublime, купить, поставщик, скидки, цены",Каталог керамической плитки ATLAS CONCORDE SUBLIME от прямого поставщика КЕРАМОТЕКА. Опт и розница. Скидки. Цены.,ATLAS CONCORDE SUBLIME / АТЛАС КОНКОРД СУБЛИМ - керамическая плитка 20*80 для ванных комнат. КЕРАМОТЕКА.,Под заказ,$$$,https://www.keramoteka.ru/upload/uf/6ae/keramoteka-atlas-concorde-sublime.pdf,СНЯТО С ПРОИЗВОДСТВА,Специальные элементы,Внешний угол Sea QR,"1,3X20 СМ",LSQE,./temp_files/img/ATLAS CONCORDE_SUBLIME_Внешний угол Sea QR.jpg
ATLAS CONCORDE,./temp_files/logo/ATLAS CONCORDE.png,"atlas concorde, атлас конкорд, плитка atlas concorde, керамогранит atlas concorde, плитка, керамогранит, atlas concord, плитка конкорд, плитка atlas, поставщик, атлас конкорд италия, атлас конкорд сайт","Каталог керамической плитки и керамогранита ATLAS CONCORDE / АТЛАС КОНКОРД (Италия) от прямого поставщика КЕРАМОТЕКА. Низкие цены, скидки. Оптовые и розничные продажи. Материал в наличии.",ATLAS CONCORDE / АТЛАС КОНКОРД (Италия) Керамическая плитка и керамогранит от прямого поставщика - компании КЕРАМОТЕКА,Италия,SUBLIME,"atlas concorde sublime, атлас конкорд сублим, плитка sublime, купить, поставщик, скидки, цены",Каталог керамической плитки ATLAS CONCORDE SUBLIME от прямого поставщика КЕРАМОТЕКА. Опт и розница. Скидки. Цены.,ATLAS CONCORDE SUBLIME / АТЛАС КОНКОРД СУБЛИМ - керамическая плитка 20*80 для ванных комнат. КЕРАМОТЕКА.,Под заказ,$$$,https://www.keramoteka.ru/upload/uf/6ae/keramoteka-atlas-concorde-sublime.pdf,СНЯТО С ПРОИЗВОДСТВА,Специальные элементы,Внешний угол Petal QR,"1,3X20 СМ",LSQP,./temp_files/img/ATLAS CONCORDE_SUBLIME_Внешний угол Petal QR.jpg
ATLAS CONCORDE,./temp_files/logo/ATLAS CONCORDE.png,"atlas concorde, атлас конкорд, плитка atlas concorde, керамогранит atlas concorde, плитка, керамогранит, atlas concord, плитка конкорд, плитка atlas, поставщик, атлас конкорд италия, атлас конкорд сайт","Каталог керамической плитки и керамогранита ATLAS CONCORDE / АТЛАС КОНКОРД (Италия) от прямого поставщика КЕРАМОТЕКА. Низкие цены, скидки. Оптовые и розничные продажи. Материал в наличии.",ATLAS CONCORDE / АТЛАС КОНКОРД (Италия) Керамическая плитка и керамогранит от прямого поставщика - компании КЕРАМОТЕКА,Италия,SUBLIME,"atlas concorde sublime, атлас конкорд сублим, плитка sublime, купить, поставщик, скидки, цены",Каталог керамической плитки ATLAS CONCORDE SUBLIME от прямого поставщика КЕРАМОТЕКА. Опт и розница. Скидки. Цены.,ATLAS CONCORDE SUBLIME / АТЛАС КОНКОРД СУБЛИМ - керамическая плитка 20*80 для ванных комнат. КЕРАМОТЕКА.,Под заказ,$$$,https://www.keramoteka.ru/upload/uf/6ae/keramoteka-atlas-concorde-sublime.pdf,СНЯТО С ПРОИЗВОДСТВА,Специальные элементы,Внешний угол Ebony QR,"1,3X20 СМ",LSQB,./temp_files/img/ATLAS CONCORDE_SUBLIME_Внешний угол Ebony QR.jpg
ATLAS CONCORDE,./temp_files/logo/ATLAS CONCORDE.png,"atlas concorde, атлас конкорд, плитка atlas concorde, керамогранит atlas concorde, плитка, керамогранит, atlas concord, плитка конкорд, плитка atlas, поставщик, атлас конкорд италия, атлас конкорд сайт","Каталог керамической плитки и керамогранита ATLAS CONCORDE / АТЛАС КОНКОРД (Италия) от прямого поставщика КЕРАМОТЕКА. Низкие цены, скидки. Оптовые и розничные продажи. Материал в наличии.",ATLAS CONCORDE / АТЛАС КОНКОРД (Италия) Керамическая плитка и керамогранит от прямого поставщика - компании КЕРАМОТЕКА,Италия,SUBLIME,"atlas concorde sublime, атлас конкорд сублим, плитка sublime, купить, поставщик, скидки, цены",Каталог керамической плитки ATLAS CONCORDE SUBLIME от прямого поставщика КЕРАМОТЕКА. Опт и розница. Скидки. Цены.,ATLAS CONCORDE SUBLIME / АТЛАС КОНКОРД СУБЛИМ - керамическая плитка 20*80 для ванных комнат. КЕРАМОТЕКА.,Под заказ,$$$,https://www.keramoteka.ru/upload/uf/6ae/keramoteka-atlas-concorde-sublime.pdf,СНЯТО С ПРОИЗВОДСТВА,Специальные элементы,Внешний угол Sienna QR,"1,3X20 СМ",LSQI,./temp_files/img/ATLAS CONCORDE_SUBLIME_Внешний угол Sienna QR.jpg
ATLAS CONCORDE,./temp_files/logo/ATLAS CONCORDE.png,"atlas concorde, атлас конкорд, плитка atlas concorde, керамогранит atlas concorde, плитка, керамогранит, atlas concord, плитка конкорд, плитка atlas, поставщик, атлас конкорд италия, атлас конкорд сайт","Каталог керамической плитки и керамогранита ATLAS CONCORDE / АТЛАС КОНКОРД (Италия) от прямого поставщика КЕРАМОТЕКА. Низкие цены, скидки. Оптовые и розничные продажи. Материал в наличии.",ATLAS CONCORDE / АТЛАС КОНКОРД (Италия) Керамическая плитка и керамогранит от прямого поставщика - компании КЕРАМОТЕКА,Италия,SUBLIME,"atlas concorde sublime, атлас конкорд сублим, плитка sublime, купить, поставщик, скидки, цены",Каталог керамической плитки ATLAS CONCORDE SUBLIME от прямого поставщика КЕРАМОТЕКА. Опт и розница. Скидки. Цены.,ATLAS CONCORDE SUBLIME / АТЛАС КОНКОРД СУБЛИМ - керамическая плитка 20*80 для ванных комнат. КЕРАМОТЕКА.,Под заказ,$$$,https://www.keramoteka.ru/upload/uf/6ae/keramoteka-atlas-concorde-sublime.pdf,СНЯТО С ПРОИЗВОДСТВА,Специальные элементы,Спецэлемент для внешнего угла Snow QR AE,"1,3X1,3 СМ",ASQS,./temp_files/img/ATLAS CONCORDE_SUBLIME_Спецэлемент для внешнего угла Snow QR AE.jpg
ATLAS CONCORDE,./temp_files/logo/ATLAS CONCORDE.png,"atlas concorde, атлас конкорд, плитка atlas concorde, керамогранит atlas concorde, плитка, керамогранит, atlas concord, плитка конкорд, плитка atlas, поставщик, атлас конкорд италия, атлас конкорд сайт","Каталог керамической плитки и керамогранита ATLAS CONCORDE / АТЛАС КОНКОРД (Италия) от прямого поставщика КЕРАМОТЕКА. Низкие цены, скидки. Оптовые и розничные продажи. Материал в наличии.",ATLAS CONCORDE / АТЛАС КОНКОРД (Италия) Керамическая плитка и керамогранит от прямого поставщика - компании КЕРАМОТЕКА,Италия,SUBLIME,"atlas concorde sublime, атлас конкорд сублим, плитка sublime, купить, поставщик, скидки, цены",Каталог керамической плитки ATLAS CONCORDE SUBLIME от прямого поставщика КЕРАМОТЕКА. Опт и розница. Скидки. Цены.,ATLAS CONCORDE SUBLIME / АТЛАС КОНКОРД СУБЛИМ - керамическая плитка 20*80 для ванных комнат. КЕРАМОТЕКА.,Под заказ,$$$,https://www.keramoteka.ru/upload/uf/6ae/keramoteka-atlas-concorde-sublime.pdf,СНЯТО С ПРОИЗВОДСТВА,Специальные элементы,Спецэлемент для внешнего угла Shell QR AE,"1,3X1,3 СМ",ASQH,./temp_files/img/ATLAS CONCORDE_SUBLIME_Спецэлемент для внешнего угла Shell QR AE.jpg
ATLAS CONCORDE,./temp_files/logo/ATLAS CONCORDE.png,"atlas concorde, атлас конкорд, плитка atlas concorde, керамогранит atlas concorde, плитка, керамогранит, atlas concord, плитка конкорд, плитка atlas, поставщик, атлас конкорд италия, атлас конкорд сайт","Каталог керамической плитки и керамогранита ATLAS CONCORDE / АТЛАС КОНКОРД (Италия) от прямого поставщика КЕРАМОТЕКА. Низкие цены, скидки. Оптовые и розничные продажи. Материал в наличии.",ATLAS CONCORDE / АТЛАС КОНКОРД (Италия) Керамическая плитка и керамогранит от прямого поставщика - компании КЕРАМОТЕКА,Италия,SUBLIME,"atlas concorde sublime, атлас конкорд сублим, плитка sublime, купить, поставщик, скидки, цены",Каталог керамической плитки ATLAS CONCORDE SUBLIME от прямого поставщика КЕРАМОТЕКА. Опт и розница. Скидки. Цены.,ATLAS CONCORDE SUBLIME / АТЛАС КОНКОРД СУБЛИМ - керамическая плитка 20*80 для ванных комнат. КЕРАМОТЕКА.,Под заказ,$$$,https://www.keramoteka.ru/upload/uf/6ae/keramoteka-atlas-concorde-sublime.pdf,СНЯТО С ПРОИЗВОДСТВА,Специальные элементы,Спецэлемент для внешнего угла Silver QR AE,"1,3X1,3 СМ",ASQL,./temp_files/img/ATLAS CONCORDE_SUBLIME_Спецэлемент для внешнего угла Silver QR AE.jpg
ATLAS CONCORDE,./temp_files/logo/ATLAS CONCORDE.png,"atlas concorde, атлас конкорд, плитка atlas concorde, керамогранит atlas concorde, плитка, керамогранит, atlas concord, плитка конкорд, плитка atlas, поставщик, атлас конкорд италия, атлас конкорд сайт","Каталог керамической плитки и керамогранита ATLAS CONCORDE / АТЛАС КОНКОРД (Италия) от прямого поставщика КЕРАМОТЕКА. Низкие цены, скидки. Оптовые и розничные продажи. Материал в наличии.",ATLAS CONCORDE / АТЛАС КОНКОРД (Италия) Керамическая плитка и керамогранит от прямого поставщика - компании КЕРАМОТЕКА,Италия,SUBLIME,"atlas concorde sublime, атлас конкорд сублим, плитка sublime, купить, поставщик, скидки, цены",Каталог керамической плитки ATLAS CONCORDE SUBLIME от прямого поставщика КЕРАМОТЕКА. Опт и розница. Скидки. Цены.,ATLAS CONCORDE SUBLIME / АТЛАС КОНКОРД СУБЛИМ - керамическая плитка 20*80 для ванных комнат. КЕРАМОТЕКА.,Под заказ,$$$,https://www.keramoteka.ru/upload/uf/6ae/keramoteka-atlas-concorde-sublime.pdf,СНЯТО С ПРОИЗВОДСТВА,Специальные элементы,Спецэлемент для внешнего угла Sea QR AE,"1,3X1,3 СМ",ASQE,./temp_files/img/ATLAS CONCORDE_SUBLIME_Спецэлемент для внешнего угла Sea QR AE.jpg
ATLAS CONCORDE,./temp_files/logo/ATLAS CONCORDE.png,"atlas concorde, атлас конкорд, плитка atlas concorde, керамогранит atlas concorde, плитка, керамогранит, atlas concord, плитка конкорд, плитка atlas, поставщик, атлас конкорд италия, атлас конкорд сайт","Каталог керамической плитки и керамогранита ATLAS CONCORDE / АТЛАС КОНКОРД (Италия) от прямого поставщика КЕРАМОТЕКА. Низкие цены, скидки. Оптовые и розничные продажи. Материал в наличии.",ATLAS CONCORDE / АТЛАС КОНКОРД (Италия) Керамическая плитка и керамогранит от прямого поставщика - компании КЕРАМОТЕКА,Италия,SUBLIME,"atlas concorde sublime, атлас конкорд сублим, плитка sublime, купить, поставщик, скидки, цены",Каталог керамической плитки ATLAS CONCORDE SUBLIME от прямого поставщика КЕРАМОТЕКА. Опт и розница. Скидки. Цены.,ATLAS CONCORDE SUBLIME / АТЛАС КОНКОРД СУБЛИМ - керамическая плитка 20*80 для ванных комнат. КЕРАМОТЕКА.,Под заказ,$$$,https://www.keramoteka.ru/upload/uf/6ae/keramoteka-atlas-concorde-sublime.pdf,СНЯТО С ПРОИЗВОДСТВА,Специальные элементы,Спецэлемент для внешнего угла Petal QR AE,"1,3X1,3 СМ",ASQP,./temp_files/img/ATLAS CONCORDE_SUBLIME_Спецэлемент для внешнего угла Petal QR AE.jpg
ATLAS CONCORDE,./temp_files/logo/ATLAS CONCORDE.png,"atlas concorde, атлас конкорд, плитка atlas concorde, керамогранит atlas concorde, плитка, керамогранит, atlas concord, плитка конкорд, плитка atlas, поставщик, атлас конкорд италия, атлас конкорд сайт","Каталог керамической плитки и керамогранита ATLAS CONCORDE / АТЛАС КОНКОРД (Италия) от прямого поставщика КЕРАМОТЕКА. Низкие цены, скидки. Оптовые и розничные продажи. Материал в наличии.",ATLAS CONCORDE / АТЛАС КОНКОРД (Италия) Керамическая плитка и керамогранит от прямого поставщика - компании КЕРАМОТЕКА,Италия,SUBLIME,"atlas concorde sublime, атлас конкорд сублим, плитка sublime, купить, поставщик, скидки, цены",Каталог керамической плитки ATLAS CONCORDE SUBLIME от прямого поставщика КЕРАМОТЕКА. Опт и розница. Скидки. Цены.,ATLAS CONCORDE SUBLIME / АТЛАС КОНКОРД СУБЛИМ - керамическая плитка 20*80 для ванных комнат. КЕРАМОТЕКА.,Под заказ,$$$,https://www.keramoteka.ru/upload/uf/6ae/keramoteka-atlas-concorde-sublime.pdf,СНЯТО С ПРОИЗВОДСТВА,Специальные элементы,Спецэлемент для внешнего угла Ebony QR AE,"1,3X1,3 СМ",ASQB,./temp_files/img/ATLAS CONCORDE_SUBLIME_Спецэлемент для внешнего угла Ebony QR AE.jpg
ATLAS CONCORDE,./temp_files/logo/ATLAS CONCORDE.png,"atlas concorde, атлас конкорд, плитка atlas concorde, керамогранит atlas concorde, плитка, керамогранит, atlas concord, плитка конкорд, плитка atlas, поставщик, атлас конкорд италия, атлас конкорд сайт","Каталог керамической плитки и керамогранита ATLAS CONCORDE / АТЛАС КОНКОРД (Италия) от прямого поставщика КЕРАМОТЕКА. Низкие цены, скидки. Оптовые и розничные продажи. Материал в наличии.",ATLAS CONCORDE / АТЛАС КОНКОРД (Италия) Керамическая плитка и керамогранит от прямого поставщика - компании КЕРАМОТЕКА,Италия,SUBLIME,"atlas concorde sublime, атлас конкорд сублим, плитка sublime, купить, поставщик, скидки, цены",Каталог керамической плитки ATLAS CONCORDE SUBLIME от прямого поставщика КЕРАМОТЕКА. Опт и розница. Скидки. Цены.,ATLAS CONCORDE SUBLIME / АТЛАС КОНКОРД СУБЛИМ - керамическая плитка 20*80 для ванных комнат. КЕРАМОТЕКА.,Под заказ,$$$,https://www.keramoteka.ru/upload/uf/6ae/keramoteka-atlas-concorde-sublime.pdf,СНЯТО С ПРОИЗВОДСТВА,Специальные элементы,Спецэлемент для внешнего угла Sienna QR AE,"1,3X1,3 СМ",ASQI,./temp_files/img/ATLAS CONCORDE_SUBLIME_Спецэлемент для внешнего угла Sienna QR AE.jpg
ATLAS CONCORDE,./temp_files/logo/ATLAS CONCORDE.png,"atlas concorde, атлас конкорд, плитка atlas concorde, керамогранит atlas concorde, плитка, керамогранит, atlas concord, плитка конкорд, плитка atlas, поставщик, атлас конкорд италия, атлас конкорд сайт","Каталог керамической плитки и керамогранита ATLAS CONCORDE / АТЛАС КОНКОРД (Италия) от прямого поставщика КЕРАМОТЕКА. Низкие цены, скидки. Оптовые и розничные продажи. Материал в наличии.",ATLAS CONCORDE / АТЛАС КОНКОРД (Италия) Керамическая плитка и керамогранит от прямого поставщика - компании КЕРАМОТЕКА,Италия,SUBLIME,"atlas concorde sublime, атлас конкорд сублим, плитка sublime, купить, поставщик, скидки, цены",Каталог керамической плитки ATLAS CONCORDE SUBLIME от прямого поставщика КЕРАМОТЕКА. Опт и розница. Скидки. Цены.,ATLAS CONCORDE SUBLIME / АТЛАС КОНКОРД СУБЛИМ - керамическая плитка 20*80 для ванных комнат. КЕРАМОТЕКА.,Под заказ,$$$,https://www.keramoteka.ru/upload/uf/6ae/keramoteka-atlas-concorde-sublime.pdf,СНЯТО С ПРОИЗВОДСТВА,Напольная плитка,Aurora,"30,5X30,5 СМ",ALGF,./temp_files/img/ATLAS CONCORDE_SUBLIME_Aurora.jpg
ATLAS CONCORDE,./temp_files/logo/ATLAS CONCORDE.png,"atlas concorde, атлас конкорд, плитка atlas concorde, керамогранит atlas concorde, плитка, керамогранит, atlas concord, плитка конкорд, плитка atlas, поставщик, атлас конкорд италия, атлас конкорд сайт","Каталог керамической плитки и керамогранита ATLAS CONCORDE / АТЛАС КОНКОРД (Италия) от прямого поставщика КЕРАМОТЕКА. Низкие цены, скидки. Оптовые и розничные продажи. Материал в наличии.",ATLAS CONCORDE / АТЛАС КОНКОРД (Италия) Керамическая плитка и керамогранит от прямого поставщика - компании КЕРАМОТЕКА,Италия,SUBLIME,"atlas concorde sublime, атлас конкорд сублим, плитка sublime, купить, поставщик, скидки, цены",Каталог керамической плитки ATLAS CONCORDE SUBLIME от прямого поставщика КЕРАМОТЕКА. Опт и розница. Скидки. Цены.,ATLAS CONCORDE SUBLIME / АТЛАС КОНКОРД СУБЛИМ - керамическая плитка 20*80 для ванных комнат. КЕРАМОТЕКА.,Под заказ,$$$,https://www.keramoteka.ru/upload/uf/6ae/keramoteka-atlas-concorde-sublime.pdf,СНЯТО С ПРОИЗВОДСТВА,Напольная плитка,Shell,"30,5X30,5 СМ",ALGV,./temp_files/img/ATLAS CONCORDE_SUBLIME_Shell.jpg
ATLAS CONCORDE,./temp_files/logo/ATLAS CONCORDE.png,"atlas concorde, атлас конкорд, плитка atlas concorde, керамогранит atlas concorde, плитка, керамогранит, atlas concord, плитка конкорд, плитка atlas, поставщик, атлас конкорд италия, атлас конкорд сайт","Каталог керамической плитки и керамогранита ATLAS CONCORDE / АТЛАС КОНКОРД (Италия) от прямого поставщика КЕРАМОТЕКА. Низкие цены, скидки. Оптовые и розничные продажи. Материал в наличии.",ATLAS CONCORDE / АТЛАС КОНКОРД (Италия) Керамическая плитка и керамогранит от прямого поставщика - компании КЕРАМОТЕКА,Италия,SUBLIME,"atlas concorde sublime, атлас конкорд сублим, плитка sublime, купить, поставщик, скидки, цены",Каталог керамической плитки ATLAS CONCORDE SUBLIME от прямого поставщика КЕРАМОТЕКА. Опт и розница. Скидки. Цены.,ATLAS CONCORDE SUBLIME / АТЛАС КОНКОРД СУБЛИМ - керамическая плитка 20*80 для ванных комнат. КЕРАМОТЕКА.,Под заказ,$$$,https://www.keramoteka.ru/upload/uf/6ae/keramoteka-atlas-concorde-sublime.pdf,СНЯТО С ПРОИЗВОДСТВА,Напольная плитка,Silver,"30,5X30,5 СМ",ALGX,./temp_files/img/ATLAS CONCORDE_SUBLIME_Silver.jpg
ATLAS CONCORDE,./temp_files/logo/ATLAS CONCORDE.png,"atlas concorde, атлас конкорд, плитка atlas concorde, керамогранит atlas concorde, плитка, керамогранит, atlas concord, плитка конкорд, плитка atlas, поставщик, атлас конкорд италия, атлас конкорд сайт","Каталог керамической плитки и керамогранита ATLAS CONCORDE / АТЛАС КОНКОРД (Италия) от прямого поставщика КЕРАМОТЕКА. Низкие цены, скидки. Оптовые и розничные продажи. Материал в наличии.",ATLAS CONCORDE / АТЛАС КОНКОРД (Италия) Керамическая плитка и керамогранит от прямого поставщика - компании КЕРАМОТЕКА,Италия,SUBLIME,"atlas concorde sublime, атлас конкорд сублим, плитка sublime, купить, поставщик, скидки, цены",Каталог керамической плитки ATLAS CONCORDE SUBLIME от прямого поставщика КЕРАМОТЕКА. Опт и розница. Скидки. Цены.,ATLAS CONCORDE SUBLIME / АТЛАС КОНКОРД СУБЛИМ - керамическая плитка 20*80 для ванных комнат. КЕРАМОТЕКА.,Под заказ,$$$,https://www.keramoteka.ru/upload/uf/6ae/keramoteka-atlas-concorde-sublime.pdf,СНЯТО С ПРОИЗВОДСТВА,Напольная плитка,Night,"30,5X30,5 СМ",ALG1,./temp_files/img/ATLAS CONCORDE_SUBLIME_Night.jpg
