ATLAS CONCORDE,./temp_files/logo/ATLAS CONCORDE.png,"atlas concorde, атлас конкорд, плитка atlas concorde, керамогранит atlas concorde, плитка, керамогранит, atlas concord, плитка конкорд, плитка atlas, поставщик, атлас конкорд италия, атлас конкорд сайт","Каталог керамической плитки и керамогранита ATLAS CONCORDE / АТЛАС КОНКОРД (Италия) от прямого поставщика КЕРАМОТЕКА. Низкие цены, скидки. Оптовые и розничные продажи. Материал в наличии.",ATLAS CONCORDE / АТЛАС КОНКОРД (Италия) Керамическая плитка и керамогранит от прямого поставщика - компании КЕРАМОТЕКА,Италия,3D WALL DESIGN,"atlas concorde 3d wall design, атлас конкорд 3д волл дизайн, плитка 3d wall design, dune, blade, ribbon, diamond, wave, grid, flow, line, поставщик, скидки, цены",Каталог керамической плитки Atlas Concorde 3D Wall Design от прямого поставщика КЕРАМОТЕКА. Привлекательные цены и скидки. Опт и розница. В наличии.,ATLAS CONCORDE 3D WALL DESIGN / АТЛАС КОНКОРД 3Д ВОЛЛ ДИЗАЙН - трехмерная керамическая плитка для ванных комнат. КЕРАМОТЕКА.,На складе,$$$,https://www.keramoteka.ru/upload/uf/8b7/keramoteka-atlas-concorde-3d-wall-design.pdf,ХИТ,Керамическая плитка для стен,Solid White Matt,40X80 СМ,8DSW,./temp_files/img/ATLAS CONCORDE_3D WALL DESIGN_Solid White Matt.jpg
ATLAS CONCORDE,./temp_files/logo/ATLAS CONCORDE.png,"atlas concorde, атлас конкорд, плитка atlas concorde, керамогранит atlas concorde, плитка, керамогранит, atlas concord, плитка конкорд, плитка atlas, поставщик, атлас конкорд италия, атлас конкорд сайт","Каталог керамической плитки и керамогранита ATLAS CONCORDE / АТЛАС КОНКОРД (Италия) от прямого поставщика КЕРАМОТЕКА. Низкие цены, скидки. Оптовые и розничные продажи. Материал в наличии.",ATLAS CONCORDE / АТЛАС КОНКОРД (Италия) Керамическая плитка и керамогранит от прямого поставщика - компании КЕРАМОТЕКА,Италия,3D WALL DESIGN,"atlas concorde 3d wall design, атлас конкорд 3д волл дизайн, плитка 3d wall design, dune, blade, ribbon, diamond, wave, grid, flow, line, поставщик, скидки, цены",Каталог керамической плитки Atlas Concorde 3D Wall Design от прямого поставщика КЕРАМОТЕКА. Привлекательные цены и скидки. Опт и розница. В наличии.,ATLAS CONCORDE 3D WALL DESIGN / АТЛАС КОНКОРД 3Д ВОЛЛ ДИЗАЙН - трехмерная керамическая плитка для ванных комнат. КЕРАМОТЕКА.,На складе,$$$,https://www.keramoteka.ru/upload/uf/8b7/keramoteka-atlas-concorde-3d-wall-design.pdf,ХИТ,Керамическая плитка для стен,Solid Sand Matt,40X80 СМ,8DSS,./temp_files/img/ATLAS CONCORDE_3D WALL DESIGN_Solid Sand Matt.jpg
ATLAS CONCORDE,./temp_files/logo/ATLAS CONCORDE.png,"atlas concorde, атлас конкорд, плитка atlas concorde, керамогранит atlas concorde, плитка, керамогранит, atlas concord, плитка конкорд, плитка atlas, поставщик, атлас конкорд италия, атлас конкорд сайт","Каталог керамической плитки и керамогранита ATLAS CONCORDE / АТЛАС КОНКОРД (Италия) от прямого поставщика КЕРАМОТЕКА. Низкие цены, скидки. Оптовые и розничные продажи. Материал в наличии.",ATLAS CONCORDE / АТЛАС КОНКОРД (Италия) Керамическая плитка и керамогранит от прямого поставщика - компании КЕРАМОТЕКА,Италия,3D WALL DESIGN,"atlas concorde 3d wall design, атлас конкорд 3д волл дизайн, плитка 3d wall design, dune, blade, ribbon, diamond, wave, grid, flow, line, поставщик, скидки, цены",Каталог керамической плитки Atlas Concorde 3D Wall Design от прямого поставщика КЕРАМОТЕКА. Привлекательные цены и скидки. Опт и розница. В наличии.,ATLAS CONCORDE 3D WALL DESIGN / АТЛАС КОНКОРД 3Д ВОЛЛ ДИЗАЙН - трехмерная керамическая плитка для ванных комнат. КЕРАМОТЕКА.,На складе,$$$,https://www.keramoteka.ru/upload/uf/8b7/keramoteka-atlas-concorde-3d-wall-design.pdf,ХИТ,Керамическая плитка для стен,Solid Night Matt,40X80 СМ,8DSN,./temp_files/img/ATLAS CONCORDE_3D WALL DESIGN_Solid Night Matt.jpg
ATLAS CONCORDE,./temp_files/logo/ATLAS CONCORDE.png,"atlas concorde, атлас конкорд, плитка atlas concorde, керамогранит atlas concorde, плитка, керамогранит, atlas concord, плитка конкорд, плитка atlas, поставщик, атлас конкорд италия, атлас конкорд сайт","Каталог керамической плитки и керамогранита ATLAS CONCORDE / АТЛАС КОНКОРД (Италия) от прямого поставщика КЕРАМОТЕКА. Низкие цены, скидки. Оптовые и розничные продажи. Материал в наличии.",ATLAS CONCORDE / АТЛАС КОНКОРД (Италия) Керамическая плитка и керамогранит от прямого поставщика - компании КЕРАМОТЕКА,Италия,3D WALL DESIGN,"atlas concorde 3d wall design, атлас конкорд 3д волл дизайн, плитка 3d wall design, dune, blade, ribbon, diamond, wave, grid, flow, line, поставщик, скидки, цены",Каталог керамической плитки Atlas Concorde 3D Wall Design от прямого поставщика КЕРАМОТЕКА. Привлекательные цены и скидки. Опт и розница. В наличии.,ATLAS CONCORDE 3D WALL DESIGN / АТЛАС КОНКОРД 3Д ВОЛЛ ДИЗАЙН - трехмерная керамическая плитка для ванных комнат. КЕРАМОТЕКА.,На складе,$$$,https://www.keramoteka.ru/upload/uf/8b7/keramoteka-atlas-concorde-3d-wall-design.pdf,ХИТ,Керамическая плитка для стен,Solid White Glossy,40X80 СМ,8DSG,./temp_files/img/ATLAS CONCORDE_3D WALL DESIGN_Solid White Glossy.jpg
ATLAS CONCORDE,./temp_files/logo/ATLAS CONCORDE.png,"atlas concorde, атлас конкорд, плитка atlas concorde, керамогранит atlas concorde, плитка, керамогранит, atlas concord, плитка конкорд, плитка atlas, поставщик, атлас конкорд италия, атлас конкорд сайт","Каталог керамической плитки и керамогранита ATLAS CONCORDE / АТЛАС КОНКОРД (Италия) от прямого поставщика КЕРАМОТЕКА. Низкие цены, скидки. Оптовые и розничные продажи. Материал в наличии.",ATLAS CONCORDE / АТЛАС КОНКОРД (Италия) Керамическая плитка и керамогранит от прямого поставщика - компании КЕРАМОТЕКА,Италия,3D WALL DESIGN,"atlas concorde 3d wall design, атлас конкорд 3д волл дизайн, плитка 3d wall design, dune, blade, ribbon, diamond, wave, grid, flow, line, поставщик, скидки, цены",Каталог керамической плитки Atlas Concorde 3D Wall Design от прямого поставщика КЕРАМОТЕКА. Привлекательные цены и скидки. Опт и розница. В наличии.,ATLAS CONCORDE 3D WALL DESIGN / АТЛАС КОНКОРД 3Д ВОЛЛ ДИЗАЙН - трехмерная керамическая плитка для ванных комнат. КЕРАМОТЕКА.,На складе,$$$,https://www.keramoteka.ru/upload/uf/8b7/keramoteka-atlas-concorde-3d-wall-design.pdf,ХИТ,Керамическая плитка для стен,Solid White Matt 110,50X110 СМ,4DWM,./temp_files/img/ATLAS CONCORDE_3D WALL DESIGN_Solid White Matt 110.jpg
ATLAS CONCORDE,./temp_files/logo/ATLAS CONCORDE.png,"atlas concorde, атлас конкорд, плитка atlas concorde, керамогранит atlas concorde, плитка, керамогранит, atlas concord, плитка конкорд, плитка atlas, поставщик, атлас конкорд италия, атлас конкорд сайт","Каталог керамической плитки и керамогранита ATLAS CONCORDE / АТЛАС КОНКОРД (Италия) от прямого поставщика КЕРАМОТЕКА. Низкие цены, скидки. Оптовые и розничные продажи. Материал в наличии.",ATLAS CONCORDE / АТЛАС КОНКОРД (Италия) Керамическая плитка и керамогранит от прямого поставщика - компании КЕРАМОТЕКА,Италия,3D WALL DESIGN,"atlas concorde 3d wall design, атлас конкорд 3д волл дизайн, плитка 3d wall design, dune, blade, ribbon, diamond, wave, grid, flow, line, поставщик, скидки, цены",Каталог керамической плитки Atlas Concorde 3D Wall Design от прямого поставщика КЕРАМОТЕКА. Привлекательные цены и скидки. Опт и розница. В наличии.,ATLAS CONCORDE 3D WALL DESIGN / АТЛАС КОНКОРД 3Д ВОЛЛ ДИЗАЙН - трехмерная керамическая плитка для ванных комнат. КЕРАМОТЕКА.,На складе,$$$,https://www.keramoteka.ru/upload/uf/8b7/keramoteka-atlas-concorde-3d-wall-design.pdf,ХИТ,Керамическая плитка для стен,Solid White Glossy 110,50X110 СМ,4DWO,./temp_files/img/ATLAS CONCORDE_3D WALL DESIGN_Solid White Glossy 110.jpg
ATLAS CONCORDE,./temp_files/logo/ATLAS CONCORDE.png,"atlas concorde, атлас конкорд, плитка atlas concorde, керамогранит atlas concorde, плитка, керамогранит, atlas concord, плитка конкорд, плитка atlas, поставщик, атлас конкорд италия, атлас конкорд сайт","Каталог керамической плитки и керамогранита ATLAS CONCORDE / АТЛАС КОНКОРД (Италия) от прямого поставщика КЕРАМОТЕКА. Низкие цены, скидки. Оптовые и розничные продажи. Материал в наличии.",ATLAS CONCORDE / АТЛАС КОНКОРД (Италия) Керамическая плитка и керамогранит от прямого поставщика - компании КЕРАМОТЕКА,Италия,3D WALL DESIGN,"atlas concorde 3d wall design, атлас конкорд 3д волл дизайн, плитка 3d wall design, dune, blade, ribbon, diamond, wave, grid, flow, line, поставщик, скидки, цены",Каталог керамической плитки Atlas Concorde 3D Wall Design от прямого поставщика КЕРАМОТЕКА. Привлекательные цены и скидки. Опт и розница. В наличии.,ATLAS CONCORDE 3D WALL DESIGN / АТЛАС КОНКОРД 3Д ВОЛЛ ДИЗАЙН - трехмерная керамическая плитка для ванных комнат. КЕРАМОТЕКА.,На складе,$$$,https://www.keramoteka.ru/upload/uf/8b7/keramoteka-atlas-concorde-3d-wall-design.pdf,ХИТ,Керамическая плитка для стен,Ribbon White Matt,40X80 СМ,8SBW,./temp_files/img/ATLAS CONCORDE_3D WALL DESIGN_Ribbon White Matt.jpg
ATLAS CONCORDE,./temp_files/logo/ATLAS CONCORDE.png,"atlas concorde, атлас конкорд, плитка atlas concorde, керамогранит atlas concorde, плитка, керамогранит, atlas concord, плитка конкорд, плитка atlas, поставщик, атлас конкорд италия, атлас конкорд сайт","Каталог керамической плитки и керамогранита ATLAS CONCORDE / АТЛАС КОНКОРД (Италия) от прямого поставщика КЕРАМОТЕКА. Низкие цены, скидки. Оптовые и розничные продажи. Материал в наличии.",ATLAS CONCORDE / АТЛАС КОНКОРД (Италия) Керамическая плитка и керамогранит от прямого поставщика - компании КЕРАМОТЕКА,Италия,3D WALL DESIGN,"atlas concorde 3d wall design, атлас конкорд 3д волл дизайн, плитка 3d wall design, dune, blade, ribbon, diamond, wave, grid, flow, line, поставщик, скидки, цены",Каталог керамической плитки Atlas Concorde 3D Wall Design от прямого поставщика КЕРАМОТЕКА. Привлекательные цены и скидки. Опт и розница. В наличии.,ATLAS CONCORDE 3D WALL DESIGN / АТЛАС КОНКОРД 3Д ВОЛЛ ДИЗАЙН - трехмерная керамическая плитка для ванных комнат. КЕРАМОТЕКА.,На складе,$$$,https://www.keramoteka.ru/upload/uf/8b7/keramoteka-atlas-concorde-3d-wall-design.pdf,ХИТ,Керамическая плитка для стен,Ribbon Sand Matt,40X80 СМ,8SBS,./temp_files/img/ATLAS CONCORDE_3D WALL DESIGN_Ribbon Sand Matt.jpg
ATLAS CONCORDE,./temp_files/logo/ATLAS CONCORDE.png,"atlas concorde, атлас конкорд, плитка atlas concorde, керамогранит atlas concorde, плитка, керамогранит, atlas concord, плитка конкорд, плитка atlas, поставщик, атлас конкорд италия, атлас конкорд сайт","Каталог керамической плитки и керамогранита ATLAS CONCORDE / АТЛАС КОНКОРД (Италия) от прямого поставщика КЕРАМОТЕКА. Низкие цены, скидки. Оптовые и розничные продажи. Материал в наличии.",ATLAS CONCORDE / АТЛАС КОНКОРД (Италия) Керамическая плитка и керамогранит от прямого поставщика - компании КЕРАМОТЕКА,Италия,3D WALL DESIGN,"atlas concorde 3d wall design, атлас конкорд 3д волл дизайн, плитка 3d wall design, dune, blade, ribbon, diamond, wave, grid, flow, line, поставщик, скидки, цены",Каталог керамической плитки Atlas Concorde 3D Wall Design от прямого поставщика КЕРАМОТЕКА. Привлекательные цены и скидки. Опт и розница. В наличии.,ATLAS CONCORDE 3D WALL DESIGN / АТЛАС КОНКОРД 3Д ВОЛЛ ДИЗАЙН - трехмерная керамическая плитка для ванных комнат. КЕРАМОТЕКА.,На складе,$$$,https://www.keramoteka.ru/upload/uf/8b7/keramoteka-atlas-concorde-3d-wall-design.pdf,ХИТ,Керамическая плитка для стен,Dune White Matt,40X80 СМ,8DUW,./temp_files/img/ATLAS CONCORDE_3D WALL DESIGN_Dune White Matt.jpg
ATLAS CONCORDE,./temp_files/logo/ATLAS CONCORDE.png,"atlas concorde, атлас конкорд, плитка atlas concorde, керамогранит atlas concorde, плитка, керамогранит, atlas concord, плитка конкорд, плитка atlas, поставщик, атлас конкорд италия, атлас конкорд сайт","Каталог керамической плитки и керамогранита ATLAS CONCORDE / АТЛАС КОНКОРД (Италия) от прямого поставщика КЕРАМОТЕКА. Низкие цены, скидки. Оптовые и розничные продажи. Материал в наличии.",ATLAS CONCORDE / АТЛАС КОНКОРД (Италия) Керамическая плитка и керамогранит от прямого поставщика - компании КЕРАМОТЕКА,Италия,3D WALL DESIGN,"atlas concorde 3d wall design, атлас конкорд 3д волл дизайн, плитка 3d wall design, dune, blade, ribbon, diamond, wave, grid, flow, line, поставщик, скидки, цены",Каталог керамической плитки Atlas Concorde 3D Wall Design от прямого поставщика КЕРАМОТЕКА. Привлекательные цены и скидки. Опт и розница. В наличии.,ATLAS CONCORDE 3D WALL DESIGN / АТЛАС КОНКОРД 3Д ВОЛЛ ДИЗАЙН - трехмерная керамическая плитка для ванных комнат. КЕРАМОТЕКА.,На складе,$$$,https://www.keramoteka.ru/upload/uf/8b7/keramoteka-atlas-concorde-3d-wall-design.pdf,ХИТ,Керамическая плитка для стен,Dune Sand Matt,40X80 СМ,8DUS,./temp_files/img/ATLAS CONCORDE_3D WALL DESIGN_Dune Sand Matt.jpg
ATLAS CONCORDE,./temp_files/logo/ATLAS CONCORDE.png,"atlas concorde, атлас конкорд, плитка atlas concorde, керамогранит atlas concorde, плитка, керамогранит, atlas concord, плитка конкорд, плитка atlas, поставщик, атлас конкорд италия, атлас конкорд сайт","Каталог керамической плитки и керамогранита ATLAS CONCORDE / АТЛАС КОНКОРД (Италия) от прямого поставщика КЕРАМОТЕКА. Низкие цены, скидки. Оптовые и розничные продажи. Материал в наличии.",ATLAS CONCORDE / АТЛАС КОНКОРД (Италия) Керамическая плитка и керамогранит от прямого поставщика - компании КЕРАМОТЕКА,Италия,3D WALL DESIGN,"atlas concorde 3d wall design, атлас конкорд 3д волл дизайн, плитка 3d wall design, dune, blade, ribbon, diamond, wave, grid, flow, line, поставщик, скидки, цены",Каталог керамической плитки Atlas Concorde 3D Wall Design от прямого поставщика КЕРАМОТЕКА. Привлекательные цены и скидки. Опт и розница. В наличии.,ATLAS CONCORDE 3D WALL DESIGN / АТЛАС КОНКОРД 3Д ВОЛЛ ДИЗАЙН - трехмерная керамическая плитка для ванных комнат. КЕРАМОТЕКА.,На складе,$$$,https://www.keramoteka.ru/upload/uf/8b7/keramoteka-atlas-concorde-3d-wall-design.pdf,ХИТ,Керамическая плитка для стен,Diamond White Matt,40X80 СМ,8DDI,./temp_files/img/ATLAS CONCORDE_3D WALL DESIGN_Diamond White Matt.jpg
ATLAS CONCORDE,./temp_files/logo/ATLAS CONCORDE.png,"atlas concorde, атлас конкорд, плитка atlas concorde, керамогранит atlas concorde, плитка, керамогранит, atlas concord, плитка конкорд, плитка atlas, поставщик, атлас конкорд италия, атлас конкорд сайт","Каталог керамической плитки и керамогранита ATLAS CONCORDE / АТЛАС КОНКОРД (Италия) от прямого поставщика КЕРАМОТЕКА. Низкие цены, скидки. Оптовые и розничные продажи. Материал в наличии.",ATLAS CONCORDE / АТЛАС КОНКОРД (Италия) Керамическая плитка и керамогранит от прямого поставщика - компании КЕРАМОТЕКА,Италия,3D WALL DESIGN,"atlas concorde 3d wall design, атлас конкорд 3д волл дизайн, плитка 3d wall design, dune, blade, ribbon, diamond, wave, grid, flow, line, поставщик, скидки, цены",Каталог керамической плитки Atlas Concorde 3D Wall Design от прямого поставщика КЕРАМОТЕКА. Привлекательные цены и скидки. Опт и розница. В наличии.,ATLAS CONCORDE 3D WALL DESIGN / АТЛАС КОНКОРД 3Д ВОЛЛ ДИЗАЙН - трехмерная керамическая плитка для ванных комнат. КЕРАМОТЕКА.,На складе,$$$,https://www.keramoteka.ru/upload/uf/8b7/keramoteka-atlas-concorde-3d-wall-design.pdf,ХИТ,Керамическая плитка для стен,Diamond Night Matt,40X80 СМ,8DDN,./temp_files/img/ATLAS CONCORDE_3D WALL DESIGN_Diamond Night Matt.jpg
ATLAS CONCORDE,./temp_files/logo/ATLAS CONCORDE.png,"atlas concorde, атлас конкорд, плитка atlas concorde, керамогранит atlas concorde, плитка, керамогранит, atlas concord, плитка конкорд, плитка atlas, поставщик, атлас конкорд италия, атлас конкорд сайт","Каталог керамической плитки и керамогранита ATLAS CONCORDE / АТЛАС КОНКОРД (Италия) от прямого поставщика КЕРАМОТЕКА. Низкие цены, скидки. Оптовые и розничные продажи. Материал в наличии.",ATLAS CONCORDE / АТЛАС КОНКОРД (Италия) Керамическая плитка и керамогранит от прямого поставщика - компании КЕРАМОТЕКА,Италия,3D WALL DESIGN,"atlas concorde 3d wall design, атлас конкорд 3д волл дизайн, плитка 3d wall design, dune, blade, ribbon, diamond, wave, grid, flow, line, поставщик, скидки, цены",Каталог керамической плитки Atlas Concorde 3D Wall Design от прямого поставщика КЕРАМОТЕКА. Привлекательные цены и скидки. Опт и розница. В наличии.,ATLAS CONCORDE 3D WALL DESIGN / АТЛАС КОНКОРД 3Д ВОЛЛ ДИЗАЙН - трехмерная керамическая плитка для ванных комнат. КЕРАМОТЕКА.,На складе,$$$,https://www.keramoteka.ru/upload/uf/8b7/keramoteka-atlas-concorde-3d-wall-design.pdf,ХИТ,Керамическая плитка для стен,Wave White Glossy,40X80 СМ,8DWG,./temp_files/img/ATLAS CONCORDE_3D WALL DESIGN_Wave White Glossy.jpg
ATLAS CONCORDE,./temp_files/logo/ATLAS CONCORDE.png,"atlas concorde, атлас конкорд, плитка atlas concorde, керамогранит atlas concorde, плитка, керамогранит, atlas concord, плитка конкорд, плитка atlas, поставщик, атлас конкорд италия, атлас конкорд сайт","Каталог керамической плитки и керамогранита ATLAS CONCORDE / АТЛАС КОНКОРД (Италия) от прямого поставщика КЕРАМОТЕКА. Низкие цены, скидки. Оптовые и розничные продажи. Материал в наличии.",ATLAS CONCORDE / АТЛАС КОНКОРД (Италия) Керамическая плитка и керамогранит от прямого поставщика - компании КЕРАМОТЕКА,Италия,3D WALL DESIGN,"atlas concorde 3d wall design, атлас конкорд 3д волл дизайн, плитка 3d wall design, dune, blade, ribbon, diamond, wave, grid, flow, line, поставщик, скидки, цены",Каталог керамической плитки Atlas Concorde 3D Wall Design от прямого поставщика КЕРАМОТЕКА. Привлекательные цены и скидки. Опт и розница. В наличии.,ATLAS CONCORDE 3D WALL DESIGN / АТЛАС КОНКОРД 3Д ВОЛЛ ДИЗАЙН - трехмерная керамическая плитка для ванных комнат. КЕРАМОТЕКА.,На складе,$$$,https://www.keramoteka.ru/upload/uf/8b7/keramoteka-atlas-concorde-3d-wall-design.pdf,ХИТ,Керамическая плитка для стен,Blade White Matt,40X80 СМ,8DBW,./temp_files/img/ATLAS CONCORDE_3D WALL DESIGN_Blade White Matt.jpg
ATLAS CONCORDE,./temp_files/logo/ATLAS CONCORDE.png,"atlas concorde, атлас конкорд, плитка atlas concorde, керамогранит atlas concorde, плитка, керамогранит, atlas concord, плитка конкорд, плитка atlas, поставщик, атлас конкорд италия, атлас конкорд сайт","Каталог керамической плитки и керамогранита ATLAS CONCORDE / АТЛАС КОНКОРД (Италия) от прямого поставщика КЕРАМОТЕКА. Низкие цены, скидки. Оптовые и розничные продажи. Материал в наличии.",ATLAS CONCORDE / АТЛАС КОНКОРД (Италия) Керамическая плитка и керамогранит от прямого поставщика - компании КЕРАМОТЕКА,Италия,3D WALL DESIGN,"atlas concorde 3d wall design, атлас конкорд 3д волл дизайн, плитка 3d wall design, dune, blade, ribbon, diamond, wave, grid, flow, line, поставщик, скидки, цены",Каталог керамической плитки Atlas Concorde 3D Wall Design от прямого поставщика КЕРАМОТЕКА. Привлекательные цены и скидки. Опт и розница. В наличии.,ATLAS CONCORDE 3D WALL DESIGN / АТЛАС КОНКОРД 3Д ВОЛЛ ДИЗАЙН - трехмерная керамическая плитка для ванных комнат. КЕРАМОТЕКА.,На складе,$$$,https://www.keramoteka.ru/upload/uf/8b7/keramoteka-atlas-concorde-3d-wall-design.pdf,ХИТ,Керамическая плитка для стен,Grid White Glossy,40X80 СМ,8DGG,./temp_files/img/ATLAS CONCORDE_3D WALL DESIGN_Grid White Glossy.jpg
ATLAS CONCORDE,./temp_files/logo/ATLAS CONCORDE.png,"atlas concorde, атлас конкорд, плитка atlas concorde, керамогранит atlas concorde, плитка, керамогранит, atlas concord, плитка конкорд, плитка atlas, поставщик, атлас конкорд италия, атлас конкорд сайт","Каталог керамической плитки и керамогранита ATLAS CONCORDE / АТЛАС КОНКОРД (Италия) от прямого поставщика КЕРАМОТЕКА. Низкие цены, скидки. Оптовые и розничные продажи. Материал в наличии.",ATLAS CONCORDE / АТЛАС КОНКОРД (Италия) Керамическая плитка и керамогранит от прямого поставщика - компании КЕРАМОТЕКА,Италия,3D WALL DESIGN,"atlas concorde 3d wall design, атлас конкорд 3д волл дизайн, плитка 3d wall design, dune, blade, ribbon, diamond, wave, grid, flow, line, поставщик, скидки, цены",Каталог керамической плитки Atlas Concorde 3D Wall Design от прямого поставщика КЕРАМОТЕКА. Привлекательные цены и скидки. Опт и розница. В наличии.,ATLAS CONCORDE 3D WALL DESIGN / АТЛАС КОНКОРД 3Д ВОЛЛ ДИЗАЙН - трехмерная керамическая плитка для ванных комнат. КЕРАМОТЕКА.,На складе,$$$,https://www.keramoteka.ru/upload/uf/8b7/keramoteka-atlas-concorde-3d-wall-design.pdf,ХИТ,Керамическая плитка для стен,Grid Night Matt,40X80 СМ,8DGN,./temp_files/img/ATLAS CONCORDE_3D WALL DESIGN_Grid Night Matt.jpg
ATLAS CONCORDE,./temp_files/logo/ATLAS CONCORDE.png,"atlas concorde, атлас конкорд, плитка atlas concorde, керамогранит atlas concorde, плитка, керамогранит, atlas concord, плитка конкорд, плитка atlas, поставщик, атлас конкорд италия, атлас конкорд сайт","Каталог керамической плитки и керамогранита ATLAS CONCORDE / АТЛАС КОНКОРД (Италия) от прямого поставщика КЕРАМОТЕКА. Низкие цены, скидки. Оптовые и розничные продажи. Материал в наличии.",ATLAS CONCORDE / АТЛАС КОНКОРД (Италия) Керамическая плитка и керамогранит от прямого поставщика - компании КЕРАМОТЕКА,Италия,3D WALL DESIGN,"atlas concorde 3d wall design, атлас конкорд 3д волл дизайн, плитка 3d wall design, dune, blade, ribbon, diamond, wave, grid, flow, line, поставщик, скидки, цены",Каталог керамической плитки Atlas Concorde 3D Wall Design от прямого поставщика КЕРАМОТЕКА. Привлекательные цены и скидки. Опт и розница. В наличии.,ATLAS CONCORDE 3D WALL DESIGN / АТЛАС КОНКОРД 3Д ВОЛЛ ДИЗАЙН - трехмерная керамическая плитка для ванных комнат. КЕРАМОТЕКА.,На складе,$$$,https://www.keramoteka.ru/upload/uf/8b7/keramoteka-atlas-concorde-3d-wall-design.pdf,ХИТ,Керамическая плитка для стен,Grid White Matt,40X80 СМ,8DGW,./temp_files/img/ATLAS CONCORDE_3D WALL DESIGN_Grid White Matt.jpg
ATLAS CONCORDE,./temp_files/logo/ATLAS CONCORDE.png,"atlas concorde, атлас конкорд, плитка atlas concorde, керамогранит atlas concorde, плитка, керамогранит, atlas concord, плитка конкорд, плитка atlas, поставщик, атлас конкорд италия, атлас конкорд сайт","Каталог керамической плитки и керамогранита ATLAS CONCORDE / АТЛАС КОНКОРД (Италия) от прямого поставщика КЕРАМОТЕКА. Низкие цены, скидки. Оптовые и розничные продажи. Материал в наличии.",ATLAS CONCORDE / АТЛАС КОНКОРД (Италия) Керамическая плитка и керамогранит от прямого поставщика - компании КЕРАМОТЕКА,Италия,3D WALL DESIGN,"atlas concorde 3d wall design, атлас конкорд 3д волл дизайн, плитка 3d wall design, dune, blade, ribbon, diamond, wave, grid, flow, line, поставщик, скидки, цены",Каталог керамической плитки Atlas Concorde 3D Wall Design от прямого поставщика КЕРАМОТЕКА. Привлекательные цены и скидки. Опт и розница. В наличии.,ATLAS CONCORDE 3D WALL DESIGN / АТЛАС КОНКОРД 3Д ВОЛЛ ДИЗАЙН - трехмерная керамическая плитка для ванных комнат. КЕРАМОТЕКА.,На складе,$$$,https://www.keramoteka.ru/upload/uf/8b7/keramoteka-atlas-concorde-3d-wall-design.pdf,ХИТ,Керамическая плитка для стен,3D Ultra Blade White Matt 110,50X110 СМ,4D3M,./temp_files/img/ATLAS CONCORDE_3D WALL DESIGN_3D Ultra Blade White Matt 110.jpg
ATLAS CONCORDE,./temp_files/logo/ATLAS CONCORDE.png,"atlas concorde, атлас конкорд, плитка atlas concorde, керамогранит atlas concorde, плитка, керамогранит, atlas concord, плитка конкорд, плитка atlas, поставщик, атлас конкорд италия, атлас конкорд сайт","Каталог керамической плитки и керамогранита ATLAS CONCORDE / АТЛАС КОНКОРД (Италия) от прямого поставщика КЕРАМОТЕКА. Низкие цены, скидки. Оптовые и розничные продажи. Материал в наличии.",ATLAS CONCORDE / АТЛАС КОНКОРД (Италия) Керамическая плитка и керамогранит от прямого поставщика - компании КЕРАМОТЕКА,Италия,3D WALL DESIGN,"atlas concorde 3d wall design, атлас конкорд 3д волл дизайн, плитка 3d wall design, dune, blade, ribbon, diamond, wave, grid, flow, line, поставщик, скидки, цены",Каталог керамической плитки Atlas Concorde 3D Wall Design от прямого поставщика КЕРАМОТЕКА. Привлекательные цены и скидки. Опт и розница. В наличии.,ATLAS CONCORDE 3D WALL DESIGN / АТЛАС КОНКОРД 3Д ВОЛЛ ДИЗАЙН - трехмерная керамическая плитка для ванных комнат. КЕРАМОТЕКА.,На складе,$$$,https://www.keramoteka.ru/upload/uf/8b7/keramoteka-atlas-concorde-3d-wall-design.pdf,ХИТ,Керамическая плитка для стен,3D Ultra Blade White Gloss 110,50X110 СМ,4D3G,./temp_files/img/ATLAS CONCORDE_3D WALL DESIGN_3D Ultra Blade White Gloss 110.jpg
ATLAS CONCORDE,./temp_files/logo/ATLAS CONCORDE.png,"atlas concorde, атлас конкорд, плитка atlas concorde, керамогранит atlas concorde, плитка, керамогранит, atlas concord, плитка конкорд, плитка atlas, поставщик, атлас конкорд италия, атлас конкорд сайт","Каталог керамической плитки и керамогранита ATLAS CONCORDE / АТЛАС КОНКОРД (Италия) от прямого поставщика КЕРАМОТЕКА. Низкие цены, скидки. Оптовые и розничные продажи. Материал в наличии.",ATLAS CONCORDE / АТЛАС КОНКОРД (Италия) Керамическая плитка и керамогранит от прямого поставщика - компании КЕРАМОТЕКА,Италия,3D WALL DESIGN,"atlas concorde 3d wall design, атлас конкорд 3д волл дизайн, плитка 3d wall design, dune, blade, ribbon, diamond, wave, grid, flow, line, поставщик, скидки, цены",Каталог керамической плитки Atlas Concorde 3D Wall Design от прямого поставщика КЕРАМОТЕКА. Привлекательные цены и скидки. Опт и розница. В наличии.,ATLAS CONCORDE 3D WALL DESIGN / АТЛАС КОНКОРД 3Д ВОЛЛ ДИЗАЙН - трехмерная керамическая плитка для ванных комнат. КЕРАМОТЕКА.,На складе,$$$,https://www.keramoteka.ru/upload/uf/8b7/keramoteka-atlas-concorde-3d-wall-design.pdf,ХИТ,Керамическая плитка для стен,3D Line White Matt 110,50X110 СМ,4D3L,./temp_files/img/ATLAS CONCORDE_3D WALL DESIGN_3D Line White Matt 110.jpg
ATLAS CONCORDE,./temp_files/logo/ATLAS CONCORDE.png,"atlas concorde, атлас конкорд, плитка atlas concorde, керамогранит atlas concorde, плитка, керамогранит, atlas concord, плитка конкорд, плитка atlas, поставщик, атлас конкорд италия, атлас конкорд сайт","Каталог керамической плитки и керамогранита ATLAS CONCORDE / АТЛАС КОНКОРД (Италия) от прямого поставщика КЕРАМОТЕКА. Низкие цены, скидки. Оптовые и розничные продажи. Материал в наличии.",ATLAS CONCORDE / АТЛАС КОНКОРД (Италия) Керамическая плитка и керамогранит от прямого поставщика - компании КЕРАМОТЕКА,Италия,3D WALL DESIGN,"atlas concorde 3d wall design, атлас конкорд 3д волл дизайн, плитка 3d wall design, dune, blade, ribbon, diamond, wave, grid, flow, line, поставщик, скидки, цены",Каталог керамической плитки Atlas Concorde 3D Wall Design от прямого поставщика КЕРАМОТЕКА. Привлекательные цены и скидки. Опт и розница. В наличии.,ATLAS CONCORDE 3D WALL DESIGN / АТЛАС КОНКОРД 3Д ВОЛЛ ДИЗАЙН - трехмерная керамическая плитка для ванных комнат. КЕРАМОТЕКА.,На складе,$$$,https://www.keramoteka.ru/upload/uf/8b7/keramoteka-atlas-concorde-3d-wall-design.pdf,ХИТ,Керамическая плитка для стен,3D Flows White Matt 110,50X110 СМ,4D3F,./temp_files/img/ATLAS CONCORDE_3D WALL DESIGN_3D Flows White Matt 110.jpg
ATLAS CONCORDE,./temp_files/logo/ATLAS CONCORDE.png,"atlas concorde, атлас конкорд, плитка atlas concorde, керамогранит atlas concorde, плитка, керамогранит, atlas concord, плитка конкорд, плитка atlas, поставщик, атлас конкорд италия, атлас конкорд сайт","Каталог керамической плитки и керамогранита ATLAS CONCORDE / АТЛАС КОНКОРД (Италия) от прямого поставщика КЕРАМОТЕКА. Низкие цены, скидки. Оптовые и розничные продажи. Материал в наличии.",ATLAS CONCORDE / АТЛАС КОНКОРД (Италия) Керамическая плитка и керамогранит от прямого поставщика - компании КЕРАМОТЕКА,Италия,3D WALL DESIGN,"atlas concorde 3d wall design, атлас конкорд 3д волл дизайн, плитка 3d wall design, dune, blade, ribbon, diamond, wave, grid, flow, line, поставщик, скидки, цены",Каталог керамической плитки Atlas Concorde 3D Wall Design от прямого поставщика КЕРАМОТЕКА. Привлекательные цены и скидки. Опт и розница. В наличии.,ATLAS CONCORDE 3D WALL DESIGN / АТЛАС КОНКОРД 3Д ВОЛЛ ДИЗАЙН - трехмерная керамическая плитка для ванных комнат. КЕРАМОТЕКА.,На складе,$$$,https://www.keramoteka.ru/upload/uf/8b7/keramoteka-atlas-concorde-3d-wall-design.pdf,ХИТ,Керамическая плитка для стен,3D Kite White Matt,50X110 СМ,4D3K,./temp_files/img/ATLAS CONCORDE_3D WALL DESIGN_3D Kite White Matt.jpg
ATLAS CONCORDE,./temp_files/logo/ATLAS CONCORDE.png,"atlas concorde, атлас конкорд, плитка atlas concorde, керамогранит atlas concorde, плитка, керамогранит, atlas concord, плитка конкорд, плитка atlas, поставщик, атлас конкорд италия, атлас конкорд сайт","Каталог керамической плитки и керамогранита ATLAS CONCORDE / АТЛАС КОНКОРД (Италия) от прямого поставщика КЕРАМОТЕКА. Низкие цены, скидки. Оптовые и розничные продажи. Материал в наличии.",ATLAS CONCORDE / АТЛАС КОНКОРД (Италия) Керамическая плитка и керамогранит от прямого поставщика - компании КЕРАМОТЕКА,Италия,3D WALL DESIGN,"atlas concorde 3d wall design, атлас конкорд 3д волл дизайн, плитка 3d wall design, dune, blade, ribbon, diamond, wave, grid, flow, line, поставщик, скидки, цены",Каталог керамической плитки Atlas Concorde 3D Wall Design от прямого поставщика КЕРАМОТЕКА. Привлекательные цены и скидки. Опт и розница. В наличии.,ATLAS CONCORDE 3D WALL DESIGN / АТЛАС КОНКОРД 3Д ВОЛЛ ДИЗАЙН - трехмерная керамическая плитка для ванных комнат. КЕРАМОТЕКА.,На складе,$$$,https://www.keramoteka.ru/upload/uf/8b7/keramoteka-atlas-concorde-3d-wall-design.pdf,ХИТ,Керамическая плитка для стен,3D Plot White Matt,50X110 СМ,4D3P,./temp_files/img/ATLAS CONCORDE_3D WALL DESIGN_3D Plot White Matt.jpg
ATLAS CONCORDE,./temp_files/logo/ATLAS CONCORDE.png,"atlas concorde, атлас конкорд, плитка atlas concorde, керамогранит atlas concorde, плитка, керамогранит, atlas concord, плитка конкорд, плитка atlas, поставщик, атлас конкорд италия, атлас конкорд сайт","Каталог керамической плитки и керамогранита ATLAS CONCORDE / АТЛАС КОНКОРД (Италия) от прямого поставщика КЕРАМОТЕКА. Низкие цены, скидки. Оптовые и розничные продажи. Материал в наличии.",ATLAS CONCORDE / АТЛАС КОНКОРД (Италия) Керамическая плитка и керамогранит от прямого поставщика - компании КЕРАМОТЕКА,Италия,3D WALL DESIGN,"atlas concorde 3d wall design, атлас конкорд 3д волл дизайн, плитка 3d wall design, dune, blade, ribbon, diamond, wave, grid, flow, line, поставщик, скидки, цены",Каталог керамической плитки Atlas Concorde 3D Wall Design от прямого поставщика КЕРАМОТЕКА. Привлекательные цены и скидки. Опт и розница. В наличии.,ATLAS CONCORDE 3D WALL DESIGN / АТЛАС КОНКОРД 3Д ВОЛЛ ДИЗАЙН - трехмерная керамическая плитка для ванных комнат. КЕРАМОТЕКА.,На складе,$$$,https://www.keramoteka.ru/upload/uf/8b7/keramoteka-atlas-concorde-3d-wall-design.pdf,ХИТ,Керамическая плитка для стен,Arty Milk Wave,50X110 СМ,9AWM,./temp_files/img/ATLAS CONCORDE_3D WALL DESIGN_Arty Milk Wave.jpg
ATLAS CONCORDE,./temp_files/logo/ATLAS CONCORDE.png,"atlas concorde, атлас конкорд, плитка atlas concorde, керамогранит atlas concorde, плитка, керамогранит, atlas concord, плитка конкорд, плитка atlas, поставщик, атлас конкорд италия, атлас конкорд сайт","Каталог керамической плитки и керамогранита ATLAS CONCORDE / АТЛАС КОНКОРД (Италия) от прямого поставщика КЕРАМОТЕКА. Низкие цены, скидки. Оптовые и розничные продажи. Материал в наличии.",ATLAS CONCORDE / АТЛАС КОНКОРД (Италия) Керамическая плитка и керамогранит от прямого поставщика - компании КЕРАМОТЕКА,Италия,3D WALL DESIGN,"atlas concorde 3d wall design, атлас конкорд 3д волл дизайн, плитка 3d wall design, dune, blade, ribbon, diamond, wave, grid, flow, line, поставщик, скидки, цены",Каталог керамической плитки Atlas Concorde 3D Wall Design от прямого поставщика КЕРАМОТЕКА. Привлекательные цены и скидки. Опт и розница. В наличии.,ATLAS CONCORDE 3D WALL DESIGN / АТЛАС КОНКОРД 3Д ВОЛЛ ДИЗАЙН - трехмерная керамическая плитка для ванных комнат. КЕРАМОТЕКА.,На складе,$$$,https://www.keramoteka.ru/upload/uf/8b7/keramoteka-atlas-concorde-3d-wall-design.pdf,ХИТ,Керамическая плитка для стен,Arty Sugar Wave,50X110 СМ,9AWS,./temp_files/img/ATLAS CONCORDE_3D WALL DESIGN_Arty Sugar Wave.jpg
ATLAS CONCORDE,./temp_files/logo/ATLAS CONCORDE.png,"atlas concorde, атлас конкорд, плитка atlas concorde, керамогранит atlas concorde, плитка, керамогранит, atlas concord, плитка конкорд, плитка atlas, поставщик, атлас конкорд италия, атлас конкорд сайт","Каталог керамической плитки и керамогранита ATLAS CONCORDE / АТЛАС КОНКОРД (Италия) от прямого поставщика КЕРАМОТЕКА. Низкие цены, скидки. Оптовые и розничные продажи. Материал в наличии.",ATLAS CONCORDE / АТЛАС КОНКОРД (Италия) Керамическая плитка и керамогранит от прямого поставщика - компании КЕРАМОТЕКА,Италия,3D WALL DESIGN,"atlas concorde 3d wall design, атлас конкорд 3д волл дизайн, плитка 3d wall design, dune, blade, ribbon, diamond, wave, grid, flow, line, поставщик, скидки, цены",Каталог керамической плитки Atlas Concorde 3D Wall Design от прямого поставщика КЕРАМОТЕКА. Привлекательные цены и скидки. Опт и розница. В наличии.,ATLAS CONCORDE 3D WALL DESIGN / АТЛАС КОНКОРД 3Д ВОЛЛ ДИЗАЙН - трехмерная керамическая плитка для ванных комнат. КЕРАМОТЕКА.,На складе,$$$,https://www.keramoteka.ru/upload/uf/8b7/keramoteka-atlas-concorde-3d-wall-design.pdf,ХИТ,Керамическая плитка для стен,3D Mesh White Matt,50X110 СМ,8DMH,./temp_files/img/ATLAS CONCORDE_3D WALL DESIGN_3D Mesh White Matt.jpg
ATLAS CONCORDE,./temp_files/logo/ATLAS CONCORDE.png,"atlas concorde, атлас конкорд, плитка atlas concorde, керамогранит atlas concorde, плитка, керамогранит, atlas concord, плитка конкорд, плитка atlas, поставщик, атлас конкорд италия, атлас конкорд сайт","Каталог керамической плитки и керамогранита ATLAS CONCORDE / АТЛАС КОНКОРД (Италия) от прямого поставщика КЕРАМОТЕКА. Низкие цены, скидки. Оптовые и розничные продажи. Материал в наличии.",ATLAS CONCORDE / АТЛАС КОНКОРД (Италия) Керамическая плитка и керамогранит от прямого поставщика - компании КЕРАМОТЕКА,Италия,3D WALL DESIGN,"atlas concorde 3d wall design, атлас конкорд 3д волл дизайн, плитка 3d wall design, dune, blade, ribbon, diamond, wave, grid, flow, line, поставщик, скидки, цены",Каталог керамической плитки Atlas Concorde 3D Wall Design от прямого поставщика КЕРАМОТЕКА. Привлекательные цены и скидки. Опт и розница. В наличии.,ATLAS CONCORDE 3D WALL DESIGN / АТЛАС КОНКОРД 3Д ВОЛЛ ДИЗАЙН - трехмерная керамическая плитка для ванных комнат. КЕРАМОТЕКА.,На складе,$$$,https://www.keramoteka.ru/upload/uf/8b7/keramoteka-atlas-concorde-3d-wall-design.pdf,ХИТ,Керамическая плитка для стен,3D Blade White Matt,50X110 СМ,8DBW,./temp_files/img/ATLAS CONCORDE_3D WALL DESIGN_3D Blade White Matt.jpg
ATLAS CONCORDE,./temp_files/logo/ATLAS CONCORDE.png,"atlas concorde, атлас конкорд, плитка atlas concorde, керамогранит atlas concorde, плитка, керамогранит, atlas concord, плитка конкорд, плитка atlas, поставщик, атлас конкорд италия, атлас конкорд сайт","Каталог керамической плитки и керамогранита ATLAS CONCORDE / АТЛАС КОНКОРД (Италия) от прямого поставщика КЕРАМОТЕКА. Низкие цены, скидки. Оптовые и розничные продажи. Материал в наличии.",ATLAS CONCORDE / АТЛАС КОНКОРД (Италия) Керамическая плитка и керамогранит от прямого поставщика - компании КЕРАМОТЕКА,Италия,3D WALL DESIGN,"atlas concorde 3d wall design, атлас конкорд 3д волл дизайн, плитка 3d wall design, dune, blade, ribbon, diamond, wave, grid, flow, line, поставщик, скидки, цены",Каталог керамической плитки Atlas Concorde 3D Wall Design от прямого поставщика КЕРАМОТЕКА. Привлекательные цены и скидки. Опт и розница. В наличии.,ATLAS CONCORDE 3D WALL DESIGN / АТЛАС КОНКОРД 3Д ВОЛЛ ДИЗАЙН - трехмерная керамическая плитка для ванных комнат. КЕРАМОТЕКА.,На складе,$$$,https://www.keramoteka.ru/upload/uf/8b7/keramoteka-atlas-concorde-3d-wall-design.pdf,ХИТ,Керамическая плитка для стен,3D Angle White Matt,40X80 СМ,8DMA,./temp_files/img/ATLAS CONCORDE_3D WALL DESIGN_3D Angle White Matt.jpg
ATLAS CONCORDE,./temp_files/logo/ATLAS CONCORDE.png,"atlas concorde, атлас конкорд, плитка atlas concorde, керамогранит atlas concorde, плитка, керамогранит, atlas concord, плитка конкорд, плитка atlas, поставщик, атлас конкорд италия, атлас конкорд сайт","Каталог керамической плитки и керамогранита ATLAS CONCORDE / АТЛАС КОНКОРД (Италия) от прямого поставщика КЕРАМОТЕКА. Низкие цены, скидки. Оптовые и розничные продажи. Материал в наличии.",ATLAS CONCORDE / АТЛАС КОНКОРД (Италия) Керамическая плитка и керамогранит от прямого поставщика - компании КЕРАМОТЕКА,Италия,3D WALL DESIGN,"atlas concorde 3d wall design, атлас конкорд 3д волл дизайн, плитка 3d wall design, dune, blade, ribbon, diamond, wave, grid, flow, line, поставщик, скидки, цены",Каталог керамической плитки Atlas Concorde 3D Wall Design от прямого поставщика КЕРАМОТЕКА. Привлекательные цены и скидки. Опт и розница. В наличии.,ATLAS CONCORDE 3D WALL DESIGN / АТЛАС КОНКОРД 3Д ВОЛЛ ДИЗАЙН - трехмерная керамическая плитка для ванных комнат. КЕРАМОТЕКА.,На складе,$$$,https://www.keramoteka.ru/upload/uf/8b7/keramoteka-atlas-concorde-3d-wall-design.pdf,ХИТ,Керамическая плитка для стен,3D Flash White Matt,40X80 СМ,8DFW,./temp_files/img/ATLAS CONCORDE_3D WALL DESIGN_3D Flash White Matt.jpg
ATLAS CONCORDE,./temp_files/logo/ATLAS CONCORDE.png,"atlas concorde, атлас конкорд, плитка atlas concorde, керамогранит atlas concorde, плитка, керамогранит, atlas concord, плитка конкорд, плитка atlas, поставщик, атлас конкорд италия, атлас конкорд сайт","Каталог керамической плитки и керамогранита ATLAS CONCORDE / АТЛАС КОНКОРД (Италия) от прямого поставщика КЕРАМОТЕКА. Низкие цены, скидки. Оптовые и розничные продажи. Материал в наличии.",ATLAS CONCORDE / АТЛАС КОНКОРД (Италия) Керамическая плитка и керамогранит от прямого поставщика - компании КЕРАМОТЕКА,Италия,3D WALL DESIGN,"atlas concorde 3d wall design, атлас конкорд 3д волл дизайн, плитка 3d wall design, dune, blade, ribbon, diamond, wave, grid, flow, line, поставщик, скидки, цены",Каталог керамической плитки Atlas Concorde 3D Wall Design от прямого поставщика КЕРАМОТЕКА. Привлекательные цены и скидки. Опт и розница. В наличии.,ATLAS CONCORDE 3D WALL DESIGN / АТЛАС КОНКОРД 3Д ВОЛЛ ДИЗАЙН - трехмерная керамическая плитка для ванных комнат. КЕРАМОТЕКА.,На складе,$$$,https://www.keramoteka.ru/upload/uf/8b7/keramoteka-atlas-concorde-3d-wall-design.pdf,ХИТ,Керамическая плитка для стен,3D Flash Night Matt,40X80 СМ,8DFN,./temp_files/img/ATLAS CONCORDE_3D WALL DESIGN_3D Flash Night Matt.jpg
ATLAS CONCORDE,./temp_files/logo/ATLAS CONCORDE.png,"atlas concorde, атлас конкорд, плитка atlas concorde, керамогранит atlas concorde, плитка, керамогранит, atlas concord, плитка конкорд, плитка atlas, поставщик, атлас конкорд италия, атлас конкорд сайт","Каталог керамической плитки и керамогранита ATLAS CONCORDE / АТЛАС КОНКОРД (Италия) от прямого поставщика КЕРАМОТЕКА. Низкие цены, скидки. Оптовые и розничные продажи. Материал в наличии.",ATLAS CONCORDE / АТЛАС КОНКОРД (Италия) Керамическая плитка и керамогранит от прямого поставщика - компании КЕРАМОТЕКА,Италия,3D WALL DESIGN,"atlas concorde 3d wall design, атлас конкорд 3д волл дизайн, плитка 3d wall design, dune, blade, ribbon, diamond, wave, grid, flow, line, поставщик, скидки, цены",Каталог керамической плитки Atlas Concorde 3D Wall Design от прямого поставщика КЕРАМОТЕКА. Привлекательные цены и скидки. Опт и розница. В наличии.,ATLAS CONCORDE 3D WALL DESIGN / АТЛАС КОНКОРД 3Д ВОЛЛ ДИЗАЙН - трехмерная керамическая плитка для ванных комнат. КЕРАМОТЕКА.,На складе,$$$,https://www.keramoteka.ru/upload/uf/8b7/keramoteka-atlas-concorde-3d-wall-design.pdf,ХИТ,Керамическая плитка для стен,3D Stars White Matt,40X80 СМ,8DAW,./temp_files/img/ATLAS CONCORDE_3D WALL DESIGN_3D Stars White Matt.jpg
ATLAS CONCORDE,./temp_files/logo/ATLAS CONCORDE.png,"atlas concorde, атлас конкорд, плитка atlas concorde, керамогранит atlas concorde, плитка, керамогранит, atlas concord, плитка конкорд, плитка atlas, поставщик, атлас конкорд италия, атлас конкорд сайт","Каталог керамической плитки и керамогранита ATLAS CONCORDE / АТЛАС КОНКОРД (Италия) от прямого поставщика КЕРАМОТЕКА. Низкие цены, скидки. Оптовые и розничные продажи. Материал в наличии.",ATLAS CONCORDE / АТЛАС КОНКОРД (Италия) Керамическая плитка и керамогранит от прямого поставщика - компании КЕРАМОТЕКА,Италия,3D WALL DESIGN,"atlas concorde 3d wall design, атлас конкорд 3д волл дизайн, плитка 3d wall design, dune, blade, ribbon, diamond, wave, grid, flow, line, поставщик, скидки, цены",Каталог керамической плитки Atlas Concorde 3D Wall Design от прямого поставщика КЕРАМОТЕКА. Привлекательные цены и скидки. Опт и розница. В наличии.,ATLAS CONCORDE 3D WALL DESIGN / АТЛАС КОНКОРД 3Д ВОЛЛ ДИЗАЙН - трехмерная керамическая плитка для ванных комнат. КЕРАМОТЕКА.,На складе,$$$,https://www.keramoteka.ru/upload/uf/8b7/keramoteka-atlas-concorde-3d-wall-design.pdf,ХИТ,Керамическая плитка для стен,3D Wind White Matt,40X80 СМ,8DMW,./temp_files/img/ATLAS CONCORDE_3D WALL DESIGN_3D Wind White Matt.jpg
ATLAS CONCORDE,./temp_files/logo/ATLAS CONCORDE.png,"atlas concorde, атлас конкорд, плитка atlas concorde, керамогранит atlas concorde, плитка, керамогранит, atlas concord, плитка конкорд, плитка atlas, поставщик, атлас конкорд италия, атлас конкорд сайт","Каталог керамической плитки и керамогранита ATLAS CONCORDE / АТЛАС КОНКОРД (Италия) от прямого поставщика КЕРАМОТЕКА. Низкие цены, скидки. Оптовые и розничные продажи. Материал в наличии.",ATLAS CONCORDE / АТЛАС КОНКОРД (Италия) Керамическая плитка и керамогранит от прямого поставщика - компании КЕРАМОТЕКА,Италия,3D WALL DESIGN,"atlas concorde 3d wall design, атлас конкорд 3д волл дизайн, плитка 3d wall design, dune, blade, ribbon, diamond, wave, grid, flow, line, поставщик, скидки, цены",Каталог керамической плитки Atlas Concorde 3D Wall Design от прямого поставщика КЕРАМОТЕКА. Привлекательные цены и скидки. Опт и розница. В наличии.,ATLAS CONCORDE 3D WALL DESIGN / АТЛАС КОНКОРД 3Д ВОЛЛ ДИЗАЙН - трехмерная керамическая плитка для ванных комнат. КЕРАМОТЕКА.,На складе,$$$,https://www.keramoteka.ru/upload/uf/8b7/keramoteka-atlas-concorde-3d-wall-design.pdf,ХИТ,Керамическая плитка для стен,3D Wind Sand Matt,40X80 СМ,8DWS,./temp_files/img/ATLAS CONCORDE_3D WALL DESIGN_3D Wind Sand Matt.jpg
ATLAS CONCORDE,./temp_files/logo/ATLAS CONCORDE.png,"atlas concorde, атлас конкорд, плитка atlas concorde, керамогранит atlas concorde, плитка, керамогранит, atlas concord, плитка конкорд, плитка atlas, поставщик, атлас конкорд италия, атлас конкорд сайт","Каталог керамической плитки и керамогранита ATLAS CONCORDE / АТЛАС КОНКОРД (Италия) от прямого поставщика КЕРАМОТЕКА. Низкие цены, скидки. Оптовые и розничные продажи. Материал в наличии.",ATLAS CONCORDE / АТЛАС КОНКОРД (Италия) Керамическая плитка и керамогранит от прямого поставщика - компании КЕРАМОТЕКА,Италия,3D WALL DESIGN,"atlas concorde 3d wall design, атлас конкорд 3д волл дизайн, плитка 3d wall design, dune, blade, ribbon, diamond, wave, grid, flow, line, поставщик, скидки, цены",Каталог керамической плитки Atlas Concorde 3D Wall Design от прямого поставщика КЕРАМОТЕКА. Привлекательные цены и скидки. Опт и розница. В наличии.,ATLAS CONCORDE 3D WALL DESIGN / АТЛАС КОНКОРД 3Д ВОЛЛ ДИЗАЙН - трехмерная керамическая плитка для ванных комнат. КЕРАМОТЕКА.,На складе,$$$,https://www.keramoteka.ru/upload/uf/8b7/keramoteka-atlas-concorde-3d-wall-design.pdf,ХИТ,Специальные элементы,Spigolo Sand Matt,1X20 СМ,LDAM,./temp_files/img/ATLAS CONCORDE_3D WALL DESIGN_Spigolo Sand Matt.jpg
ATLAS CONCORDE,./temp_files/logo/ATLAS CONCORDE.png,"atlas concorde, атлас конкорд, плитка atlas concorde, керамогранит atlas concorde, плитка, керамогранит, atlas concord, плитка конкорд, плитка atlas, поставщик, атлас конкорд италия, атлас конкорд сайт","Каталог керамической плитки и керамогранита ATLAS CONCORDE / АТЛАС КОНКОРД (Италия) от прямого поставщика КЕРАМОТЕКА. Низкие цены, скидки. Оптовые и розничные продажи. Материал в наличии.",ATLAS CONCORDE / АТЛАС КОНКОРД (Италия) Керамическая плитка и керамогранит от прямого поставщика - компании КЕРАМОТЕКА,Италия,3D WALL DESIGN,"atlas concorde 3d wall design, атлас конкорд 3д волл дизайн, плитка 3d wall design, dune, blade, ribbon, diamond, wave, grid, flow, line, поставщик, скидки, цены",Каталог керамической плитки Atlas Concorde 3D Wall Design от прямого поставщика КЕРАМОТЕКА. Привлекательные цены и скидки. Опт и розница. В наличии.,ATLAS CONCORDE 3D WALL DESIGN / АТЛАС КОНКОРД 3Д ВОЛЛ ДИЗАЙН - трехмерная керамическая плитка для ванных комнат. КЕРАМОТЕКА.,На складе,$$$,https://www.keramoteka.ru/upload/uf/8b7/keramoteka-atlas-concorde-3d-wall-design.pdf,ХИТ,Специальные элементы,Spigolo Night Matt,1X20 СМ,LDNM,./temp_files/img/ATLAS CONCORDE_3D WALL DESIGN_Spigolo Night Matt.jpg
ATLAS CONCORDE,./temp_files/logo/ATLAS CONCORDE.png,"atlas concorde, атлас конкорд, плитка atlas concorde, керамогранит atlas concorde, плитка, керамогранит, atlas concord, плитка конкорд, плитка atlas, поставщик, атлас конкорд италия, атлас конкорд сайт","Каталог керамической плитки и керамогранита ATLAS CONCORDE / АТЛАС КОНКОРД (Италия) от прямого поставщика КЕРАМОТЕКА. Низкие цены, скидки. Оптовые и розничные продажи. Материал в наличии.",ATLAS CONCORDE / АТЛАС КОНКОРД (Италия) Керамическая плитка и керамогранит от прямого поставщика - компании КЕРАМОТЕКА,Италия,3D WALL DESIGN,"atlas concorde 3d wall design, атлас конкорд 3д волл дизайн, плитка 3d wall design, dune, blade, ribbon, diamond, wave, grid, flow, line, поставщик, скидки, цены",Каталог керамической плитки Atlas Concorde 3D Wall Design от прямого поставщика КЕРАМОТЕКА. Привлекательные цены и скидки. Опт и розница. В наличии.,ATLAS CONCORDE 3D WALL DESIGN / АТЛАС КОНКОРД 3Д ВОЛЛ ДИЗАЙН - трехмерная керамическая плитка для ванных комнат. КЕРАМОТЕКА.,На складе,$$$,https://www.keramoteka.ru/upload/uf/8b7/keramoteka-atlas-concorde-3d-wall-design.pdf,ХИТ,Специальные элементы,Spigolo White Glossy,1X20 СМ,LDWG,./temp_files/img/ATLAS CONCORDE_3D WALL DESIGN_Spigolo White Glossy.jpg
ATLAS CONCORDE,./temp_files/logo/ATLAS CONCORDE.png,"atlas concorde, атлас конкорд, плитка atlas concorde, керамогранит atlas concorde, плитка, керамогранит, atlas concord, плитка конкорд, плитка atlas, поставщик, атлас конкорд италия, атлас конкорд сайт","Каталог керамической плитки и керамогранита ATLAS CONCORDE / АТЛАС КОНКОРД (Италия) от прямого поставщика КЕРАМОТЕКА. Низкие цены, скидки. Оптовые и розничные продажи. Материал в наличии.",ATLAS CONCORDE / АТЛАС КОНКОРД (Италия) Керамическая плитка и керамогранит от прямого поставщика - компании КЕРАМОТЕКА,Италия,3D WALL DESIGN,"atlas concorde 3d wall design, атлас конкорд 3д волл дизайн, плитка 3d wall design, dune, blade, ribbon, diamond, wave, grid, flow, line, поставщик, скидки, цены",Каталог керамической плитки Atlas Concorde 3D Wall Design от прямого поставщика КЕРАМОТЕКА. Привлекательные цены и скидки. Опт и розница. В наличии.,ATLAS CONCORDE 3D WALL DESIGN / АТЛАС КОНКОРД 3Д ВОЛЛ ДИЗАЙН - трехмерная керамическая плитка для ванных комнат. КЕРАМОТЕКА.,На складе,$$$,https://www.keramoteka.ru/upload/uf/8b7/keramoteka-atlas-concorde-3d-wall-design.pdf,ХИТ,Специальные элементы,Spigolo White Matt,1X20 СМ,LDWM,./temp_files/img/ATLAS CONCORDE_3D WALL DESIGN_Spigolo White Matt.jpg
