ATLAS CONCORDE,./temp_files/logo/ATLAS CONCORDE.png,"atlas concorde, атлас конкорд, плитка atlas concorde, керамогранит atlas concorde, плитка, керамогранит, atlas concord, плитка конкорд, плитка atlas, поставщик, атлас конкорд италия, атлас конкорд сайт","Каталог керамической плитки и керамогранита ATLAS CONCORDE / АТЛАС КОНКОРД (Италия) от прямого поставщика КЕРАМОТЕКА. Низкие цены, скидки. Оптовые и розничные продажи. Материал в наличии.",ATLAS CONCORDE / АТЛАС КОНКОРД (Италия) Керамическая плитка и керамогранит от прямого поставщика - компании КЕРАМОТЕКА,Италия,TREK,"atlas concorde trek, атлас конкорд трэк, керамогранит trek, купить, поставщик, скидки, цены",Каталог керамического гранита ATLAS CONCORDE TREK от прямого поставщика КЕРАМОТЕКА. Опт и розница. Скидки. Цены.,ATLAS CONCORDE TREK / АТЛАС КОНКОРД ТРЭК - проектный керамогранит для общественных пространств. КЕРАМОТЕКА.,Под заказ,$$$$,https://www.keramoteka.ru/upload/uf/b14/keramoteka-atlas-concorde-trek.pdf,Статус NHS - ОТСУТСВУЕТ,Керамогранит,Silver Grey,45X90 СМ,ARX6,./temp_files/img/ATLAS CONCORDE_TREK_Silver Grey.jpg
ATLAS CONCORDE,./temp_files/logo/ATLAS CONCORDE.png,"atlas concorde, атлас конкорд, плитка atlas concorde, керамогранит atlas concorde, плитка, керамогранит, atlas concord, плитка конкорд, плитка atlas, поставщик, атлас конкорд италия, атлас конкорд сайт","Каталог керамической плитки и керамогранита ATLAS CONCORDE / АТЛАС КОНКОРД (Италия) от прямого поставщика КЕРАМОТЕКА. Низкие цены, скидки. Оптовые и розничные продажи. Материал в наличии.",ATLAS CONCORDE / АТЛАС КОНКОРД (Италия) Керамическая плитка и керамогранит от прямого поставщика - компании КЕРАМОТЕКА,Италия,TREK,"atlas concorde trek, атлас конкорд трэк, керамогранит trek, купить, поставщик, скидки, цены",Каталог керамического гранита ATLAS CONCORDE TREK от прямого поставщика КЕРАМОТЕКА. Опт и розница. Скидки. Цены.,ATLAS CONCORDE TREK / АТЛАС КОНКОРД ТРЭК - проектный керамогранит для общественных пространств. КЕРАМОТЕКА.,Под заказ,$$$$,https://www.keramoteka.ru/upload/uf/b14/keramoteka-atlas-concorde-trek.pdf,Статус NHS - ОТСУТСВУЕТ,Керамогранит,Jungle Green,45X90 СМ,ARZG,./temp_files/img/ATLAS CONCORDE_TREK_Jungle Green.jpg
ATLAS CONCORDE,./temp_files/logo/ATLAS CONCORDE.png,"atlas concorde, атлас конкорд, плитка atlas concorde, керамогранит atlas concorde, плитка, керамогранит, atlas concord, плитка конкорд, плитка atlas, поставщик, атлас конкорд италия, атлас конкорд сайт","Каталог керамической плитки и керамогранита ATLAS CONCORDE / АТЛАС КОНКОРД (Италия) от прямого поставщика КЕРАМОТЕКА. Низкие цены, скидки. Оптовые и розничные продажи. Материал в наличии.",ATLAS CONCORDE / АТЛАС КОНКОРД (Италия) Керамическая плитка и керамогранит от прямого поставщика - компании КЕРАМОТЕКА,Италия,TREK,"atlas concorde trek, атлас конкорд трэк, керамогранит trek, купить, поставщик, скидки, цены",Каталог керамического гранита ATLAS CONCORDE TREK от прямого поставщика КЕРАМОТЕКА. Опт и розница. Скидки. Цены.,ATLAS CONCORDE TREK / АТЛАС КОНКОРД ТРЭК - проектный керамогранит для общественных пространств. КЕРАМОТЕКА.,Под заказ,$$$$,https://www.keramoteka.ru/upload/uf/b14/keramoteka-atlas-concorde-trek.pdf,Статус NHS - ОТСУТСВУЕТ,Керамогранит,Forest Brown,45X90 СМ,ARZH,./temp_files/img/ATLAS CONCORDE_TREK_Forest Brown.jpg
ATLAS CONCORDE,./temp_files/logo/ATLAS CONCORDE.png,"atlas concorde, атлас конкорд, плитка atlas concorde, керамогранит atlas concorde, плитка, керамогранит, atlas concord, плитка конкорд, плитка atlas, поставщик, атлас конкорд италия, атлас конкорд сайт","Каталог керамической плитки и керамогранита ATLAS CONCORDE / АТЛАС КОНКОРД (Италия) от прямого поставщика КЕРАМОТЕКА. Низкие цены, скидки. Оптовые и розничные продажи. Материал в наличии.",ATLAS CONCORDE / АТЛАС КОНКОРД (Италия) Керамическая плитка и керамогранит от прямого поставщика - компании КЕРАМОТЕКА,Италия,TREK,"atlas concorde trek, атлас конкорд трэк, керамогранит trek, купить, поставщик, скидки, цены",Каталог керамического гранита ATLAS CONCORDE TREK от прямого поставщика КЕРАМОТЕКА. Опт и розница. Скидки. Цены.,ATLAS CONCORDE TREK / АТЛАС КОНКОРД ТРЭК - проектный керамогранит для общественных пространств. КЕРАМОТЕКА.,Под заказ,$$$$,https://www.keramoteka.ru/upload/uf/b14/keramoteka-atlas-concorde-trek.pdf,Статус NHS - ОТСУТСВУЕТ,Керамогранит,Artic White,45X90 СМ,ARX4,./temp_files/img/ATLAS CONCORDE_TREK_Artic White.jpg
ATLAS CONCORDE,./temp_files/logo/ATLAS CONCORDE.png,"atlas concorde, атлас конкорд, плитка atlas concorde, керамогранит atlas concorde, плитка, керамогранит, atlas concord, плитка конкорд, плитка atlas, поставщик, атлас конкорд италия, атлас конкорд сайт","Каталог керамической плитки и керамогранита ATLAS CONCORDE / АТЛАС КОНКОРД (Италия) от прямого поставщика КЕРАМОТЕКА. Низкие цены, скидки. Оптовые и розничные продажи. Материал в наличии.",ATLAS CONCORDE / АТЛАС КОНКОРД (Италия) Керамическая плитка и керамогранит от прямого поставщика - компании КЕРАМОТЕКА,Италия,TREK,"atlas concorde trek, атлас конкорд трэк, керамогранит trek, купить, поставщик, скидки, цены",Каталог керамического гранита ATLAS CONCORDE TREK от прямого поставщика КЕРАМОТЕКА. Опт и розница. Скидки. Цены.,ATLAS CONCORDE TREK / АТЛАС КОНКОРД ТРЭК - проектный керамогранит для общественных пространств. КЕРАМОТЕКА.,Под заказ,$$$$,https://www.keramoteka.ru/upload/uf/b14/keramoteka-atlas-concorde-trek.pdf,Статус NHS - ОТСУТСВУЕТ,Керамогранит,Dune Beige,45X90 СМ,ARX5,./temp_files/img/ATLAS CONCORDE_TREK_Dune Beige.jpg
ATLAS CONCORDE,./temp_files/logo/ATLAS CONCORDE.png,"atlas concorde, атлас конкорд, плитка atlas concorde, керамогранит atlas concorde, плитка, керамогранит, atlas concord, плитка конкорд, плитка atlas, поставщик, атлас конкорд италия, атлас конкорд сайт","Каталог керамической плитки и керамогранита ATLAS CONCORDE / АТЛАС КОНКОРД (Италия) от прямого поставщика КЕРАМОТЕКА. Низкие цены, скидки. Оптовые и розничные продажи. Материал в наличии.",ATLAS CONCORDE / АТЛАС КОНКОРД (Италия) Керамическая плитка и керамогранит от прямого поставщика - компании КЕРАМОТЕКА,Италия,TREK,"atlas concorde trek, атлас конкорд трэк, керамогранит trek, купить, поставщик, скидки, цены",Каталог керамического гранита ATLAS CONCORDE TREK от прямого поставщика КЕРАМОТЕКА. Опт и розница. Скидки. Цены.,ATLAS CONCORDE TREK / АТЛАС КОНКОРД ТРЭК - проектный керамогранит для общественных пространств. КЕРАМОТЕКА.,Под заказ,$$$$,https://www.keramoteka.ru/upload/uf/b14/keramoteka-atlas-concorde-trek.pdf,Статус NHS - ОТСУТСВУЕТ,Керамогранит,Ocean Black,45X90 СМ,ARZI,./temp_files/img/ATLAS CONCORDE_TREK_Ocean Black.jpg
ATLAS CONCORDE,./temp_files/logo/ATLAS CONCORDE.png,"atlas concorde, атлас конкорд, плитка atlas concorde, керамогранит atlas concorde, плитка, керамогранит, atlas concord, плитка конкорд, плитка atlas, поставщик, атлас конкорд италия, атлас конкорд сайт","Каталог керамической плитки и керамогранита ATLAS CONCORDE / АТЛАС КОНКОРД (Италия) от прямого поставщика КЕРАМОТЕКА. Низкие цены, скидки. Оптовые и розничные продажи. Материал в наличии.",ATLAS CONCORDE / АТЛАС КОНКОРД (Италия) Керамическая плитка и керамогранит от прямого поставщика - компании КЕРАМОТЕКА,Италия,TREK,"atlas concorde trek, атлас конкорд трэк, керамогранит trek, купить, поставщик, скидки, цены",Каталог керамического гранита ATLAS CONCORDE TREK от прямого поставщика КЕРАМОТЕКА. Опт и розница. Скидки. Цены.,ATLAS CONCORDE TREK / АТЛАС КОНКОРД ТРЭК - проектный керамогранит для общественных пространств. КЕРАМОТЕКА.,Под заказ,$$$$,https://www.keramoteka.ru/upload/uf/b14/keramoteka-atlas-concorde-trek.pdf,Статус NHS - ОТСУТСВУЕТ,Керамогранит,Silver Grey,"22,5X90 СМ",ARZ7,./temp_files/img/ATLAS CONCORDE_TREK_Silver Grey.jpg
ATLAS CONCORDE,./temp_files/logo/ATLAS CONCORDE.png,"atlas concorde, атлас конкорд, плитка atlas concorde, керамогранит atlas concorde, плитка, керамогранит, atlas concord, плитка конкорд, плитка atlas, поставщик, атлас конкорд италия, атлас конкорд сайт","Каталог керамической плитки и керамогранита ATLAS CONCORDE / АТЛАС КОНКОРД (Италия) от прямого поставщика КЕРАМОТЕКА. Низкие цены, скидки. Оптовые и розничные продажи. Материал в наличии.",ATLAS CONCORDE / АТЛАС КОНКОРД (Италия) Керамическая плитка и керамогранит от прямого поставщика - компании КЕРАМОТЕКА,Италия,TREK,"atlas concorde trek, атлас конкорд трэк, керамогранит trek, купить, поставщик, скидки, цены",Каталог керамического гранита ATLAS CONCORDE TREK от прямого поставщика КЕРАМОТЕКА. Опт и розница. Скидки. Цены.,ATLAS CONCORDE TREK / АТЛАС КОНКОРД ТРЭК - проектный керамогранит для общественных пространств. КЕРАМОТЕКА.,Под заказ,$$$$,https://www.keramoteka.ru/upload/uf/b14/keramoteka-atlas-concorde-trek.pdf,Статус NHS - ОТСУТСВУЕТ,Керамогранит,Jungle Green,"22,5X90 СМ",ARZ8,./temp_files/img/ATLAS CONCORDE_TREK_Jungle Green.jpg
ATLAS CONCORDE,./temp_files/logo/ATLAS CONCORDE.png,"atlas concorde, атлас конкорд, плитка atlas concorde, керамогранит atlas concorde, плитка, керамогранит, atlas concord, плитка конкорд, плитка atlas, поставщик, атлас конкорд италия, атлас конкорд сайт","Каталог керамической плитки и керамогранита ATLAS CONCORDE / АТЛАС КОНКОРД (Италия) от прямого поставщика КЕРАМОТЕКА. Низкие цены, скидки. Оптовые и розничные продажи. Материал в наличии.",ATLAS CONCORDE / АТЛАС КОНКОРД (Италия) Керамическая плитка и керамогранит от прямого поставщика - компании КЕРАМОТЕКА,Италия,TREK,"atlas concorde trek, атлас конкорд трэк, керамогранит trek, купить, поставщик, скидки, цены",Каталог керамического гранита ATLAS CONCORDE TREK от прямого поставщика КЕРАМОТЕКА. Опт и розница. Скидки. Цены.,ATLAS CONCORDE TREK / АТЛАС КОНКОРД ТРЭК - проектный керамогранит для общественных пространств. КЕРАМОТЕКА.,Под заказ,$$$$,https://www.keramoteka.ru/upload/uf/b14/keramoteka-atlas-concorde-trek.pdf,Статус NHS - ОТСУТСВУЕТ,Керамогранит,Forest Brown,"22,5X90 СМ",ARZ9,./temp_files/img/ATLAS CONCORDE_TREK_Forest Brown.jpg
ATLAS CONCORDE,./temp_files/logo/ATLAS CONCORDE.png,"atlas concorde, атлас конкорд, плитка atlas concorde, керамогранит atlas concorde, плитка, керамогранит, atlas concord, плитка конкорд, плитка atlas, поставщик, атлас конкорд италия, атлас конкорд сайт","Каталог керамической плитки и керамогранита ATLAS CONCORDE / АТЛАС КОНКОРД (Италия) от прямого поставщика КЕРАМОТЕКА. Низкие цены, скидки. Оптовые и розничные продажи. Материал в наличии.",ATLAS CONCORDE / АТЛАС КОНКОРД (Италия) Керамическая плитка и керамогранит от прямого поставщика - компании КЕРАМОТЕКА,Италия,TREK,"atlas concorde trek, атлас конкорд трэк, керамогранит trek, купить, поставщик, скидки, цены",Каталог керамического гранита ATLAS CONCORDE TREK от прямого поставщика КЕРАМОТЕКА. Опт и розница. Скидки. Цены.,ATLAS CONCORDE TREK / АТЛАС КОНКОРД ТРЭК - проектный керамогранит для общественных пространств. КЕРАМОТЕКА.,Под заказ,$$$$,https://www.keramoteka.ru/upload/uf/b14/keramoteka-atlas-concorde-trek.pdf,Статус NHS - ОТСУТСВУЕТ,Керамогранит,Artic White,"22,5X90 СМ",ARZ5,./temp_files/img/ATLAS CONCORDE_TREK_Artic White.jpg
ATLAS CONCORDE,./temp_files/logo/ATLAS CONCORDE.png,"atlas concorde, атлас конкорд, плитка atlas concorde, керамогранит atlas concorde, плитка, керамогранит, atlas concord, плитка конкорд, плитка atlas, поставщик, атлас конкорд италия, атлас конкорд сайт","Каталог керамической плитки и керамогранита ATLAS CONCORDE / АТЛАС КОНКОРД (Италия) от прямого поставщика КЕРАМОТЕКА. Низкие цены, скидки. Оптовые и розничные продажи. Материал в наличии.",ATLAS CONCORDE / АТЛАС КОНКОРД (Италия) Керамическая плитка и керамогранит от прямого поставщика - компании КЕРАМОТЕКА,Италия,TREK,"atlas concorde trek, атлас конкорд трэк, керамогранит trek, купить, поставщик, скидки, цены",Каталог керамического гранита ATLAS CONCORDE TREK от прямого поставщика КЕРАМОТЕКА. Опт и розница. Скидки. Цены.,ATLAS CONCORDE TREK / АТЛАС КОНКОРД ТРЭК - проектный керамогранит для общественных пространств. КЕРАМОТЕКА.,Под заказ,$$$$,https://www.keramoteka.ru/upload/uf/b14/keramoteka-atlas-concorde-trek.pdf,Статус NHS - ОТСУТСВУЕТ,Керамогранит,Dune Beige,"22,5X90 СМ",ARZ6,./temp_files/img/ATLAS CONCORDE_TREK_Dune Beige.jpg
ATLAS CONCORDE,./temp_files/logo/ATLAS CONCORDE.png,"atlas concorde, атлас конкорд, плитка atlas concorde, керамогранит atlas concorde, плитка, керамогранит, atlas concord, плитка конкорд, плитка atlas, поставщик, атлас конкорд италия, атлас конкорд сайт","Каталог керамической плитки и керамогранита ATLAS CONCORDE / АТЛАС КОНКОРД (Италия) от прямого поставщика КЕРАМОТЕКА. Низкие цены, скидки. Оптовые и розничные продажи. Материал в наличии.",ATLAS CONCORDE / АТЛАС КОНКОРД (Италия) Керамическая плитка и керамогранит от прямого поставщика - компании КЕРАМОТЕКА,Италия,TREK,"atlas concorde trek, атлас конкорд трэк, керамогранит trek, купить, поставщик, скидки, цены",Каталог керамического гранита ATLAS CONCORDE TREK от прямого поставщика КЕРАМОТЕКА. Опт и розница. Скидки. Цены.,ATLAS CONCORDE TREK / АТЛАС КОНКОРД ТРЭК - проектный керамогранит для общественных пространств. КЕРАМОТЕКА.,Под заказ,$$$$,https://www.keramoteka.ru/upload/uf/b14/keramoteka-atlas-concorde-trek.pdf,Статус NHS - ОТСУТСВУЕТ,Керамогранит,Ocean Black,"22,5X90 СМ",AR0A,./temp_files/img/ATLAS CONCORDE_TREK_Ocean Black.jpg
ATLAS CONCORDE,./temp_files/logo/ATLAS CONCORDE.png,"atlas concorde, атлас конкорд, плитка atlas concorde, керамогранит atlas concorde, плитка, керамогранит, atlas concord, плитка конкорд, плитка atlas, поставщик, атлас конкорд италия, атлас конкорд сайт","Каталог керамической плитки и керамогранита ATLAS CONCORDE / АТЛАС КОНКОРД (Италия) от прямого поставщика КЕРАМОТЕКА. Низкие цены, скидки. Оптовые и розничные продажи. Материал в наличии.",ATLAS CONCORDE / АТЛАС КОНКОРД (Италия) Керамическая плитка и керамогранит от прямого поставщика - компании КЕРАМОТЕКА,Италия,TREK,"atlas concorde trek, атлас конкорд трэк, керамогранит trek, купить, поставщик, скидки, цены",Каталог керамического гранита ATLAS CONCORDE TREK от прямого поставщика КЕРАМОТЕКА. Опт и розница. Скидки. Цены.,ATLAS CONCORDE TREK / АТЛАС КОНКОРД ТРЭК - проектный керамогранит для общественных пространств. КЕРАМОТЕКА.,Под заказ,$$$$,https://www.keramoteka.ru/upload/uf/b14/keramoteka-atlas-concorde-trek.pdf,Статус NHS - ОТСУТСВУЕТ,Керамогранит,Silver Grey,60X60 СМ,ARZK,./temp_files/img/ATLAS CONCORDE_TREK_Silver Grey.jpg
ATLAS CONCORDE,./temp_files/logo/ATLAS CONCORDE.png,"atlas concorde, атлас конкорд, плитка atlas concorde, керамогранит atlas concorde, плитка, керамогранит, atlas concord, плитка конкорд, плитка atlas, поставщик, атлас конкорд италия, атлас конкорд сайт","Каталог керамической плитки и керамогранита ATLAS CONCORDE / АТЛАС КОНКОРД (Италия) от прямого поставщика КЕРАМОТЕКА. Низкие цены, скидки. Оптовые и розничные продажи. Материал в наличии.",ATLAS CONCORDE / АТЛАС КОНКОРД (Италия) Керамическая плитка и керамогранит от прямого поставщика - компании КЕРАМОТЕКА,Италия,TREK,"atlas concorde trek, атлас конкорд трэк, керамогранит trek, купить, поставщик, скидки, цены",Каталог керамического гранита ATLAS CONCORDE TREK от прямого поставщика КЕРАМОТЕКА. Опт и розница. Скидки. Цены.,ATLAS CONCORDE TREK / АТЛАС КОНКОРД ТРЭК - проектный керамогранит для общественных пространств. КЕРАМОТЕКА.,Под заказ,$$$$,https://www.keramoteka.ru/upload/uf/b14/keramoteka-atlas-concorde-trek.pdf,Статус NHS - ОТСУТСВУЕТ,Керамогранит,Jungle Green,60X60 СМ,ARM0,./temp_files/img/ATLAS CONCORDE_TREK_Jungle Green.jpg
ATLAS CONCORDE,./temp_files/logo/ATLAS CONCORDE.png,"atlas concorde, атлас конкорд, плитка atlas concorde, керамогранит atlas concorde, плитка, керамогранит, atlas concord, плитка конкорд, плитка atlas, поставщик, атлас конкорд италия, атлас конкорд сайт","Каталог керамической плитки и керамогранита ATLAS CONCORDE / АТЛАС КОНКОРД (Италия) от прямого поставщика КЕРАМОТЕКА. Низкие цены, скидки. Оптовые и розничные продажи. Материал в наличии.",ATLAS CONCORDE / АТЛАС КОНКОРД (Италия) Керамическая плитка и керамогранит от прямого поставщика - компании КЕРАМОТЕКА,Италия,TREK,"atlas concorde trek, атлас конкорд трэк, керамогранит trek, купить, поставщик, скидки, цены",Каталог керамического гранита ATLAS CONCORDE TREK от прямого поставщика КЕРАМОТЕКА. Опт и розница. Скидки. Цены.,ATLAS CONCORDE TREK / АТЛАС КОНКОРД ТРЭК - проектный керамогранит для общественных пространств. КЕРАМОТЕКА.,Под заказ,$$$$,https://www.keramoteka.ru/upload/uf/b14/keramoteka-atlas-concorde-trek.pdf,Статус NHS - ОТСУТСВУЕТ,Керамогранит,Forest Brown,60X60 СМ,ARMX,./temp_files/img/ATLAS CONCORDE_TREK_Forest Brown.jpg
ATLAS CONCORDE,./temp_files/logo/ATLAS CONCORDE.png,"atlas concorde, атлас конкорд, плитка atlas concorde, керамогранит atlas concorde, плитка, керамогранит, atlas concord, плитка конкорд, плитка atlas, поставщик, атлас конкорд италия, атлас конкорд сайт","Каталог керамической плитки и керамогранита ATLAS CONCORDE / АТЛАС КОНКОРД (Италия) от прямого поставщика КЕРАМОТЕКА. Низкие цены, скидки. Оптовые и розничные продажи. Материал в наличии.",ATLAS CONCORDE / АТЛАС КОНКОРД (Италия) Керамическая плитка и керамогранит от прямого поставщика - компании КЕРАМОТЕКА,Италия,TREK,"atlas concorde trek, атлас конкорд трэк, керамогранит trek, купить, поставщик, скидки, цены",Каталог керамического гранита ATLAS CONCORDE TREK от прямого поставщика КЕРАМОТЕКА. Опт и розница. Скидки. Цены.,ATLAS CONCORDE TREK / АТЛАС КОНКОРД ТРЭК - проектный керамогранит для общественных пространств. КЕРАМОТЕКА.,Под заказ,$$$$,https://www.keramoteka.ru/upload/uf/b14/keramoteka-atlas-concorde-trek.pdf,Статус NHS - ОТСУТСВУЕТ,Керамогранит,Artic White,60X60 СМ,ARV1,./temp_files/img/ATLAS CONCORDE_TREK_Artic White.jpg
ATLAS CONCORDE,./temp_files/logo/ATLAS CONCORDE.png,"atlas concorde, атлас конкорд, плитка atlas concorde, керамогранит atlas concorde, плитка, керамогранит, atlas concord, плитка конкорд, плитка atlas, поставщик, атлас конкорд италия, атлас конкорд сайт","Каталог керамической плитки и керамогранита ATLAS CONCORDE / АТЛАС КОНКОРД (Италия) от прямого поставщика КЕРАМОТЕКА. Низкие цены, скидки. Оптовые и розничные продажи. Материал в наличии.",ATLAS CONCORDE / АТЛАС КОНКОРД (Италия) Керамическая плитка и керамогранит от прямого поставщика - компании КЕРАМОТЕКА,Италия,TREK,"atlas concorde trek, атлас конкорд трэк, керамогранит trek, купить, поставщик, скидки, цены",Каталог керамического гранита ATLAS CONCORDE TREK от прямого поставщика КЕРАМОТЕКА. Опт и розница. Скидки. Цены.,ATLAS CONCORDE TREK / АТЛАС КОНКОРД ТРЭК - проектный керамогранит для общественных пространств. КЕРАМОТЕКА.,Под заказ,$$$$,https://www.keramoteka.ru/upload/uf/b14/keramoteka-atlas-concorde-trek.pdf,Статус NHS - ОТСУТСВУЕТ,Керамогранит,Dune Beige,60X60 СМ,ARZJ,./temp_files/img/ATLAS CONCORDE_TREK_Dune Beige.jpg
ATLAS CONCORDE,./temp_files/logo/ATLAS CONCORDE.png,"atlas concorde, атлас конкорд, плитка atlas concorde, керамогранит atlas concorde, плитка, керамогранит, atlas concord, плитка конкорд, плитка atlas, поставщик, атлас конкорд италия, атлас конкорд сайт","Каталог керамической плитки и керамогранита ATLAS CONCORDE / АТЛАС КОНКОРД (Италия) от прямого поставщика КЕРАМОТЕКА. Низкие цены, скидки. Оптовые и розничные продажи. Материал в наличии.",ATLAS CONCORDE / АТЛАС КОНКОРД (Италия) Керамическая плитка и керамогранит от прямого поставщика - компании КЕРАМОТЕКА,Италия,TREK,"atlas concorde trek, атлас конкорд трэк, керамогранит trek, купить, поставщик, скидки, цены",Каталог керамического гранита ATLAS CONCORDE TREK от прямого поставщика КЕРАМОТЕКА. Опт и розница. Скидки. Цены.,ATLAS CONCORDE TREK / АТЛАС КОНКОРД ТРЭК - проектный керамогранит для общественных пространств. КЕРАМОТЕКА.,Под заказ,$$$$,https://www.keramoteka.ru/upload/uf/b14/keramoteka-atlas-concorde-trek.pdf,Статус NHS - ОТСУТСВУЕТ,Керамогранит,Ocean Black,60X60 СМ,ARMU,./temp_files/img/ATLAS CONCORDE_TREK_Ocean Black.jpg
ATLAS CONCORDE,./temp_files/logo/ATLAS CONCORDE.png,"atlas concorde, атлас конкорд, плитка atlas concorde, керамогранит atlas concorde, плитка, керамогранит, atlas concord, плитка конкорд, плитка atlas, поставщик, атлас конкорд италия, атлас конкорд сайт","Каталог керамической плитки и керамогранита ATLAS CONCORDE / АТЛАС КОНКОРД (Италия) от прямого поставщика КЕРАМОТЕКА. Низкие цены, скидки. Оптовые и розничные продажи. Материал в наличии.",ATLAS CONCORDE / АТЛАС КОНКОРД (Италия) Керамическая плитка и керамогранит от прямого поставщика - компании КЕРАМОТЕКА,Италия,TREK,"atlas concorde trek, атлас конкорд трэк, керамогранит trek, купить, поставщик, скидки, цены",Каталог керамического гранита ATLAS CONCORDE TREK от прямого поставщика КЕРАМОТЕКА. Опт и розница. Скидки. Цены.,ATLAS CONCORDE TREK / АТЛАС КОНКОРД ТРЭК - проектный керамогранит для общественных пространств. КЕРАМОТЕКА.,Под заказ,$$$$,https://www.keramoteka.ru/upload/uf/b14/keramoteka-atlas-concorde-trek.pdf,Статус NHS - ОТСУТСВУЕТ,Керамогранит,Silver Grey Grip,60X60 СМ,ARZV,Наименование фото с русскими буквами - Silver Grey Grip
ATLAS CONCORDE,./temp_files/logo/ATLAS CONCORDE.png,"atlas concorde, атлас конкорд, плитка atlas concorde, керамогранит atlas concorde, плитка, керамогранит, atlas concord, плитка конкорд, плитка atlas, поставщик, атлас конкорд италия, атлас конкорд сайт","Каталог керамической плитки и керамогранита ATLAS CONCORDE / АТЛАС КОНКОРД (Италия) от прямого поставщика КЕРАМОТЕКА. Низкие цены, скидки. Оптовые и розничные продажи. Материал в наличии.",ATLAS CONCORDE / АТЛАС КОНКОРД (Италия) Керамическая плитка и керамогранит от прямого поставщика - компании КЕРАМОТЕКА,Италия,TREK,"atlas concorde trek, атлас конкорд трэк, керамогранит trek, купить, поставщик, скидки, цены",Каталог керамического гранита ATLAS CONCORDE TREK от прямого поставщика КЕРАМОТЕКА. Опт и розница. Скидки. Цены.,ATLAS CONCORDE TREK / АТЛАС КОНКОРД ТРЭК - проектный керамогранит для общественных пространств. КЕРАМОТЕКА.,Под заказ,$$$$,https://www.keramoteka.ru/upload/uf/b14/keramoteka-atlas-concorde-trek.pdf,Статус NHS - ОТСУТСВУЕТ,Керамогранит,Jungle Green Grip,60X60 СМ,ARZW,Наименование фото с русскими буквами - Jungle Green Grip
ATLAS CONCORDE,./temp_files/logo/ATLAS CONCORDE.png,"atlas concorde, атлас конкорд, плитка atlas concorde, керамогранит atlas concorde, плитка, керамогранит, atlas concord, плитка конкорд, плитка atlas, поставщик, атлас конкорд италия, атлас конкорд сайт","Каталог керамической плитки и керамогранита ATLAS CONCORDE / АТЛАС КОНКОРД (Италия) от прямого поставщика КЕРАМОТЕКА. Низкие цены, скидки. Оптовые и розничные продажи. Материал в наличии.",ATLAS CONCORDE / АТЛАС КОНКОРД (Италия) Керамическая плитка и керамогранит от прямого поставщика - компании КЕРАМОТЕКА,Италия,TREK,"atlas concorde trek, атлас конкорд трэк, керамогранит trek, купить, поставщик, скидки, цены",Каталог керамического гранита ATLAS CONCORDE TREK от прямого поставщика КЕРАМОТЕКА. Опт и розница. Скидки. Цены.,ATLAS CONCORDE TREK / АТЛАС КОНКОРД ТРЭК - проектный керамогранит для общественных пространств. КЕРАМОТЕКА.,Под заказ,$$$$,https://www.keramoteka.ru/upload/uf/b14/keramoteka-atlas-concorde-trek.pdf,Статус NHS - ОТСУТСВУЕТ,Керамогранит,Forest Brown Grip,60X60 СМ,ARZX,Наименование фото с русскими буквами - Forest Brown Grip
ATLAS CONCORDE,./temp_files/logo/ATLAS CONCORDE.png,"atlas concorde, атлас конкорд, плитка atlas concorde, керамогранит atlas concorde, плитка, керамогранит, atlas concord, плитка конкорд, плитка atlas, поставщик, атлас конкорд италия, атлас конкорд сайт","Каталог керамической плитки и керамогранита ATLAS CONCORDE / АТЛАС КОНКОРД (Италия) от прямого поставщика КЕРАМОТЕКА. Низкие цены, скидки. Оптовые и розничные продажи. Материал в наличии.",ATLAS CONCORDE / АТЛАС КОНКОРД (Италия) Керамическая плитка и керамогранит от прямого поставщика - компании КЕРАМОТЕКА,Италия,TREK,"atlas concorde trek, атлас конкорд трэк, керамогранит trek, купить, поставщик, скидки, цены",Каталог керамического гранита ATLAS CONCORDE TREK от прямого поставщика КЕРАМОТЕКА. Опт и розница. Скидки. Цены.,ATLAS CONCORDE TREK / АТЛАС КОНКОРД ТРЭК - проектный керамогранит для общественных пространств. КЕРАМОТЕКА.,Под заказ,$$$$,https://www.keramoteka.ru/upload/uf/b14/keramoteka-atlas-concorde-trek.pdf,Статус NHS - ОТСУТСВУЕТ,Керамогранит,Artic White Grip,60X60 СМ,ARZT,Наименование фото с русскими буквами - Artic White Grip
ATLAS CONCORDE,./temp_files/logo/ATLAS CONCORDE.png,"atlas concorde, атлас конкорд, плитка atlas concorde, керамогранит atlas concorde, плитка, керамогранит, atlas concord, плитка конкорд, плитка atlas, поставщик, атлас конкорд италия, атлас конкорд сайт","Каталог керамической плитки и керамогранита ATLAS CONCORDE / АТЛАС КОНКОРД (Италия) от прямого поставщика КЕРАМОТЕКА. Низкие цены, скидки. Оптовые и розничные продажи. Материал в наличии.",ATLAS CONCORDE / АТЛАС КОНКОРД (Италия) Керамическая плитка и керамогранит от прямого поставщика - компании КЕРАМОТЕКА,Италия,TREK,"atlas concorde trek, атлас конкорд трэк, керамогранит trek, купить, поставщик, скидки, цены",Каталог керамического гранита ATLAS CONCORDE TREK от прямого поставщика КЕРАМОТЕКА. Опт и розница. Скидки. Цены.,ATLAS CONCORDE TREK / АТЛАС КОНКОРД ТРЭК - проектный керамогранит для общественных пространств. КЕРАМОТЕКА.,Под заказ,$$$$,https://www.keramoteka.ru/upload/uf/b14/keramoteka-atlas-concorde-trek.pdf,Статус NHS - ОТСУТСВУЕТ,Керамогранит,Dune Beige Grip,60X60 СМ,ARZU,Наименование фото с русскими буквами - Dune Beige Grip
ATLAS CONCORDE,./temp_files/logo/ATLAS CONCORDE.png,"atlas concorde, атлас конкорд, плитка atlas concorde, керамогранит atlas concorde, плитка, керамогранит, atlas concord, плитка конкорд, плитка atlas, поставщик, атлас конкорд италия, атлас конкорд сайт","Каталог керамической плитки и керамогранита ATLAS CONCORDE / АТЛАС КОНКОРД (Италия) от прямого поставщика КЕРАМОТЕКА. Низкие цены, скидки. Оптовые и розничные продажи. Материал в наличии.",ATLAS CONCORDE / АТЛАС КОНКОРД (Италия) Керамическая плитка и керамогранит от прямого поставщика - компании КЕРАМОТЕКА,Италия,TREK,"atlas concorde trek, атлас конкорд трэк, керамогранит trek, купить, поставщик, скидки, цены",Каталог керамического гранита ATLAS CONCORDE TREK от прямого поставщика КЕРАМОТЕКА. Опт и розница. Скидки. Цены.,ATLAS CONCORDE TREK / АТЛАС КОНКОРД ТРЭК - проектный керамогранит для общественных пространств. КЕРАМОТЕКА.,Под заказ,$$$$,https://www.keramoteka.ru/upload/uf/b14/keramoteka-atlas-concorde-trek.pdf,Статус NHS - ОТСУТСВУЕТ,Керамогранит,Ocean Black Grip,60X60 СМ,ARZY,Наименование фото с русскими буквами - Ocean Black Grip
ATLAS CONCORDE,./temp_files/logo/ATLAS CONCORDE.png,"atlas concorde, атлас конкорд, плитка atlas concorde, керамогранит atlas concorde, плитка, керамогранит, atlas concord, плитка конкорд, плитка atlas, поставщик, атлас конкорд италия, атлас конкорд сайт","Каталог керамической плитки и керамогранита ATLAS CONCORDE / АТЛАС КОНКОРД (Италия) от прямого поставщика КЕРАМОТЕКА. Низкие цены, скидки. Оптовые и розничные продажи. Материал в наличии.",ATLAS CONCORDE / АТЛАС КОНКОРД (Италия) Керамическая плитка и керамогранит от прямого поставщика - компании КЕРАМОТЕКА,Италия,TREK,"atlas concorde trek, атлас конкорд трэк, керамогранит trek, купить, поставщик, скидки, цены",Каталог керамического гранита ATLAS CONCORDE TREK от прямого поставщика КЕРАМОТЕКА. Опт и розница. Скидки. Цены.,ATLAS CONCORDE TREK / АТЛАС КОНКОРД ТРЭК - проектный керамогранит для общественных пространств. КЕРАМОТЕКА.,Под заказ,$$$$,https://www.keramoteka.ru/upload/uf/b14/keramoteka-atlas-concorde-trek.pdf,Статус NHS - ОТСУТСВУЕТ,Керамогранит,Silver Grey,30X60 СМ,ARZM,./temp_files/img/ATLAS CONCORDE_TREK_Silver Grey.jpg
ATLAS CONCORDE,./temp_files/logo/ATLAS CONCORDE.png,"atlas concorde, атлас конкорд, плитка atlas concorde, керамогранит atlas concorde, плитка, керамогранит, atlas concord, плитка конкорд, плитка atlas, поставщик, атлас конкорд италия, атлас конкорд сайт","Каталог керамической плитки и керамогранита ATLAS CONCORDE / АТЛАС КОНКОРД (Италия) от прямого поставщика КЕРАМОТЕКА. Низкие цены, скидки. Оптовые и розничные продажи. Материал в наличии.",ATLAS CONCORDE / АТЛАС КОНКОРД (Италия) Керамическая плитка и керамогранит от прямого поставщика - компании КЕРАМОТЕКА,Италия,TREK,"atlas concorde trek, атлас конкорд трэк, керамогранит trek, купить, поставщик, скидки, цены",Каталог керамического гранита ATLAS CONCORDE TREK от прямого поставщика КЕРАМОТЕКА. Опт и розница. Скидки. Цены.,ATLAS CONCORDE TREK / АТЛАС КОНКОРД ТРЭК - проектный керамогранит для общественных пространств. КЕРАМОТЕКА.,Под заказ,$$$$,https://www.keramoteka.ru/upload/uf/b14/keramoteka-atlas-concorde-trek.pdf,Статус NHS - ОТСУТСВУЕТ,Керамогранит,Jungle Green,30X60 СМ,ARM1,./temp_files/img/ATLAS CONCORDE_TREK_Jungle Green.jpg
ATLAS CONCORDE,./temp_files/logo/ATLAS CONCORDE.png,"atlas concorde, атлас конкорд, плитка atlas concorde, керамогранит atlas concorde, плитка, керамогранит, atlas concord, плитка конкорд, плитка atlas, поставщик, атлас конкорд италия, атлас конкорд сайт","Каталог керамической плитки и керамогранита ATLAS CONCORDE / АТЛАС КОНКОРД (Италия) от прямого поставщика КЕРАМОТЕКА. Низкие цены, скидки. Оптовые и розничные продажи. Материал в наличии.",ATLAS CONCORDE / АТЛАС КОНКОРД (Италия) Керамическая плитка и керамогранит от прямого поставщика - компании КЕРАМОТЕКА,Италия,TREK,"atlas concorde trek, атлас конкорд трэк, керамогранит trek, купить, поставщик, скидки, цены",Каталог керамического гранита ATLAS CONCORDE TREK от прямого поставщика КЕРАМОТЕКА. Опт и розница. Скидки. Цены.,ATLAS CONCORDE TREK / АТЛАС КОНКОРД ТРЭК - проектный керамогранит для общественных пространств. КЕРАМОТЕКА.,Под заказ,$$$$,https://www.keramoteka.ru/upload/uf/b14/keramoteka-atlas-concorde-trek.pdf,Статус NHS - ОТСУТСВУЕТ,Керамогранит,Forest Brown,30X60 СМ,ARMV,./temp_files/img/ATLAS CONCORDE_TREK_Forest Brown.jpg
ATLAS CONCORDE,./temp_files/logo/ATLAS CONCORDE.png,"atlas concorde, атлас конкорд, плитка atlas concorde, керамогранит atlas concorde, плитка, керамогранит, atlas concord, плитка конкорд, плитка atlas, поставщик, атлас конкорд италия, атлас конкорд сайт","Каталог керамической плитки и керамогранита ATLAS CONCORDE / АТЛАС КОНКОРД (Италия) от прямого поставщика КЕРАМОТЕКА. Низкие цены, скидки. Оптовые и розничные продажи. Материал в наличии.",ATLAS CONCORDE / АТЛАС КОНКОРД (Италия) Керамическая плитка и керамогранит от прямого поставщика - компании КЕРАМОТЕКА,Италия,TREK,"atlas concorde trek, атлас конкорд трэк, керамогранит trek, купить, поставщик, скидки, цены",Каталог керамического гранита ATLAS CONCORDE TREK от прямого поставщика КЕРАМОТЕКА. Опт и розница. Скидки. Цены.,ATLAS CONCORDE TREK / АТЛАС КОНКОРД ТРЭК - проектный керамогранит для общественных пространств. КЕРАМОТЕКА.,Под заказ,$$$$,https://www.keramoteka.ru/upload/uf/b14/keramoteka-atlas-concorde-trek.pdf,Статус NHS - ОТСУТСВУЕТ,Керамогранит,Artic White,30X60 СМ,ARV0,./temp_files/img/ATLAS CONCORDE_TREK_Artic White.jpg
ATLAS CONCORDE,./temp_files/logo/ATLAS CONCORDE.png,"atlas concorde, атлас конкорд, плитка atlas concorde, керамогранит atlas concorde, плитка, керамогранит, atlas concord, плитка конкорд, плитка atlas, поставщик, атлас конкорд италия, атлас конкорд сайт","Каталог керамической плитки и керамогранита ATLAS CONCORDE / АТЛАС КОНКОРД (Италия) от прямого поставщика КЕРАМОТЕКА. Низкие цены, скидки. Оптовые и розничные продажи. Материал в наличии.",ATLAS CONCORDE / АТЛАС КОНКОРД (Италия) Керамическая плитка и керамогранит от прямого поставщика - компании КЕРАМОТЕКА,Италия,TREK,"atlas concorde trek, атлас конкорд трэк, керамогранит trek, купить, поставщик, скидки, цены",Каталог керамического гранита ATLAS CONCORDE TREK от прямого поставщика КЕРАМОТЕКА. Опт и розница. Скидки. Цены.,ATLAS CONCORDE TREK / АТЛАС КОНКОРД ТРЭК - проектный керамогранит для общественных пространств. КЕРАМОТЕКА.,Под заказ,$$$$,https://www.keramoteka.ru/upload/uf/b14/keramoteka-atlas-concorde-trek.pdf,Статус NHS - ОТСУТСВУЕТ,Керамогранит,Dune Beige,30X60 СМ,ARZL,./temp_files/img/ATLAS CONCORDE_TREK_Dune Beige.jpg
ATLAS CONCORDE,./temp_files/logo/ATLAS CONCORDE.png,"atlas concorde, атлас конкорд, плитка atlas concorde, керамогранит atlas concorde, плитка, керамогранит, atlas concord, плитка конкорд, плитка atlas, поставщик, атлас конкорд италия, атлас конкорд сайт","Каталог керамической плитки и керамогранита ATLAS CONCORDE / АТЛАС КОНКОРД (Италия) от прямого поставщика КЕРАМОТЕКА. Низкие цены, скидки. Оптовые и розничные продажи. Материал в наличии.",ATLAS CONCORDE / АТЛАС КОНКОРД (Италия) Керамическая плитка и керамогранит от прямого поставщика - компании КЕРАМОТЕКА,Италия,TREK,"atlas concorde trek, атлас конкорд трэк, керамогранит trek, купить, поставщик, скидки, цены",Каталог керамического гранита ATLAS CONCORDE TREK от прямого поставщика КЕРАМОТЕКА. Опт и розница. Скидки. Цены.,ATLAS CONCORDE TREK / АТЛАС КОНКОРД ТРЭК - проектный керамогранит для общественных пространств. КЕРАМОТЕКА.,Под заказ,$$$$,https://www.keramoteka.ru/upload/uf/b14/keramoteka-atlas-concorde-trek.pdf,Статус NHS - ОТСУТСВУЕТ,Керамогранит,Ocean Black,30X60 СМ,ARMT,./temp_files/img/ATLAS CONCORDE_TREK_Ocean Black.jpg
ATLAS CONCORDE,./temp_files/logo/ATLAS CONCORDE.png,"atlas concorde, атлас конкорд, плитка atlas concorde, керамогранит atlas concorde, плитка, керамогранит, atlas concord, плитка конкорд, плитка atlas, поставщик, атлас конкорд италия, атлас конкорд сайт","Каталог керамической плитки и керамогранита ATLAS CONCORDE / АТЛАС КОНКОРД (Италия) от прямого поставщика КЕРАМОТЕКА. Низкие цены, скидки. Оптовые и розничные продажи. Материал в наличии.",ATLAS CONCORDE / АТЛАС КОНКОРД (Италия) Керамическая плитка и керамогранит от прямого поставщика - компании КЕРАМОТЕКА,Италия,TREK,"atlas concorde trek, атлас конкорд трэк, керамогранит trek, купить, поставщик, скидки, цены",Каталог керамического гранита ATLAS CONCORDE TREK от прямого поставщика КЕРАМОТЕКА. Опт и розница. Скидки. Цены.,ATLAS CONCORDE TREK / АТЛАС КОНКОРД ТРЭК - проектный керамогранит для общественных пространств. КЕРАМОТЕКА.,Под заказ,$$$$,https://www.keramoteka.ru/upload/uf/b14/keramoteka-atlas-concorde-trek.pdf,Статус NHS - ОТСУТСВУЕТ,Керамогранит,Silver Grey Grip,30X60 СМ,ARZP,Наименование фото с русскими буквами - Silver Grey Grip
ATLAS CONCORDE,./temp_files/logo/ATLAS CONCORDE.png,"atlas concorde, атлас конкорд, плитка atlas concorde, керамогранит atlas concorde, плитка, керамогранит, atlas concord, плитка конкорд, плитка atlas, поставщик, атлас конкорд италия, атлас конкорд сайт","Каталог керамической плитки и керамогранита ATLAS CONCORDE / АТЛАС КОНКОРД (Италия) от прямого поставщика КЕРАМОТЕКА. Низкие цены, скидки. Оптовые и розничные продажи. Материал в наличии.",ATLAS CONCORDE / АТЛАС КОНКОРД (Италия) Керамическая плитка и керамогранит от прямого поставщика - компании КЕРАМОТЕКА,Италия,TREK,"atlas concorde trek, атлас конкорд трэк, керамогранит trek, купить, поставщик, скидки, цены",Каталог керамического гранита ATLAS CONCORDE TREK от прямого поставщика КЕРАМОТЕКА. Опт и розница. Скидки. Цены.,ATLAS CONCORDE TREK / АТЛАС КОНКОРД ТРЭК - проектный керамогранит для общественных пространств. КЕРАМОТЕКА.,Под заказ,$$$$,https://www.keramoteka.ru/upload/uf/b14/keramoteka-atlas-concorde-trek.pdf,Статус NHS - ОТСУТСВУЕТ,Керамогранит,Jungle Green Grip,30X60 СМ,ARZQ,Наименование фото с русскими буквами - Jungle Green Grip
ATLAS CONCORDE,./temp_files/logo/ATLAS CONCORDE.png,"atlas concorde, атлас конкорд, плитка atlas concorde, керамогранит atlas concorde, плитка, керамогранит, atlas concord, плитка конкорд, плитка atlas, поставщик, атлас конкорд италия, атлас конкорд сайт","Каталог керамической плитки и керамогранита ATLAS CONCORDE / АТЛАС КОНКОРД (Италия) от прямого поставщика КЕРАМОТЕКА. Низкие цены, скидки. Оптовые и розничные продажи. Материал в наличии.",ATLAS CONCORDE / АТЛАС КОНКОРД (Италия) Керамическая плитка и керамогранит от прямого поставщика - компании КЕРАМОТЕКА,Италия,TREK,"atlas concorde trek, атлас конкорд трэк, керамогранит trek, купить, поставщик, скидки, цены",Каталог керамического гранита ATLAS CONCORDE TREK от прямого поставщика КЕРАМОТЕКА. Опт и розница. Скидки. Цены.,ATLAS CONCORDE TREK / АТЛАС КОНКОРД ТРЭК - проектный керамогранит для общественных пространств. КЕРАМОТЕКА.,Под заказ,$$$$,https://www.keramoteka.ru/upload/uf/b14/keramoteka-atlas-concorde-trek.pdf,Статус NHS - ОТСУТСВУЕТ,Керамогранит,Forest Brown Grip,30X60 СМ,ARZR,Наименование фото с русскими буквами - Forest Brown Grip
ATLAS CONCORDE,./temp_files/logo/ATLAS CONCORDE.png,"atlas concorde, атлас конкорд, плитка atlas concorde, керамогранит atlas concorde, плитка, керамогранит, atlas concord, плитка конкорд, плитка atlas, поставщик, атлас конкорд италия, атлас конкорд сайт","Каталог керамической плитки и керамогранита ATLAS CONCORDE / АТЛАС КОНКОРД (Италия) от прямого поставщика КЕРАМОТЕКА. Низкие цены, скидки. Оптовые и розничные продажи. Материал в наличии.",ATLAS CONCORDE / АТЛАС КОНКОРД (Италия) Керамическая плитка и керамогранит от прямого поставщика - компании КЕРАМОТЕКА,Италия,TREK,"atlas concorde trek, атлас конкорд трэк, керамогранит trek, купить, поставщик, скидки, цены",Каталог керамического гранита ATLAS CONCORDE TREK от прямого поставщика КЕРАМОТЕКА. Опт и розница. Скидки. Цены.,ATLAS CONCORDE TREK / АТЛАС КОНКОРД ТРЭК - проектный керамогранит для общественных пространств. КЕРАМОТЕКА.,Под заказ,$$$$,https://www.keramoteka.ru/upload/uf/b14/keramoteka-atlas-concorde-trek.pdf,Статус NHS - ОТСУТСВУЕТ,Керамогранит,Artic White Grip,30X60 СМ,ARZN,Наименование фото с русскими буквами - Artic White Grip
ATLAS CONCORDE,./temp_files/logo/ATLAS CONCORDE.png,"atlas concorde, атлас конкорд, плитка atlas concorde, керамогранит atlas concorde, плитка, керамогранит, atlas concord, плитка конкорд, плитка atlas, поставщик, атлас конкорд италия, атлас конкорд сайт","Каталог керамической плитки и керамогранита ATLAS CONCORDE / АТЛАС КОНКОРД (Италия) от прямого поставщика КЕРАМОТЕКА. Низкие цены, скидки. Оптовые и розничные продажи. Материал в наличии.",ATLAS CONCORDE / АТЛАС КОНКОРД (Италия) Керамическая плитка и керамогранит от прямого поставщика - компании КЕРАМОТЕКА,Италия,TREK,"atlas concorde trek, атлас конкорд трэк, керамогранит trek, купить, поставщик, скидки, цены",Каталог керамического гранита ATLAS CONCORDE TREK от прямого поставщика КЕРАМОТЕКА. Опт и розница. Скидки. Цены.,ATLAS CONCORDE TREK / АТЛАС КОНКОРД ТРЭК - проектный керамогранит для общественных пространств. КЕРАМОТЕКА.,Под заказ,$$$$,https://www.keramoteka.ru/upload/uf/b14/keramoteka-atlas-concorde-trek.pdf,Статус NHS - ОТСУТСВУЕТ,Керамогранит,Dune Beige Grip,30X60 СМ,ARZO,Наименование фото с русскими буквами - Dune Beige Grip
ATLAS CONCORDE,./temp_files/logo/ATLAS CONCORDE.png,"atlas concorde, атлас конкорд, плитка atlas concorde, керамогранит atlas concorde, плитка, керамогранит, atlas concord, плитка конкорд, плитка atlas, поставщик, атлас конкорд италия, атлас конкорд сайт","Каталог керамической плитки и керамогранита ATLAS CONCORDE / АТЛАС КОНКОРД (Италия) от прямого поставщика КЕРАМОТЕКА. Низкие цены, скидки. Оптовые и розничные продажи. Материал в наличии.",ATLAS CONCORDE / АТЛАС КОНКОРД (Италия) Керамическая плитка и керамогранит от прямого поставщика - компании КЕРАМОТЕКА,Италия,TREK,"atlas concorde trek, атлас конкорд трэк, керамогранит trek, купить, поставщик, скидки, цены",Каталог керамического гранита ATLAS CONCORDE TREK от прямого поставщика КЕРАМОТЕКА. Опт и розница. Скидки. Цены.,ATLAS CONCORDE TREK / АТЛАС КОНКОРД ТРЭК - проектный керамогранит для общественных пространств. КЕРАМОТЕКА.,Под заказ,$$$$,https://www.keramoteka.ru/upload/uf/b14/keramoteka-atlas-concorde-trek.pdf,Статус NHS - ОТСУТСВУЕТ,Керамогранит,Ocean Black Grip,30X60 СМ,ARZS,Наименование фото с русскими буквами - Ocean Black Grip
ATLAS CONCORDE,./temp_files/logo/ATLAS CONCORDE.png,"atlas concorde, атлас конкорд, плитка atlas concorde, керамогранит atlas concorde, плитка, керамогранит, atlas concord, плитка конкорд, плитка atlas, поставщик, атлас конкорд италия, атлас конкорд сайт","Каталог керамической плитки и керамогранита ATLAS CONCORDE / АТЛАС КОНКОРД (Италия) от прямого поставщика КЕРАМОТЕКА. Низкие цены, скидки. Оптовые и розничные продажи. Материал в наличии.",ATLAS CONCORDE / АТЛАС КОНКОРД (Италия) Керамическая плитка и керамогранит от прямого поставщика - компании КЕРАМОТЕКА,Италия,TREK,"atlas concorde trek, атлас конкорд трэк, керамогранит trek, купить, поставщик, скидки, цены",Каталог керамического гранита ATLAS CONCORDE TREK от прямого поставщика КЕРАМОТЕКА. Опт и розница. Скидки. Цены.,ATLAS CONCORDE TREK / АТЛАС КОНКОРД ТРЭК - проектный керамогранит для общественных пространств. КЕРАМОТЕКА.,Под заказ,$$$$,https://www.keramoteka.ru/upload/uf/b14/keramoteka-atlas-concorde-trek.pdf,Статус NHS - ОТСУТСВУЕТ,Керамогранит,Silver Grey Brick,30X60 СМ,AR1F,./temp_files/img/ATLAS CONCORDE_TREK_Silver Grey Brick.jpg
ATLAS CONCORDE,./temp_files/logo/ATLAS CONCORDE.png,"atlas concorde, атлас конкорд, плитка atlas concorde, керамогранит atlas concorde, плитка, керамогранит, atlas concord, плитка конкорд, плитка atlas, поставщик, атлас конкорд италия, атлас конкорд сайт","Каталог керамической плитки и керамогранита ATLAS CONCORDE / АТЛАС КОНКОРД (Италия) от прямого поставщика КЕРАМОТЕКА. Низкие цены, скидки. Оптовые и розничные продажи. Материал в наличии.",ATLAS CONCORDE / АТЛАС КОНКОРД (Италия) Керамическая плитка и керамогранит от прямого поставщика - компании КЕРАМОТЕКА,Италия,TREK,"atlas concorde trek, атлас конкорд трэк, керамогранит trek, купить, поставщик, скидки, цены",Каталог керамического гранита ATLAS CONCORDE TREK от прямого поставщика КЕРАМОТЕКА. Опт и розница. Скидки. Цены.,ATLAS CONCORDE TREK / АТЛАС КОНКОРД ТРЭК - проектный керамогранит для общественных пространств. КЕРАМОТЕКА.,Под заказ,$$$$,https://www.keramoteka.ru/upload/uf/b14/keramoteka-atlas-concorde-trek.pdf,Статус NHS - ОТСУТСВУЕТ,Керамогранит,Jungle Green Brick,30X60 СМ,AR1G,./temp_files/img/ATLAS CONCORDE_TREK_Jungle Green Brick.jpg
ATLAS CONCORDE,./temp_files/logo/ATLAS CONCORDE.png,"atlas concorde, атлас конкорд, плитка atlas concorde, керамогранит atlas concorde, плитка, керамогранит, atlas concord, плитка конкорд, плитка atlas, поставщик, атлас конкорд италия, атлас конкорд сайт","Каталог керамической плитки и керамогранита ATLAS CONCORDE / АТЛАС КОНКОРД (Италия) от прямого поставщика КЕРАМОТЕКА. Низкие цены, скидки. Оптовые и розничные продажи. Материал в наличии.",ATLAS CONCORDE / АТЛАС КОНКОРД (Италия) Керамическая плитка и керамогранит от прямого поставщика - компании КЕРАМОТЕКА,Италия,TREK,"atlas concorde trek, атлас конкорд трэк, керамогранит trek, купить, поставщик, скидки, цены",Каталог керамического гранита ATLAS CONCORDE TREK от прямого поставщика КЕРАМОТЕКА. Опт и розница. Скидки. Цены.,ATLAS CONCORDE TREK / АТЛАС КОНКОРД ТРЭК - проектный керамогранит для общественных пространств. КЕРАМОТЕКА.,Под заказ,$$$$,https://www.keramoteka.ru/upload/uf/b14/keramoteka-atlas-concorde-trek.pdf,Статус NHS - ОТСУТСВУЕТ,Керамогранит,Forest Brown Brick,30X60 СМ,AR1H,./temp_files/img/ATLAS CONCORDE_TREK_Forest Brown Brick.jpg
ATLAS CONCORDE,./temp_files/logo/ATLAS CONCORDE.png,"atlas concorde, атлас конкорд, плитка atlas concorde, керамогранит atlas concorde, плитка, керамогранит, atlas concord, плитка конкорд, плитка atlas, поставщик, атлас конкорд италия, атлас конкорд сайт","Каталог керамической плитки и керамогранита ATLAS CONCORDE / АТЛАС КОНКОРД (Италия) от прямого поставщика КЕРАМОТЕКА. Низкие цены, скидки. Оптовые и розничные продажи. Материал в наличии.",ATLAS CONCORDE / АТЛАС КОНКОРД (Италия) Керамическая плитка и керамогранит от прямого поставщика - компании КЕРАМОТЕКА,Италия,TREK,"atlas concorde trek, атлас конкорд трэк, керамогранит trek, купить, поставщик, скидки, цены",Каталог керамического гранита ATLAS CONCORDE TREK от прямого поставщика КЕРАМОТЕКА. Опт и розница. Скидки. Цены.,ATLAS CONCORDE TREK / АТЛАС КОНКОРД ТРЭК - проектный керамогранит для общественных пространств. КЕРАМОТЕКА.,Под заказ,$$$$,https://www.keramoteka.ru/upload/uf/b14/keramoteka-atlas-concorde-trek.pdf,Статус NHS - ОТСУТСВУЕТ,Керамогранит,Artic White Brick,30X60 СМ,AR1D,./temp_files/img/ATLAS CONCORDE_TREK_Artic White Brick.jpg
ATLAS CONCORDE,./temp_files/logo/ATLAS CONCORDE.png,"atlas concorde, атлас конкорд, плитка atlas concorde, керамогранит atlas concorde, плитка, керамогранит, atlas concord, плитка конкорд, плитка atlas, поставщик, атлас конкорд италия, атлас конкорд сайт","Каталог керамической плитки и керамогранита ATLAS CONCORDE / АТЛАС КОНКОРД (Италия) от прямого поставщика КЕРАМОТЕКА. Низкие цены, скидки. Оптовые и розничные продажи. Материал в наличии.",ATLAS CONCORDE / АТЛАС КОНКОРД (Италия) Керамическая плитка и керамогранит от прямого поставщика - компании КЕРАМОТЕКА,Италия,TREK,"atlas concorde trek, атлас конкорд трэк, керамогранит trek, купить, поставщик, скидки, цены",Каталог керамического гранита ATLAS CONCORDE TREK от прямого поставщика КЕРАМОТЕКА. Опт и розница. Скидки. Цены.,ATLAS CONCORDE TREK / АТЛАС КОНКОРД ТРЭК - проектный керамогранит для общественных пространств. КЕРАМОТЕКА.,Под заказ,$$$$,https://www.keramoteka.ru/upload/uf/b14/keramoteka-atlas-concorde-trek.pdf,Статус NHS - ОТСУТСВУЕТ,Керамогранит,Dune Beige Brick,30X60 СМ,AR1E,./temp_files/img/ATLAS CONCORDE_TREK_Dune Beige Brick.jpg
ATLAS CONCORDE,./temp_files/logo/ATLAS CONCORDE.png,"atlas concorde, атлас конкорд, плитка atlas concorde, керамогранит atlas concorde, плитка, керамогранит, atlas concord, плитка конкорд, плитка atlas, поставщик, атлас конкорд италия, атлас конкорд сайт","Каталог керамической плитки и керамогранита ATLAS CONCORDE / АТЛАС КОНКОРД (Италия) от прямого поставщика КЕРАМОТЕКА. Низкие цены, скидки. Оптовые и розничные продажи. Материал в наличии.",ATLAS CONCORDE / АТЛАС КОНКОРД (Италия) Керамическая плитка и керамогранит от прямого поставщика - компании КЕРАМОТЕКА,Италия,TREK,"atlas concorde trek, атлас конкорд трэк, керамогранит trek, купить, поставщик, скидки, цены",Каталог керамического гранита ATLAS CONCORDE TREK от прямого поставщика КЕРАМОТЕКА. Опт и розница. Скидки. Цены.,ATLAS CONCORDE TREK / АТЛАС КОНКОРД ТРЭК - проектный керамогранит для общественных пространств. КЕРАМОТЕКА.,Под заказ,$$$$,https://www.keramoteka.ru/upload/uf/b14/keramoteka-atlas-concorde-trek.pdf,Статус NHS - ОТСУТСВУЕТ,Керамогранит,Ocean Black Brick,30X60 СМ,AR1I,./temp_files/img/ATLAS CONCORDE_TREK_Ocean Black Brick.jpg
ATLAS CONCORDE,./temp_files/logo/ATLAS CONCORDE.png,"atlas concorde, атлас конкорд, плитка atlas concorde, керамогранит atlas concorde, плитка, керамогранит, atlas concord, плитка конкорд, плитка atlas, поставщик, атлас конкорд италия, атлас конкорд сайт","Каталог керамической плитки и керамогранита ATLAS CONCORDE / АТЛАС КОНКОРД (Италия) от прямого поставщика КЕРАМОТЕКА. Низкие цены, скидки. Оптовые и розничные продажи. Материал в наличии.",ATLAS CONCORDE / АТЛАС КОНКОРД (Италия) Керамическая плитка и керамогранит от прямого поставщика - компании КЕРАМОТЕКА,Италия,TREK,"atlas concorde trek, атлас конкорд трэк, керамогранит trek, купить, поставщик, скидки, цены",Каталог керамического гранита ATLAS CONCORDE TREK от прямого поставщика КЕРАМОТЕКА. Опт и розница. Скидки. Цены.,ATLAS CONCORDE TREK / АТЛАС КОНКОРД ТРЭК - проектный керамогранит для общественных пространств. КЕРАМОТЕКА.,Под заказ,$$$$,https://www.keramoteka.ru/upload/uf/b14/keramoteka-atlas-concorde-trek.pdf,Статус NHS - ОТСУТСВУЕТ,Керамогранит,Silver Grey Brick 3D,30X60 СМ,AR1R,./temp_files/img/ATLAS CONCORDE_TREK_Silver Grey Brick 3D.jpg
ATLAS CONCORDE,./temp_files/logo/ATLAS CONCORDE.png,"atlas concorde, атлас конкорд, плитка atlas concorde, керамогранит atlas concorde, плитка, керамогранит, atlas concord, плитка конкорд, плитка atlas, поставщик, атлас конкорд италия, атлас конкорд сайт","Каталог керамической плитки и керамогранита ATLAS CONCORDE / АТЛАС КОНКОРД (Италия) от прямого поставщика КЕРАМОТЕКА. Низкие цены, скидки. Оптовые и розничные продажи. Материал в наличии.",ATLAS CONCORDE / АТЛАС КОНКОРД (Италия) Керамическая плитка и керамогранит от прямого поставщика - компании КЕРАМОТЕКА,Италия,TREK,"atlas concorde trek, атлас конкорд трэк, керамогранит trek, купить, поставщик, скидки, цены",Каталог керамического гранита ATLAS CONCORDE TREK от прямого поставщика КЕРАМОТЕКА. Опт и розница. Скидки. Цены.,ATLAS CONCORDE TREK / АТЛАС КОНКОРД ТРЭК - проектный керамогранит для общественных пространств. КЕРАМОТЕКА.,Под заказ,$$$$,https://www.keramoteka.ru/upload/uf/b14/keramoteka-atlas-concorde-trek.pdf,Статус NHS - ОТСУТСВУЕТ,Керамогранит,Jungle Green Brick 3D,30X60 СМ,AR1S,./temp_files/img/ATLAS CONCORDE_TREK_Jungle Green Brick 3D.jpg
ATLAS CONCORDE,./temp_files/logo/ATLAS CONCORDE.png,"atlas concorde, атлас конкорд, плитка atlas concorde, керамогранит atlas concorde, плитка, керамогранит, atlas concord, плитка конкорд, плитка atlas, поставщик, атлас конкорд италия, атлас конкорд сайт","Каталог керамической плитки и керамогранита ATLAS CONCORDE / АТЛАС КОНКОРД (Италия) от прямого поставщика КЕРАМОТЕКА. Низкие цены, скидки. Оптовые и розничные продажи. Материал в наличии.",ATLAS CONCORDE / АТЛАС КОНКОРД (Италия) Керамическая плитка и керамогранит от прямого поставщика - компании КЕРАМОТЕКА,Италия,TREK,"atlas concorde trek, атлас конкорд трэк, керамогранит trek, купить, поставщик, скидки, цены",Каталог керамического гранита ATLAS CONCORDE TREK от прямого поставщика КЕРАМОТЕКА. Опт и розница. Скидки. Цены.,ATLAS CONCORDE TREK / АТЛАС КОНКОРД ТРЭК - проектный керамогранит для общественных пространств. КЕРАМОТЕКА.,Под заказ,$$$$,https://www.keramoteka.ru/upload/uf/b14/keramoteka-atlas-concorde-trek.pdf,Статус NHS - ОТСУТСВУЕТ,Керамогранит,Forest Brown Brick 3D,30X60 СМ,AR1T,./temp_files/img/ATLAS CONCORDE_TREK_Forest Brown Brick 3D.jpg
ATLAS CONCORDE,./temp_files/logo/ATLAS CONCORDE.png,"atlas concorde, атлас конкорд, плитка atlas concorde, керамогранит atlas concorde, плитка, керамогранит, atlas concord, плитка конкорд, плитка atlas, поставщик, атлас конкорд италия, атлас конкорд сайт","Каталог керамической плитки и керамогранита ATLAS CONCORDE / АТЛАС КОНКОРД (Италия) от прямого поставщика КЕРАМОТЕКА. Низкие цены, скидки. Оптовые и розничные продажи. Материал в наличии.",ATLAS CONCORDE / АТЛАС КОНКОРД (Италия) Керамическая плитка и керамогранит от прямого поставщика - компании КЕРАМОТЕКА,Италия,TREK,"atlas concorde trek, атлас конкорд трэк, керамогранит trek, купить, поставщик, скидки, цены",Каталог керамического гранита ATLAS CONCORDE TREK от прямого поставщика КЕРАМОТЕКА. Опт и розница. Скидки. Цены.,ATLAS CONCORDE TREK / АТЛАС КОНКОРД ТРЭК - проектный керамогранит для общественных пространств. КЕРАМОТЕКА.,Под заказ,$$$$,https://www.keramoteka.ru/upload/uf/b14/keramoteka-atlas-concorde-trek.pdf,Статус NHS - ОТСУТСВУЕТ,Керамогранит,Artic White Brick 3D,30X60 СМ,AR1P,./temp_files/img/ATLAS CONCORDE_TREK_Artic White Brick 3D.jpg
ATLAS CONCORDE,./temp_files/logo/ATLAS CONCORDE.png,"atlas concorde, атлас конкорд, плитка atlas concorde, керамогранит atlas concorde, плитка, керамогранит, atlas concord, плитка конкорд, плитка atlas, поставщик, атлас конкорд италия, атлас конкорд сайт","Каталог керамической плитки и керамогранита ATLAS CONCORDE / АТЛАС КОНКОРД (Италия) от прямого поставщика КЕРАМОТЕКА. Низкие цены, скидки. Оптовые и розничные продажи. Материал в наличии.",ATLAS CONCORDE / АТЛАС КОНКОРД (Италия) Керамическая плитка и керамогранит от прямого поставщика - компании КЕРАМОТЕКА,Италия,TREK,"atlas concorde trek, атлас конкорд трэк, керамогранит trek, купить, поставщик, скидки, цены",Каталог керамического гранита ATLAS CONCORDE TREK от прямого поставщика КЕРАМОТЕКА. Опт и розница. Скидки. Цены.,ATLAS CONCORDE TREK / АТЛАС КОНКОРД ТРЭК - проектный керамогранит для общественных пространств. КЕРАМОТЕКА.,Под заказ,$$$$,https://www.keramoteka.ru/upload/uf/b14/keramoteka-atlas-concorde-trek.pdf,Статус NHS - ОТСУТСВУЕТ,Керамогранит,Dune Beige Brick 3D,30X60 СМ,AR1Q,./temp_files/img/ATLAS CONCORDE_TREK_Dune Beige Brick 3D.jpg
ATLAS CONCORDE,./temp_files/logo/ATLAS CONCORDE.png,"atlas concorde, атлас конкорд, плитка atlas concorde, керамогранит atlas concorde, плитка, керамогранит, atlas concord, плитка конкорд, плитка atlas, поставщик, атлас конкорд италия, атлас конкорд сайт","Каталог керамической плитки и керамогранита ATLAS CONCORDE / АТЛАС КОНКОРД (Италия) от прямого поставщика КЕРАМОТЕКА. Низкие цены, скидки. Оптовые и розничные продажи. Материал в наличии.",ATLAS CONCORDE / АТЛАС КОНКОРД (Италия) Керамическая плитка и керамогранит от прямого поставщика - компании КЕРАМОТЕКА,Италия,TREK,"atlas concorde trek, атлас конкорд трэк, керамогранит trek, купить, поставщик, скидки, цены",Каталог керамического гранита ATLAS CONCORDE TREK от прямого поставщика КЕРАМОТЕКА. Опт и розница. Скидки. Цены.,ATLAS CONCORDE TREK / АТЛАС КОНКОРД ТРЭК - проектный керамогранит для общественных пространств. КЕРАМОТЕКА.,Под заказ,$$$$,https://www.keramoteka.ru/upload/uf/b14/keramoteka-atlas-concorde-trek.pdf,Статус NHS - ОТСУТСВУЕТ,Керамогранит,Ocean Black Brick 3D,30X60 СМ,AR1U,./temp_files/img/ATLAS CONCORDE_TREK_Ocean Black Brick 3D.jpg
ATLAS CONCORDE,./temp_files/logo/ATLAS CONCORDE.png,"atlas concorde, атлас конкорд, плитка atlas concorde, керамогранит atlas concorde, плитка, керамогранит, atlas concord, плитка конкорд, плитка atlas, поставщик, атлас конкорд италия, атлас конкорд сайт","Каталог керамической плитки и керамогранита ATLAS CONCORDE / АТЛАС КОНКОРД (Италия) от прямого поставщика КЕРАМОТЕКА. Низкие цены, скидки. Оптовые и розничные продажи. Материал в наличии.",ATLAS CONCORDE / АТЛАС КОНКОРД (Италия) Керамическая плитка и керамогранит от прямого поставщика - компании КЕРАМОТЕКА,Италия,TREK,"atlas concorde trek, атлас конкорд трэк, керамогранит trek, купить, поставщик, скидки, цены",Каталог керамического гранита ATLAS CONCORDE TREK от прямого поставщика КЕРАМОТЕКА. Опт и розница. Скидки. Цены.,ATLAS CONCORDE TREK / АТЛАС КОНКОРД ТРЭК - проектный керамогранит для общественных пространств. КЕРАМОТЕКА.,Под заказ,$$$$,https://www.keramoteka.ru/upload/uf/b14/keramoteka-atlas-concorde-trek.pdf,Статус NHS - ОТСУТСВУЕТ,Керамогранит,Silver Grey Palladiana Mix 3,30X60 СМ,AR1L,./temp_files/img/ATLAS CONCORDE_TREK_Silver Grey Palladiana Mix 3.jpg
ATLAS CONCORDE,./temp_files/logo/ATLAS CONCORDE.png,"atlas concorde, атлас конкорд, плитка atlas concorde, керамогранит atlas concorde, плитка, керамогранит, atlas concord, плитка конкорд, плитка atlas, поставщик, атлас конкорд италия, атлас конкорд сайт","Каталог керамической плитки и керамогранита ATLAS CONCORDE / АТЛАС КОНКОРД (Италия) от прямого поставщика КЕРАМОТЕКА. Низкие цены, скидки. Оптовые и розничные продажи. Материал в наличии.",ATLAS CONCORDE / АТЛАС КОНКОРД (Италия) Керамическая плитка и керамогранит от прямого поставщика - компании КЕРАМОТЕКА,Италия,TREK,"atlas concorde trek, атлас конкорд трэк, керамогранит trek, купить, поставщик, скидки, цены",Каталог керамического гранита ATLAS CONCORDE TREK от прямого поставщика КЕРАМОТЕКА. Опт и розница. Скидки. Цены.,ATLAS CONCORDE TREK / АТЛАС КОНКОРД ТРЭК - проектный керамогранит для общественных пространств. КЕРАМОТЕКА.,Под заказ,$$$$,https://www.keramoteka.ru/upload/uf/b14/keramoteka-atlas-concorde-trek.pdf,Статус NHS - ОТСУТСВУЕТ,Керамогранит,Jungle Green Palladiana Mix 3,30X60 СМ,AR1M,./temp_files/img/ATLAS CONCORDE_TREK_Jungle Green Palladiana Mix 3.jpg
ATLAS CONCORDE,./temp_files/logo/ATLAS CONCORDE.png,"atlas concorde, атлас конкорд, плитка atlas concorde, керамогранит atlas concorde, плитка, керамогранит, atlas concord, плитка конкорд, плитка atlas, поставщик, атлас конкорд италия, атлас конкорд сайт","Каталог керамической плитки и керамогранита ATLAS CONCORDE / АТЛАС КОНКОРД (Италия) от прямого поставщика КЕРАМОТЕКА. Низкие цены, скидки. Оптовые и розничные продажи. Материал в наличии.",ATLAS CONCORDE / АТЛАС КОНКОРД (Италия) Керамическая плитка и керамогранит от прямого поставщика - компании КЕРАМОТЕКА,Италия,TREK,"atlas concorde trek, атлас конкорд трэк, керамогранит trek, купить, поставщик, скидки, цены",Каталог керамического гранита ATLAS CONCORDE TREK от прямого поставщика КЕРАМОТЕКА. Опт и розница. Скидки. Цены.,ATLAS CONCORDE TREK / АТЛАС КОНКОРД ТРЭК - проектный керамогранит для общественных пространств. КЕРАМОТЕКА.,Под заказ,$$$$,https://www.keramoteka.ru/upload/uf/b14/keramoteka-atlas-concorde-trek.pdf,Статус NHS - ОТСУТСВУЕТ,Керамогранит,Forest Brown Palladiana Mix 3,30X60 СМ,AR1N,./temp_files/img/ATLAS CONCORDE_TREK_Forest Brown Palladiana Mix 3.jpg
ATLAS CONCORDE,./temp_files/logo/ATLAS CONCORDE.png,"atlas concorde, атлас конкорд, плитка atlas concorde, керамогранит atlas concorde, плитка, керамогранит, atlas concord, плитка конкорд, плитка atlas, поставщик, атлас конкорд италия, атлас конкорд сайт","Каталог керамической плитки и керамогранита ATLAS CONCORDE / АТЛАС КОНКОРД (Италия) от прямого поставщика КЕРАМОТЕКА. Низкие цены, скидки. Оптовые и розничные продажи. Материал в наличии.",ATLAS CONCORDE / АТЛАС КОНКОРД (Италия) Керамическая плитка и керамогранит от прямого поставщика - компании КЕРАМОТЕКА,Италия,TREK,"atlas concorde trek, атлас конкорд трэк, керамогранит trek, купить, поставщик, скидки, цены",Каталог керамического гранита ATLAS CONCORDE TREK от прямого поставщика КЕРАМОТЕКА. Опт и розница. Скидки. Цены.,ATLAS CONCORDE TREK / АТЛАС КОНКОРД ТРЭК - проектный керамогранит для общественных пространств. КЕРАМОТЕКА.,Под заказ,$$$$,https://www.keramoteka.ru/upload/uf/b14/keramoteka-atlas-concorde-trek.pdf,Статус NHS - ОТСУТСВУЕТ,Керамогранит,Artic White Palladiana Mix 3,30X60 СМ,AR1J,./temp_files/img/ATLAS CONCORDE_TREK_Artic White Palladiana Mix 3.jpg
ATLAS CONCORDE,./temp_files/logo/ATLAS CONCORDE.png,"atlas concorde, атлас конкорд, плитка atlas concorde, керамогранит atlas concorde, плитка, керамогранит, atlas concord, плитка конкорд, плитка atlas, поставщик, атлас конкорд италия, атлас конкорд сайт","Каталог керамической плитки и керамогранита ATLAS CONCORDE / АТЛАС КОНКОРД (Италия) от прямого поставщика КЕРАМОТЕКА. Низкие цены, скидки. Оптовые и розничные продажи. Материал в наличии.",ATLAS CONCORDE / АТЛАС КОНКОРД (Италия) Керамическая плитка и керамогранит от прямого поставщика - компании КЕРАМОТЕКА,Италия,TREK,"atlas concorde trek, атлас конкорд трэк, керамогранит trek, купить, поставщик, скидки, цены",Каталог керамического гранита ATLAS CONCORDE TREK от прямого поставщика КЕРАМОТЕКА. Опт и розница. Скидки. Цены.,ATLAS CONCORDE TREK / АТЛАС КОНКОРД ТРЭК - проектный керамогранит для общественных пространств. КЕРАМОТЕКА.,Под заказ,$$$$,https://www.keramoteka.ru/upload/uf/b14/keramoteka-atlas-concorde-trek.pdf,Статус NHS - ОТСУТСВУЕТ,Керамогранит,Dune Beige Palladiana Mix 3,30X60 СМ,AR1K,./temp_files/img/ATLAS CONCORDE_TREK_Dune Beige Palladiana Mix 3.jpg
ATLAS CONCORDE,./temp_files/logo/ATLAS CONCORDE.png,"atlas concorde, атлас конкорд, плитка atlas concorde, керамогранит atlas concorde, плитка, керамогранит, atlas concord, плитка конкорд, плитка atlas, поставщик, атлас конкорд италия, атлас конкорд сайт","Каталог керамической плитки и керамогранита ATLAS CONCORDE / АТЛАС КОНКОРД (Италия) от прямого поставщика КЕРАМОТЕКА. Низкие цены, скидки. Оптовые и розничные продажи. Материал в наличии.",ATLAS CONCORDE / АТЛАС КОНКОРД (Италия) Керамическая плитка и керамогранит от прямого поставщика - компании КЕРАМОТЕКА,Италия,TREK,"atlas concorde trek, атлас конкорд трэк, керамогранит trek, купить, поставщик, скидки, цены",Каталог керамического гранита ATLAS CONCORDE TREK от прямого поставщика КЕРАМОТЕКА. Опт и розница. Скидки. Цены.,ATLAS CONCORDE TREK / АТЛАС КОНКОРД ТРЭК - проектный керамогранит для общественных пространств. КЕРАМОТЕКА.,Под заказ,$$$$,https://www.keramoteka.ru/upload/uf/b14/keramoteka-atlas-concorde-trek.pdf,Статус NHS - ОТСУТСВУЕТ,Керамогранит,Ocean Black Palladiana Mix 3,30X60 СМ,AR1O,./temp_files/img/ATLAS CONCORDE_TREK_Ocean Black Palladiana Mix 3.jpg
ATLAS CONCORDE,./temp_files/logo/ATLAS CONCORDE.png,"atlas concorde, атлас конкорд, плитка atlas concorde, керамогранит atlas concorde, плитка, керамогранит, atlas concord, плитка конкорд, плитка atlas, поставщик, атлас конкорд италия, атлас конкорд сайт","Каталог керамической плитки и керамогранита ATLAS CONCORDE / АТЛАС КОНКОРД (Италия) от прямого поставщика КЕРАМОТЕКА. Низкие цены, скидки. Оптовые и розничные продажи. Материал в наличии.",ATLAS CONCORDE / АТЛАС КОНКОРД (Италия) Керамическая плитка и керамогранит от прямого поставщика - компании КЕРАМОТЕКА,Италия,TREK,"atlas concorde trek, атлас конкорд трэк, керамогранит trek, купить, поставщик, скидки, цены",Каталог керамического гранита ATLAS CONCORDE TREK от прямого поставщика КЕРАМОТЕКА. Опт и розница. Скидки. Цены.,ATLAS CONCORDE TREK / АТЛАС КОНКОРД ТРЭК - проектный керамогранит для общественных пространств. КЕРАМОТЕКА.,Под заказ,$$$$,https://www.keramoteka.ru/upload/uf/b14/keramoteka-atlas-concorde-trek.pdf,Статус NHS - ОТСУТСВУЕТ,Мозаика /Керамогранит/,Silver Grey Mosaico,45X90 СМ,AR09,./temp_files/img/ATLAS CONCORDE_TREK_Silver Grey Mosaico.jpg
ATLAS CONCORDE,./temp_files/logo/ATLAS CONCORDE.png,"atlas concorde, атлас конкорд, плитка atlas concorde, керамогранит atlas concorde, плитка, керамогранит, atlas concord, плитка конкорд, плитка atlas, поставщик, атлас конкорд италия, атлас конкорд сайт","Каталог керамической плитки и керамогранита ATLAS CONCORDE / АТЛАС КОНКОРД (Италия) от прямого поставщика КЕРАМОТЕКА. Низкие цены, скидки. Оптовые и розничные продажи. Материал в наличии.",ATLAS CONCORDE / АТЛАС КОНКОРД (Италия) Керамическая плитка и керамогранит от прямого поставщика - компании КЕРАМОТЕКА,Италия,TREK,"atlas concorde trek, атлас конкорд трэк, керамогранит trek, купить, поставщик, скидки, цены",Каталог керамического гранита ATLAS CONCORDE TREK от прямого поставщика КЕРАМОТЕКА. Опт и розница. Скидки. Цены.,ATLAS CONCORDE TREK / АТЛАС КОНКОРД ТРЭК - проектный керамогранит для общественных пространств. КЕРАМОТЕКА.,Под заказ,$$$$,https://www.keramoteka.ru/upload/uf/b14/keramoteka-atlas-concorde-trek.pdf,Статус NHS - ОТСУТСВУЕТ,Мозаика /Керамогранит/,Jungle Green Mosaico,45X90 СМ,AR1A,./temp_files/img/ATLAS CONCORDE_TREK_Jungle Green Mosaico.jpg
ATLAS CONCORDE,./temp_files/logo/ATLAS CONCORDE.png,"atlas concorde, атлас конкорд, плитка atlas concorde, керамогранит atlas concorde, плитка, керамогранит, atlas concord, плитка конкорд, плитка atlas, поставщик, атлас конкорд италия, атлас конкорд сайт","Каталог керамической плитки и керамогранита ATLAS CONCORDE / АТЛАС КОНКОРД (Италия) от прямого поставщика КЕРАМОТЕКА. Низкие цены, скидки. Оптовые и розничные продажи. Материал в наличии.",ATLAS CONCORDE / АТЛАС КОНКОРД (Италия) Керамическая плитка и керамогранит от прямого поставщика - компании КЕРАМОТЕКА,Италия,TREK,"atlas concorde trek, атлас конкорд трэк, керамогранит trek, купить, поставщик, скидки, цены",Каталог керамического гранита ATLAS CONCORDE TREK от прямого поставщика КЕРАМОТЕКА. Опт и розница. Скидки. Цены.,ATLAS CONCORDE TREK / АТЛАС КОНКОРД ТРЭК - проектный керамогранит для общественных пространств. КЕРАМОТЕКА.,Под заказ,$$$$,https://www.keramoteka.ru/upload/uf/b14/keramoteka-atlas-concorde-trek.pdf,Статус NHS - ОТСУТСВУЕТ,Мозаика /Керамогранит/,Forest Brown Mosaico,45X90 СМ,AR1B,./temp_files/img/ATLAS CONCORDE_TREK_Forest Brown Mosaico.jpg
ATLAS CONCORDE,./temp_files/logo/ATLAS CONCORDE.png,"atlas concorde, атлас конкорд, плитка atlas concorde, керамогранит atlas concorde, плитка, керамогранит, atlas concord, плитка конкорд, плитка atlas, поставщик, атлас конкорд италия, атлас конкорд сайт","Каталог керамической плитки и керамогранита ATLAS CONCORDE / АТЛАС КОНКОРД (Италия) от прямого поставщика КЕРАМОТЕКА. Низкие цены, скидки. Оптовые и розничные продажи. Материал в наличии.",ATLAS CONCORDE / АТЛАС КОНКОРД (Италия) Керамическая плитка и керамогранит от прямого поставщика - компании КЕРАМОТЕКА,Италия,TREK,"atlas concorde trek, атлас конкорд трэк, керамогранит trek, купить, поставщик, скидки, цены",Каталог керамического гранита ATLAS CONCORDE TREK от прямого поставщика КЕРАМОТЕКА. Опт и розница. Скидки. Цены.,ATLAS CONCORDE TREK / АТЛАС КОНКОРД ТРЭК - проектный керамогранит для общественных пространств. КЕРАМОТЕКА.,Под заказ,$$$$,https://www.keramoteka.ru/upload/uf/b14/keramoteka-atlas-concorde-trek.pdf,Статус NHS - ОТСУТСВУЕТ,Мозаика /Керамогранит/,Artic White Mosaico,45X90 СМ,AR07,./temp_files/img/ATLAS CONCORDE_TREK_Artic White Mosaico.jpg
ATLAS CONCORDE,./temp_files/logo/ATLAS CONCORDE.png,"atlas concorde, атлас конкорд, плитка atlas concorde, керамогранит atlas concorde, плитка, керамогранит, atlas concord, плитка конкорд, плитка atlas, поставщик, атлас конкорд италия, атлас конкорд сайт","Каталог керамической плитки и керамогранита ATLAS CONCORDE / АТЛАС КОНКОРД (Италия) от прямого поставщика КЕРАМОТЕКА. Низкие цены, скидки. Оптовые и розничные продажи. Материал в наличии.",ATLAS CONCORDE / АТЛАС КОНКОРД (Италия) Керамическая плитка и керамогранит от прямого поставщика - компании КЕРАМОТЕКА,Италия,TREK,"atlas concorde trek, атлас конкорд трэк, керамогранит trek, купить, поставщик, скидки, цены",Каталог керамического гранита ATLAS CONCORDE TREK от прямого поставщика КЕРАМОТЕКА. Опт и розница. Скидки. Цены.,ATLAS CONCORDE TREK / АТЛАС КОНКОРД ТРЭК - проектный керамогранит для общественных пространств. КЕРАМОТЕКА.,Под заказ,$$$$,https://www.keramoteka.ru/upload/uf/b14/keramoteka-atlas-concorde-trek.pdf,Статус NHS - ОТСУТСВУЕТ,Мозаика /Керамогранит/,Dune Beige Mosaico,45X90 СМ,AR08,./temp_files/img/ATLAS CONCORDE_TREK_Dune Beige Mosaico.jpg
ATLAS CONCORDE,./temp_files/logo/ATLAS CONCORDE.png,"atlas concorde, атлас конкорд, плитка atlas concorde, керамогранит atlas concorde, плитка, керамогранит, atlas concord, плитка конкорд, плитка atlas, поставщик, атлас конкорд италия, атлас конкорд сайт","Каталог керамической плитки и керамогранита ATLAS CONCORDE / АТЛАС КОНКОРД (Италия) от прямого поставщика КЕРАМОТЕКА. Низкие цены, скидки. Оптовые и розничные продажи. Материал в наличии.",ATLAS CONCORDE / АТЛАС КОНКОРД (Италия) Керамическая плитка и керамогранит от прямого поставщика - компании КЕРАМОТЕКА,Италия,TREK,"atlas concorde trek, атлас конкорд трэк, керамогранит trek, купить, поставщик, скидки, цены",Каталог керамического гранита ATLAS CONCORDE TREK от прямого поставщика КЕРАМОТЕКА. Опт и розница. Скидки. Цены.,ATLAS CONCORDE TREK / АТЛАС КОНКОРД ТРЭК - проектный керамогранит для общественных пространств. КЕРАМОТЕКА.,Под заказ,$$$$,https://www.keramoteka.ru/upload/uf/b14/keramoteka-atlas-concorde-trek.pdf,Статус NHS - ОТСУТСВУЕТ,Мозаика /Керамогранит/,Ocean Black Mosaico,45X90 СМ,AR1C,./temp_files/img/ATLAS CONCORDE_TREK_Ocean Black Mosaico.jpg
