ATLAS CONCORDE,./temp_files/logo/ATLAS CONCORDE.png,"atlas concorde, атлас конкорд, плитка atlas concorde, керамогранит atlas concorde, плитка, керамогранит, atlas concord, плитка конкорд, плитка atlas, поставщик, атлас конкорд италия, атлас конкорд сайт","Каталог керамической плитки и керамогранита ATLAS CONCORDE / АТЛАС КОНКОРД (Италия) от прямого поставщика КЕРАМОТЕКА. Низкие цены, скидки. Оптовые и розничные продажи. Материал в наличии.",ATLAS CONCORDE / АТЛАС КОНКОРД (Италия) Керамическая плитка и керамогранит от прямого поставщика - компании КЕРАМОТЕКА,Италия,TRUST,"atlas concorde trust, атлас конкорд траст, керамогранит trust, купить, поставщик, скидки, цены",Каталог керамического гранита ATLAS CONCORDE TRUST от прямого поставщика КЕРАМОТЕКА. Опт и розница. Скидки. Цены.,ATLAS CONCORDE TRUST / АТЛАС КОНКОРД ТРАСТ - проектный керамогранит для общественных пространств. КЕРАМОТЕКА.,Под заказ,$$$,https://www.keramoteka.ru/upload/uf/78c/keramoteka-atlas-concorde-trust.pdf,Статус NHS - ОТСУТСВУЕТ,Керамогранит,Silver,45X90 СМ,AKA8,./temp_files/img/ATLAS CONCORDE_TRUST_Silver.jpg
ATLAS CONCORDE,./temp_files/logo/ATLAS CONCORDE.png,"atlas concorde, атлас конкорд, плитка atlas concorde, керамогранит atlas concorde, плитка, керамогранит, atlas concord, плитка конкорд, плитка atlas, поставщик, атлас конкорд италия, атлас конкорд сайт","Каталог керамической плитки и керамогранита ATLAS CONCORDE / АТЛАС КОНКОРД (Италия) от прямого поставщика КЕРАМОТЕКА. Низкие цены, скидки. Оптовые и розничные продажи. Материал в наличии.",ATLAS CONCORDE / АТЛАС КОНКОРД (Италия) Керамическая плитка и керамогранит от прямого поставщика - компании КЕРАМОТЕКА,Италия,TRUST,"atlas concorde trust, атлас конкорд траст, керамогранит trust, купить, поставщик, скидки, цены",Каталог керамического гранита ATLAS CONCORDE TRUST от прямого поставщика КЕРАМОТЕКА. Опт и розница. Скидки. Цены.,ATLAS CONCORDE TRUST / АТЛАС КОНКОРД ТРАСТ - проектный керамогранит для общественных пространств. КЕРАМОТЕКА.,Под заказ,$$$,https://www.keramoteka.ru/upload/uf/78c/keramoteka-atlas-concorde-trust.pdf,Статус NHS - ОТСУТСВУЕТ,Керамогранит,Copper,45X90 СМ,AKA9,./temp_files/img/ATLAS CONCORDE_TRUST_Copper.jpg
ATLAS CONCORDE,./temp_files/logo/ATLAS CONCORDE.png,"atlas concorde, атлас конкорд, плитка atlas concorde, керамогранит atlas concorde, плитка, керамогранит, atlas concord, плитка конкорд, плитка atlas, поставщик, атлас конкорд италия, атлас конкорд сайт","Каталог керамической плитки и керамогранита ATLAS CONCORDE / АТЛАС КОНКОРД (Италия) от прямого поставщика КЕРАМОТЕКА. Низкие цены, скидки. Оптовые и розничные продажи. Материал в наличии.",ATLAS CONCORDE / АТЛАС КОНКОРД (Италия) Керамическая плитка и керамогранит от прямого поставщика - компании КЕРАМОТЕКА,Италия,TRUST,"atlas concorde trust, атлас конкорд траст, керамогранит trust, купить, поставщик, скидки, цены",Каталог керамического гранита ATLAS CONCORDE TRUST от прямого поставщика КЕРАМОТЕКА. Опт и розница. Скидки. Цены.,ATLAS CONCORDE TRUST / АТЛАС КОНКОРД ТРАСТ - проектный керамогранит для общественных пространств. КЕРАМОТЕКА.,Под заказ,$$$,https://www.keramoteka.ru/upload/uf/78c/keramoteka-atlas-concorde-trust.pdf,Статус NHS - ОТСУТСВУЕТ,Керамогранит,Ivory,45X90 СМ,AKA6,./temp_files/img/ATLAS CONCORDE_TRUST_Ivory.jpg
ATLAS CONCORDE,./temp_files/logo/ATLAS CONCORDE.png,"atlas concorde, атлас конкорд, плитка atlas concorde, керамогранит atlas concorde, плитка, керамогранит, atlas concord, плитка конкорд, плитка atlas, поставщик, атлас конкорд италия, атлас конкорд сайт","Каталог керамической плитки и керамогранита ATLAS CONCORDE / АТЛАС КОНКОРД (Италия) от прямого поставщика КЕРАМОТЕКА. Низкие цены, скидки. Оптовые и розничные продажи. Материал в наличии.",ATLAS CONCORDE / АТЛАС КОНКОРД (Италия) Керамическая плитка и керамогранит от прямого поставщика - компании КЕРАМОТЕКА,Италия,TRUST,"atlas concorde trust, атлас конкорд траст, керамогранит trust, купить, поставщик, скидки, цены",Каталог керамического гранита ATLAS CONCORDE TRUST от прямого поставщика КЕРАМОТЕКА. Опт и розница. Скидки. Цены.,ATLAS CONCORDE TRUST / АТЛАС КОНКОРД ТРАСТ - проектный керамогранит для общественных пространств. КЕРАМОТЕКА.,Под заказ,$$$,https://www.keramoteka.ru/upload/uf/78c/keramoteka-atlas-concorde-trust.pdf,Статус NHS - ОТСУТСВУЕТ,Керамогранит,Gold,45X90 СМ,AKA7,./temp_files/img/ATLAS CONCORDE_TRUST_Gold.jpg
ATLAS CONCORDE,./temp_files/logo/ATLAS CONCORDE.png,"atlas concorde, атлас конкорд, плитка atlas concorde, керамогранит atlas concorde, плитка, керамогранит, atlas concord, плитка конкорд, плитка atlas, поставщик, атлас конкорд италия, атлас конкорд сайт","Каталог керамической плитки и керамогранита ATLAS CONCORDE / АТЛАС КОНКОРД (Италия) от прямого поставщика КЕРАМОТЕКА. Низкие цены, скидки. Оптовые и розничные продажи. Материал в наличии.",ATLAS CONCORDE / АТЛАС КОНКОРД (Италия) Керамическая плитка и керамогранит от прямого поставщика - компании КЕРАМОТЕКА,Италия,TRUST,"atlas concorde trust, атлас конкорд траст, керамогранит trust, купить, поставщик, скидки, цены",Каталог керамического гранита ATLAS CONCORDE TRUST от прямого поставщика КЕРАМОТЕКА. Опт и розница. Скидки. Цены.,ATLAS CONCORDE TRUST / АТЛАС КОНКОРД ТРАСТ - проектный керамогранит для общественных пространств. КЕРАМОТЕКА.,Под заказ,$$$,https://www.keramoteka.ru/upload/uf/78c/keramoteka-atlas-concorde-trust.pdf,Статус NHS - ОТСУТСВУЕТ,Керамогранит,Titanium,45X90 СМ,AKBA,./temp_files/img/ATLAS CONCORDE_TRUST_Titanium.jpg
ATLAS CONCORDE,./temp_files/logo/ATLAS CONCORDE.png,"atlas concorde, атлас конкорд, плитка atlas concorde, керамогранит atlas concorde, плитка, керамогранит, atlas concord, плитка конкорд, плитка atlas, поставщик, атлас конкорд италия, атлас конкорд сайт","Каталог керамической плитки и керамогранита ATLAS CONCORDE / АТЛАС КОНКОРД (Италия) от прямого поставщика КЕРАМОТЕКА. Низкие цены, скидки. Оптовые и розничные продажи. Материал в наличии.",ATLAS CONCORDE / АТЛАС КОНКОРД (Италия) Керамическая плитка и керамогранит от прямого поставщика - компании КЕРАМОТЕКА,Италия,TRUST,"atlas concorde trust, атлас конкорд траст, керамогранит trust, купить, поставщик, скидки, цены",Каталог керамического гранита ATLAS CONCORDE TRUST от прямого поставщика КЕРАМОТЕКА. Опт и розница. Скидки. Цены.,ATLAS CONCORDE TRUST / АТЛАС КОНКОРД ТРАСТ - проектный керамогранит для общественных пространств. КЕРАМОТЕКА.,Под заказ,$$$,https://www.keramoteka.ru/upload/uf/78c/keramoteka-atlas-concorde-trust.pdf,Статус NHS - ОТСУТСВУЕТ,Керамогранит,Silver,"22,5X90 СМ",ANB2,./temp_files/img/ATLAS CONCORDE_TRUST_Silver.jpg
ATLAS CONCORDE,./temp_files/logo/ATLAS CONCORDE.png,"atlas concorde, атлас конкорд, плитка atlas concorde, керамогранит atlas concorde, плитка, керамогранит, atlas concord, плитка конкорд, плитка atlas, поставщик, атлас конкорд италия, атлас конкорд сайт","Каталог керамической плитки и керамогранита ATLAS CONCORDE / АТЛАС КОНКОРД (Италия) от прямого поставщика КЕРАМОТЕКА. Низкие цены, скидки. Оптовые и розничные продажи. Материал в наличии.",ATLAS CONCORDE / АТЛАС КОНКОРД (Италия) Керамическая плитка и керамогранит от прямого поставщика - компании КЕРАМОТЕКА,Италия,TRUST,"atlas concorde trust, атлас конкорд траст, керамогранит trust, купить, поставщик, скидки, цены",Каталог керамического гранита ATLAS CONCORDE TRUST от прямого поставщика КЕРАМОТЕКА. Опт и розница. Скидки. Цены.,ATLAS CONCORDE TRUST / АТЛАС КОНКОРД ТРАСТ - проектный керамогранит для общественных пространств. КЕРАМОТЕКА.,Под заказ,$$$,https://www.keramoteka.ru/upload/uf/78c/keramoteka-atlas-concorde-trust.pdf,Статус NHS - ОТСУТСВУЕТ,Керамогранит,Copper,"22,5X90 СМ",ANB4,./temp_files/img/ATLAS CONCORDE_TRUST_Copper.jpg
ATLAS CONCORDE,./temp_files/logo/ATLAS CONCORDE.png,"atlas concorde, атлас конкорд, плитка atlas concorde, керамогранит atlas concorde, плитка, керамогранит, atlas concord, плитка конкорд, плитка atlas, поставщик, атлас конкорд италия, атлас конкорд сайт","Каталог керамической плитки и керамогранита ATLAS CONCORDE / АТЛАС КОНКОРД (Италия) от прямого поставщика КЕРАМОТЕКА. Низкие цены, скидки. Оптовые и розничные продажи. Материал в наличии.",ATLAS CONCORDE / АТЛАС КОНКОРД (Италия) Керамическая плитка и керамогранит от прямого поставщика - компании КЕРАМОТЕКА,Италия,TRUST,"atlas concorde trust, атлас конкорд траст, керамогранит trust, купить, поставщик, скидки, цены",Каталог керамического гранита ATLAS CONCORDE TRUST от прямого поставщика КЕРАМОТЕКА. Опт и розница. Скидки. Цены.,ATLAS CONCORDE TRUST / АТЛАС КОНКОРД ТРАСТ - проектный керамогранит для общественных пространств. КЕРАМОТЕКА.,Под заказ,$$$,https://www.keramoteka.ru/upload/uf/78c/keramoteka-atlas-concorde-trust.pdf,Статус NHS - ОТСУТСВУЕТ,Керамогранит,Ivory,"22,5X90 СМ",ANBZ,./temp_files/img/ATLAS CONCORDE_TRUST_Ivory.jpg
ATLAS CONCORDE,./temp_files/logo/ATLAS CONCORDE.png,"atlas concorde, атлас конкорд, плитка atlas concorde, керамогранит atlas concorde, плитка, керамогранит, atlas concord, плитка конкорд, плитка atlas, поставщик, атлас конкорд италия, атлас конкорд сайт","Каталог керамической плитки и керамогранита ATLAS CONCORDE / АТЛАС КОНКОРД (Италия) от прямого поставщика КЕРАМОТЕКА. Низкие цены, скидки. Оптовые и розничные продажи. Материал в наличии.",ATLAS CONCORDE / АТЛАС КОНКОРД (Италия) Керамическая плитка и керамогранит от прямого поставщика - компании КЕРАМОТЕКА,Италия,TRUST,"atlas concorde trust, атлас конкорд траст, керамогранит trust, купить, поставщик, скидки, цены",Каталог керамического гранита ATLAS CONCORDE TRUST от прямого поставщика КЕРАМОТЕКА. Опт и розница. Скидки. Цены.,ATLAS CONCORDE TRUST / АТЛАС КОНКОРД ТРАСТ - проектный керамогранит для общественных пространств. КЕРАМОТЕКА.,Под заказ,$$$,https://www.keramoteka.ru/upload/uf/78c/keramoteka-atlas-concorde-trust.pdf,Статус NHS - ОТСУТСВУЕТ,Керамогранит,Gold,"22,5X90 СМ",ANB0,./temp_files/img/ATLAS CONCORDE_TRUST_Gold.jpg
ATLAS CONCORDE,./temp_files/logo/ATLAS CONCORDE.png,"atlas concorde, атлас конкорд, плитка atlas concorde, керамогранит atlas concorde, плитка, керамогранит, atlas concord, плитка конкорд, плитка atlas, поставщик, атлас конкорд италия, атлас конкорд сайт","Каталог керамической плитки и керамогранита ATLAS CONCORDE / АТЛАС КОНКОРД (Италия) от прямого поставщика КЕРАМОТЕКА. Низкие цены, скидки. Оптовые и розничные продажи. Материал в наличии.",ATLAS CONCORDE / АТЛАС КОНКОРД (Италия) Керамическая плитка и керамогранит от прямого поставщика - компании КЕРАМОТЕКА,Италия,TRUST,"atlas concorde trust, атлас конкорд траст, керамогранит trust, купить, поставщик, скидки, цены",Каталог керамического гранита ATLAS CONCORDE TRUST от прямого поставщика КЕРАМОТЕКА. Опт и розница. Скидки. Цены.,ATLAS CONCORDE TRUST / АТЛАС КОНКОРД ТРАСТ - проектный керамогранит для общественных пространств. КЕРАМОТЕКА.,Под заказ,$$$,https://www.keramoteka.ru/upload/uf/78c/keramoteka-atlas-concorde-trust.pdf,Статус NHS - ОТСУТСВУЕТ,Керамогранит,Titanium,"22,5X90 СМ",ANB6,./temp_files/img/ATLAS CONCORDE_TRUST_Titanium.jpg
ATLAS CONCORDE,./temp_files/logo/ATLAS CONCORDE.png,"atlas concorde, атлас конкорд, плитка atlas concorde, керамогранит atlas concorde, плитка, керамогранит, atlas concord, плитка конкорд, плитка atlas, поставщик, атлас конкорд италия, атлас конкорд сайт","Каталог керамической плитки и керамогранита ATLAS CONCORDE / АТЛАС КОНКОРД (Италия) от прямого поставщика КЕРАМОТЕКА. Низкие цены, скидки. Оптовые и розничные продажи. Материал в наличии.",ATLAS CONCORDE / АТЛАС КОНКОРД (Италия) Керамическая плитка и керамогранит от прямого поставщика - компании КЕРАМОТЕКА,Италия,TRUST,"atlas concorde trust, атлас конкорд траст, керамогранит trust, купить, поставщик, скидки, цены",Каталог керамического гранита ATLAS CONCORDE TRUST от прямого поставщика КЕРАМОТЕКА. Опт и розница. Скидки. Цены.,ATLAS CONCORDE TRUST / АТЛАС КОНКОРД ТРАСТ - проектный керамогранит для общественных пространств. КЕРАМОТЕКА.,Под заказ,$$$,https://www.keramoteka.ru/upload/uf/78c/keramoteka-atlas-concorde-trust.pdf,Статус NHS - ОТСУТСВУЕТ,Керамогранит,Silver,60X60 СМ,ACI4,./temp_files/img/ATLAS CONCORDE_TRUST_Silver.jpg
ATLAS CONCORDE,./temp_files/logo/ATLAS CONCORDE.png,"atlas concorde, атлас конкорд, плитка atlas concorde, керамогранит atlas concorde, плитка, керамогранит, atlas concord, плитка конкорд, плитка atlas, поставщик, атлас конкорд италия, атлас конкорд сайт","Каталог керамической плитки и керамогранита ATLAS CONCORDE / АТЛАС КОНКОРД (Италия) от прямого поставщика КЕРАМОТЕКА. Низкие цены, скидки. Оптовые и розничные продажи. Материал в наличии.",ATLAS CONCORDE / АТЛАС КОНКОРД (Италия) Керамическая плитка и керамогранит от прямого поставщика - компании КЕРАМОТЕКА,Италия,TRUST,"atlas concorde trust, атлас конкорд траст, керамогранит trust, купить, поставщик, скидки, цены",Каталог керамического гранита ATLAS CONCORDE TRUST от прямого поставщика КЕРАМОТЕКА. Опт и розница. Скидки. Цены.,ATLAS CONCORDE TRUST / АТЛАС КОНКОРД ТРАСТ - проектный керамогранит для общественных пространств. КЕРАМОТЕКА.,Под заказ,$$$,https://www.keramoteka.ru/upload/uf/78c/keramoteka-atlas-concorde-trust.pdf,Статус NHS - ОТСУТСВУЕТ,Керамогранит,Copper,60X60 СМ,ACI5,./temp_files/img/ATLAS CONCORDE_TRUST_Copper.jpg
ATLAS CONCORDE,./temp_files/logo/ATLAS CONCORDE.png,"atlas concorde, атлас конкорд, плитка atlas concorde, керамогранит atlas concorde, плитка, керамогранит, atlas concord, плитка конкорд, плитка atlas, поставщик, атлас конкорд италия, атлас конкорд сайт","Каталог керамической плитки и керамогранита ATLAS CONCORDE / АТЛАС КОНКОРД (Италия) от прямого поставщика КЕРАМОТЕКА. Низкие цены, скидки. Оптовые и розничные продажи. Материал в наличии.",ATLAS CONCORDE / АТЛАС КОНКОРД (Италия) Керамическая плитка и керамогранит от прямого поставщика - компании КЕРАМОТЕКА,Италия,TRUST,"atlas concorde trust, атлас конкорд траст, керамогранит trust, купить, поставщик, скидки, цены",Каталог керамического гранита ATLAS CONCORDE TRUST от прямого поставщика КЕРАМОТЕКА. Опт и розница. Скидки. Цены.,ATLAS CONCORDE TRUST / АТЛАС КОНКОРД ТРАСТ - проектный керамогранит для общественных пространств. КЕРАМОТЕКА.,Под заказ,$$$,https://www.keramoteka.ru/upload/uf/78c/keramoteka-atlas-concorde-trust.pdf,Статус NHS - ОТСУТСВУЕТ,Керамогранит,Ivory,60X60 СМ,ACI1,./temp_files/img/ATLAS CONCORDE_TRUST_Ivory.jpg
ATLAS CONCORDE,./temp_files/logo/ATLAS CONCORDE.png,"atlas concorde, атлас конкорд, плитка atlas concorde, керамогранит atlas concorde, плитка, керамогранит, atlas concord, плитка конкорд, плитка atlas, поставщик, атлас конкорд италия, атлас конкорд сайт","Каталог керамической плитки и керамогранита ATLAS CONCORDE / АТЛАС КОНКОРД (Италия) от прямого поставщика КЕРАМОТЕКА. Низкие цены, скидки. Оптовые и розничные продажи. Материал в наличии.",ATLAS CONCORDE / АТЛАС КОНКОРД (Италия) Керамическая плитка и керамогранит от прямого поставщика - компании КЕРАМОТЕКА,Италия,TRUST,"atlas concorde trust, атлас конкорд траст, керамогранит trust, купить, поставщик, скидки, цены",Каталог керамического гранита ATLAS CONCORDE TRUST от прямого поставщика КЕРАМОТЕКА. Опт и розница. Скидки. Цены.,ATLAS CONCORDE TRUST / АТЛАС КОНКОРД ТРАСТ - проектный керамогранит для общественных пространств. КЕРАМОТЕКА.,Под заказ,$$$,https://www.keramoteka.ru/upload/uf/78c/keramoteka-atlas-concorde-trust.pdf,Статус NHS - ОТСУТСВУЕТ,Керамогранит,Gold,60X60 СМ,ACI3,./temp_files/img/ATLAS CONCORDE_TRUST_Gold.jpg
ATLAS CONCORDE,./temp_files/logo/ATLAS CONCORDE.png,"atlas concorde, атлас конкорд, плитка atlas concorde, керамогранит atlas concorde, плитка, керамогранит, atlas concord, плитка конкорд, плитка atlas, поставщик, атлас конкорд италия, атлас конкорд сайт","Каталог керамической плитки и керамогранита ATLAS CONCORDE / АТЛАС КОНКОРД (Италия) от прямого поставщика КЕРАМОТЕКА. Низкие цены, скидки. Оптовые и розничные продажи. Материал в наличии.",ATLAS CONCORDE / АТЛАС КОНКОРД (Италия) Керамическая плитка и керамогранит от прямого поставщика - компании КЕРАМОТЕКА,Италия,TRUST,"atlas concorde trust, атлас конкорд траст, керамогранит trust, купить, поставщик, скидки, цены",Каталог керамического гранита ATLAS CONCORDE TRUST от прямого поставщика КЕРАМОТЕКА. Опт и розница. Скидки. Цены.,ATLAS CONCORDE TRUST / АТЛАС КОНКОРД ТРАСТ - проектный керамогранит для общественных пространств. КЕРАМОТЕКА.,Под заказ,$$$,https://www.keramoteka.ru/upload/uf/78c/keramoteka-atlas-concorde-trust.pdf,Статус NHS - ОТСУТСВУЕТ,Керамогранит,Titanium,60X60 СМ,ACI6,./temp_files/img/ATLAS CONCORDE_TRUST_Titanium.jpg
ATLAS CONCORDE,./temp_files/logo/ATLAS CONCORDE.png,"atlas concorde, атлас конкорд, плитка atlas concorde, керамогранит atlas concorde, плитка, керамогранит, atlas concord, плитка конкорд, плитка atlas, поставщик, атлас конкорд италия, атлас конкорд сайт","Каталог керамической плитки и керамогранита ATLAS CONCORDE / АТЛАС КОНКОРД (Италия) от прямого поставщика КЕРАМОТЕКА. Низкие цены, скидки. Оптовые и розничные продажи. Материал в наличии.",ATLAS CONCORDE / АТЛАС КОНКОРД (Италия) Керамическая плитка и керамогранит от прямого поставщика - компании КЕРАМОТЕКА,Италия,TRUST,"atlas concorde trust, атлас конкорд траст, керамогранит trust, купить, поставщик, скидки, цены",Каталог керамического гранита ATLAS CONCORDE TRUST от прямого поставщика КЕРАМОТЕКА. Опт и розница. Скидки. Цены.,ATLAS CONCORDE TRUST / АТЛАС КОНКОРД ТРАСТ - проектный керамогранит для общественных пространств. КЕРАМОТЕКА.,Под заказ,$$$,https://www.keramoteka.ru/upload/uf/78c/keramoteka-atlas-concorde-trust.pdf,Статус NHS - ОТСУТСВУЕТ,Керамогранит,Silver,40X60 СМ,ACN4,./temp_files/img/ATLAS CONCORDE_TRUST_Silver.jpg
ATLAS CONCORDE,./temp_files/logo/ATLAS CONCORDE.png,"atlas concorde, атлас конкорд, плитка atlas concorde, керамогранит atlas concorde, плитка, керамогранит, atlas concord, плитка конкорд, плитка atlas, поставщик, атлас конкорд италия, атлас конкорд сайт","Каталог керамической плитки и керамогранита ATLAS CONCORDE / АТЛАС КОНКОРД (Италия) от прямого поставщика КЕРАМОТЕКА. Низкие цены, скидки. Оптовые и розничные продажи. Материал в наличии.",ATLAS CONCORDE / АТЛАС КОНКОРД (Италия) Керамическая плитка и керамогранит от прямого поставщика - компании КЕРАМОТЕКА,Италия,TRUST,"atlas concorde trust, атлас конкорд траст, керамогранит trust, купить, поставщик, скидки, цены",Каталог керамического гранита ATLAS CONCORDE TRUST от прямого поставщика КЕРАМОТЕКА. Опт и розница. Скидки. Цены.,ATLAS CONCORDE TRUST / АТЛАС КОНКОРД ТРАСТ - проектный керамогранит для общественных пространств. КЕРАМОТЕКА.,Под заказ,$$$,https://www.keramoteka.ru/upload/uf/78c/keramoteka-atlas-concorde-trust.pdf,Статус NHS - ОТСУТСВУЕТ,Керамогранит,Copper,40X60 СМ,ACN5,./temp_files/img/ATLAS CONCORDE_TRUST_Copper.jpg
ATLAS CONCORDE,./temp_files/logo/ATLAS CONCORDE.png,"atlas concorde, атлас конкорд, плитка atlas concorde, керамогранит atlas concorde, плитка, керамогранит, atlas concord, плитка конкорд, плитка atlas, поставщик, атлас конкорд италия, атлас конкорд сайт","Каталог керамической плитки и керамогранита ATLAS CONCORDE / АТЛАС КОНКОРД (Италия) от прямого поставщика КЕРАМОТЕКА. Низкие цены, скидки. Оптовые и розничные продажи. Материал в наличии.",ATLAS CONCORDE / АТЛАС КОНКОРД (Италия) Керамическая плитка и керамогранит от прямого поставщика - компании КЕРАМОТЕКА,Италия,TRUST,"atlas concorde trust, атлас конкорд траст, керамогранит trust, купить, поставщик, скидки, цены",Каталог керамического гранита ATLAS CONCORDE TRUST от прямого поставщика КЕРАМОТЕКА. Опт и розница. Скидки. Цены.,ATLAS CONCORDE TRUST / АТЛАС КОНКОРД ТРАСТ - проектный керамогранит для общественных пространств. КЕРАМОТЕКА.,Под заказ,$$$,https://www.keramoteka.ru/upload/uf/78c/keramoteka-atlas-concorde-trust.pdf,Статус NHS - ОТСУТСВУЕТ,Керамогранит,Ivory,40X60 СМ,ACN1,./temp_files/img/ATLAS CONCORDE_TRUST_Ivory.jpg
ATLAS CONCORDE,./temp_files/logo/ATLAS CONCORDE.png,"atlas concorde, атлас конкорд, плитка atlas concorde, керамогранит atlas concorde, плитка, керамогранит, atlas concord, плитка конкорд, плитка atlas, поставщик, атлас конкорд италия, атлас конкорд сайт","Каталог керамической плитки и керамогранита ATLAS CONCORDE / АТЛАС КОНКОРД (Италия) от прямого поставщика КЕРАМОТЕКА. Низкие цены, скидки. Оптовые и розничные продажи. Материал в наличии.",ATLAS CONCORDE / АТЛАС КОНКОРД (Италия) Керамическая плитка и керамогранит от прямого поставщика - компании КЕРАМОТЕКА,Италия,TRUST,"atlas concorde trust, атлас конкорд траст, керамогранит trust, купить, поставщик, скидки, цены",Каталог керамического гранита ATLAS CONCORDE TRUST от прямого поставщика КЕРАМОТЕКА. Опт и розница. Скидки. Цены.,ATLAS CONCORDE TRUST / АТЛАС КОНКОРД ТРАСТ - проектный керамогранит для общественных пространств. КЕРАМОТЕКА.,Под заказ,$$$,https://www.keramoteka.ru/upload/uf/78c/keramoteka-atlas-concorde-trust.pdf,Статус NHS - ОТСУТСВУЕТ,Керамогранит,Gold,40X60 СМ,ACN3,./temp_files/img/ATLAS CONCORDE_TRUST_Gold.jpg
ATLAS CONCORDE,./temp_files/logo/ATLAS CONCORDE.png,"atlas concorde, атлас конкорд, плитка atlas concorde, керамогранит atlas concorde, плитка, керамогранит, atlas concord, плитка конкорд, плитка atlas, поставщик, атлас конкорд италия, атлас конкорд сайт","Каталог керамической плитки и керамогранита ATLAS CONCORDE / АТЛАС КОНКОРД (Италия) от прямого поставщика КЕРАМОТЕКА. Низкие цены, скидки. Оптовые и розничные продажи. Материал в наличии.",ATLAS CONCORDE / АТЛАС КОНКОРД (Италия) Керамическая плитка и керамогранит от прямого поставщика - компании КЕРАМОТЕКА,Италия,TRUST,"atlas concorde trust, атлас конкорд траст, керамогранит trust, купить, поставщик, скидки, цены",Каталог керамического гранита ATLAS CONCORDE TRUST от прямого поставщика КЕРАМОТЕКА. Опт и розница. Скидки. Цены.,ATLAS CONCORDE TRUST / АТЛАС КОНКОРД ТРАСТ - проектный керамогранит для общественных пространств. КЕРАМОТЕКА.,Под заказ,$$$,https://www.keramoteka.ru/upload/uf/78c/keramoteka-atlas-concorde-trust.pdf,Статус NHS - ОТСУТСВУЕТ,Керамогранит,Titanium,40X60 СМ,ACN6,./temp_files/img/ATLAS CONCORDE_TRUST_Titanium.jpg
ATLAS CONCORDE,./temp_files/logo/ATLAS CONCORDE.png,"atlas concorde, атлас конкорд, плитка atlas concorde, керамогранит atlas concorde, плитка, керамогранит, atlas concord, плитка конкорд, плитка atlas, поставщик, атлас конкорд италия, атлас конкорд сайт","Каталог керамической плитки и керамогранита ATLAS CONCORDE / АТЛАС КОНКОРД (Италия) от прямого поставщика КЕРАМОТЕКА. Низкие цены, скидки. Оптовые и розничные продажи. Материал в наличии.",ATLAS CONCORDE / АТЛАС КОНКОРД (Италия) Керамическая плитка и керамогранит от прямого поставщика - компании КЕРАМОТЕКА,Италия,TRUST,"atlas concorde trust, атлас конкорд траст, керамогранит trust, купить, поставщик, скидки, цены",Каталог керамического гранита ATLAS CONCORDE TRUST от прямого поставщика КЕРАМОТЕКА. Опт и розница. Скидки. Цены.,ATLAS CONCORDE TRUST / АТЛАС КОНКОРД ТРАСТ - проектный керамогранит для общественных пространств. КЕРАМОТЕКА.,Под заказ,$$$,https://www.keramoteka.ru/upload/uf/78c/keramoteka-atlas-concorde-trust.pdf,Статус NHS - ОТСУТСВУЕТ,Керамогранит,Silver,30X60 СМ,ACI9,./temp_files/img/ATLAS CONCORDE_TRUST_Silver.jpg
ATLAS CONCORDE,./temp_files/logo/ATLAS CONCORDE.png,"atlas concorde, атлас конкорд, плитка atlas concorde, керамогранит atlas concorde, плитка, керамогранит, atlas concord, плитка конкорд, плитка atlas, поставщик, атлас конкорд италия, атлас конкорд сайт","Каталог керамической плитки и керамогранита ATLAS CONCORDE / АТЛАС КОНКОРД (Италия) от прямого поставщика КЕРАМОТЕКА. Низкие цены, скидки. Оптовые и розничные продажи. Материал в наличии.",ATLAS CONCORDE / АТЛАС КОНКОРД (Италия) Керамическая плитка и керамогранит от прямого поставщика - компании КЕРАМОТЕКА,Италия,TRUST,"atlas concorde trust, атлас конкорд траст, керамогранит trust, купить, поставщик, скидки, цены",Каталог керамического гранита ATLAS CONCORDE TRUST от прямого поставщика КЕРАМОТЕКА. Опт и розница. Скидки. Цены.,ATLAS CONCORDE TRUST / АТЛАС КОНКОРД ТРАСТ - проектный керамогранит для общественных пространств. КЕРАМОТЕКА.,Под заказ,$$$,https://www.keramoteka.ru/upload/uf/78c/keramoteka-atlas-concorde-trust.pdf,Статус NHS - ОТСУТСВУЕТ,Керамогранит,Copper,30X60 СМ,ACJ1,./temp_files/img/ATLAS CONCORDE_TRUST_Copper.jpg
ATLAS CONCORDE,./temp_files/logo/ATLAS CONCORDE.png,"atlas concorde, атлас конкорд, плитка atlas concorde, керамогранит atlas concorde, плитка, керамогранит, atlas concord, плитка конкорд, плитка atlas, поставщик, атлас конкорд италия, атлас конкорд сайт","Каталог керамической плитки и керамогранита ATLAS CONCORDE / АТЛАС КОНКОРД (Италия) от прямого поставщика КЕРАМОТЕКА. Низкие цены, скидки. Оптовые и розничные продажи. Материал в наличии.",ATLAS CONCORDE / АТЛАС КОНКОРД (Италия) Керамическая плитка и керамогранит от прямого поставщика - компании КЕРАМОТЕКА,Италия,TRUST,"atlas concorde trust, атлас конкорд траст, керамогранит trust, купить, поставщик, скидки, цены",Каталог керамического гранита ATLAS CONCORDE TRUST от прямого поставщика КЕРАМОТЕКА. Опт и розница. Скидки. Цены.,ATLAS CONCORDE TRUST / АТЛАС КОНКОРД ТРАСТ - проектный керамогранит для общественных пространств. КЕРАМОТЕКА.,Под заказ,$$$,https://www.keramoteka.ru/upload/uf/78c/keramoteka-atlas-concorde-trust.pdf,Статус NHS - ОТСУТСВУЕТ,Керамогранит,Ivory,30X60 СМ,ACI7,./temp_files/img/ATLAS CONCORDE_TRUST_Ivory.jpg
ATLAS CONCORDE,./temp_files/logo/ATLAS CONCORDE.png,"atlas concorde, атлас конкорд, плитка atlas concorde, керамогранит atlas concorde, плитка, керамогранит, atlas concord, плитка конкорд, плитка atlas, поставщик, атлас конкорд италия, атлас конкорд сайт","Каталог керамической плитки и керамогранита ATLAS CONCORDE / АТЛАС КОНКОРД (Италия) от прямого поставщика КЕРАМОТЕКА. Низкие цены, скидки. Оптовые и розничные продажи. Материал в наличии.",ATLAS CONCORDE / АТЛАС КОНКОРД (Италия) Керамическая плитка и керамогранит от прямого поставщика - компании КЕРАМОТЕКА,Италия,TRUST,"atlas concorde trust, атлас конкорд траст, керамогранит trust, купить, поставщик, скидки, цены",Каталог керамического гранита ATLAS CONCORDE TRUST от прямого поставщика КЕРАМОТЕКА. Опт и розница. Скидки. Цены.,ATLAS CONCORDE TRUST / АТЛАС КОНКОРД ТРАСТ - проектный керамогранит для общественных пространств. КЕРАМОТЕКА.,Под заказ,$$$,https://www.keramoteka.ru/upload/uf/78c/keramoteka-atlas-concorde-trust.pdf,Статус NHS - ОТСУТСВУЕТ,Керамогранит,Gold,30X60 СМ,ACI8,./temp_files/img/ATLAS CONCORDE_TRUST_Gold.jpg
ATLAS CONCORDE,./temp_files/logo/ATLAS CONCORDE.png,"atlas concorde, атлас конкорд, плитка atlas concorde, керамогранит atlas concorde, плитка, керамогранит, atlas concord, плитка конкорд, плитка atlas, поставщик, атлас конкорд италия, атлас конкорд сайт","Каталог керамической плитки и керамогранита ATLAS CONCORDE / АТЛАС КОНКОРД (Италия) от прямого поставщика КЕРАМОТЕКА. Низкие цены, скидки. Оптовые и розничные продажи. Материал в наличии.",ATLAS CONCORDE / АТЛАС КОНКОРД (Италия) Керамическая плитка и керамогранит от прямого поставщика - компании КЕРАМОТЕКА,Италия,TRUST,"atlas concorde trust, атлас конкорд траст, керамогранит trust, купить, поставщик, скидки, цены",Каталог керамического гранита ATLAS CONCORDE TRUST от прямого поставщика КЕРАМОТЕКА. Опт и розница. Скидки. Цены.,ATLAS CONCORDE TRUST / АТЛАС КОНКОРД ТРАСТ - проектный керамогранит для общественных пространств. КЕРАМОТЕКА.,Под заказ,$$$,https://www.keramoteka.ru/upload/uf/78c/keramoteka-atlas-concorde-trust.pdf,Статус NHS - ОТСУТСВУЕТ,Керамогранит,Titanium,30X60 СМ,ACJ2,./temp_files/img/ATLAS CONCORDE_TRUST_Titanium.jpg
ATLAS CONCORDE,./temp_files/logo/ATLAS CONCORDE.png,"atlas concorde, атлас конкорд, плитка atlas concorde, керамогранит atlas concorde, плитка, керамогранит, atlas concord, плитка конкорд, плитка atlas, поставщик, атлас конкорд италия, атлас конкорд сайт","Каталог керамической плитки и керамогранита ATLAS CONCORDE / АТЛАС КОНКОРД (Италия) от прямого поставщика КЕРАМОТЕКА. Низкие цены, скидки. Оптовые и розничные продажи. Материал в наличии.",ATLAS CONCORDE / АТЛАС КОНКОРД (Италия) Керамическая плитка и керамогранит от прямого поставщика - компании КЕРАМОТЕКА,Италия,TRUST,"atlas concorde trust, атлас конкорд траст, керамогранит trust, купить, поставщик, скидки, цены",Каталог керамического гранита ATLAS CONCORDE TRUST от прямого поставщика КЕРАМОТЕКА. Опт и розница. Скидки. Цены.,ATLAS CONCORDE TRUST / АТЛАС КОНКОРД ТРАСТ - проектный керамогранит для общественных пространств. КЕРАМОТЕКА.,Под заказ,$$$,https://www.keramoteka.ru/upload/uf/78c/keramoteka-atlas-concorde-trust.pdf,Статус NHS - ОТСУТСВУЕТ,Керамогранит,Silver Grip,30X60 СМ,ACNK,./temp_files/img/ATLAS CONCORDE_TRUST_Silver Grip.jpg
ATLAS CONCORDE,./temp_files/logo/ATLAS CONCORDE.png,"atlas concorde, атлас конкорд, плитка atlas concorde, керамогранит atlas concorde, плитка, керамогранит, atlas concord, плитка конкорд, плитка atlas, поставщик, атлас конкорд италия, атлас конкорд сайт","Каталог керамической плитки и керамогранита ATLAS CONCORDE / АТЛАС КОНКОРД (Италия) от прямого поставщика КЕРАМОТЕКА. Низкие цены, скидки. Оптовые и розничные продажи. Материал в наличии.",ATLAS CONCORDE / АТЛАС КОНКОРД (Италия) Керамическая плитка и керамогранит от прямого поставщика - компании КЕРАМОТЕКА,Италия,TRUST,"atlas concorde trust, атлас конкорд траст, керамогранит trust, купить, поставщик, скидки, цены",Каталог керамического гранита ATLAS CONCORDE TRUST от прямого поставщика КЕРАМОТЕКА. Опт и розница. Скидки. Цены.,ATLAS CONCORDE TRUST / АТЛАС КОНКОРД ТРАСТ - проектный керамогранит для общественных пространств. КЕРАМОТЕКА.,Под заказ,$$$,https://www.keramoteka.ru/upload/uf/78c/keramoteka-atlas-concorde-trust.pdf,Статус NHS - ОТСУТСВУЕТ,Керамогранит,Copper Grip,30X60 СМ,ACNL,./temp_files/img/ATLAS CONCORDE_TRUST_Copper Grip.jpg
ATLAS CONCORDE,./temp_files/logo/ATLAS CONCORDE.png,"atlas concorde, атлас конкорд, плитка atlas concorde, керамогранит atlas concorde, плитка, керамогранит, atlas concord, плитка конкорд, плитка atlas, поставщик, атлас конкорд италия, атлас конкорд сайт","Каталог керамической плитки и керамогранита ATLAS CONCORDE / АТЛАС КОНКОРД (Италия) от прямого поставщика КЕРАМОТЕКА. Низкие цены, скидки. Оптовые и розничные продажи. Материал в наличии.",ATLAS CONCORDE / АТЛАС КОНКОРД (Италия) Керамическая плитка и керамогранит от прямого поставщика - компании КЕРАМОТЕКА,Италия,TRUST,"atlas concorde trust, атлас конкорд траст, керамогранит trust, купить, поставщик, скидки, цены",Каталог керамического гранита ATLAS CONCORDE TRUST от прямого поставщика КЕРАМОТЕКА. Опт и розница. Скидки. Цены.,ATLAS CONCORDE TRUST / АТЛАС КОНКОРД ТРАСТ - проектный керамогранит для общественных пространств. КЕРАМОТЕКА.,Под заказ,$$$,https://www.keramoteka.ru/upload/uf/78c/keramoteka-atlas-concorde-trust.pdf,Статус NHS - ОТСУТСВУЕТ,Керамогранит,Ivory Grip,30X60 СМ,ACNI,./temp_files/img/ATLAS CONCORDE_TRUST_Ivory Grip.jpg
ATLAS CONCORDE,./temp_files/logo/ATLAS CONCORDE.png,"atlas concorde, атлас конкорд, плитка atlas concorde, керамогранит atlas concorde, плитка, керамогранит, atlas concord, плитка конкорд, плитка atlas, поставщик, атлас конкорд италия, атлас конкорд сайт","Каталог керамической плитки и керамогранита ATLAS CONCORDE / АТЛАС КОНКОРД (Италия) от прямого поставщика КЕРАМОТЕКА. Низкие цены, скидки. Оптовые и розничные продажи. Материал в наличии.",ATLAS CONCORDE / АТЛАС КОНКОРД (Италия) Керамическая плитка и керамогранит от прямого поставщика - компании КЕРАМОТЕКА,Италия,TRUST,"atlas concorde trust, атлас конкорд траст, керамогранит trust, купить, поставщик, скидки, цены",Каталог керамического гранита ATLAS CONCORDE TRUST от прямого поставщика КЕРАМОТЕКА. Опт и розница. Скидки. Цены.,ATLAS CONCORDE TRUST / АТЛАС КОНКОРД ТРАСТ - проектный керамогранит для общественных пространств. КЕРАМОТЕКА.,Под заказ,$$$,https://www.keramoteka.ru/upload/uf/78c/keramoteka-atlas-concorde-trust.pdf,Статус NHS - ОТСУТСВУЕТ,Керамогранит,Gold Grip,30X60 СМ,ACNJ,./temp_files/img/ATLAS CONCORDE_TRUST_Gold Grip.jpg
ATLAS CONCORDE,./temp_files/logo/ATLAS CONCORDE.png,"atlas concorde, атлас конкорд, плитка atlas concorde, керамогранит atlas concorde, плитка, керамогранит, atlas concord, плитка конкорд, плитка atlas, поставщик, атлас конкорд италия, атлас конкорд сайт","Каталог керамической плитки и керамогранита ATLAS CONCORDE / АТЛАС КОНКОРД (Италия) от прямого поставщика КЕРАМОТЕКА. Низкие цены, скидки. Оптовые и розничные продажи. Материал в наличии.",ATLAS CONCORDE / АТЛАС КОНКОРД (Италия) Керамическая плитка и керамогранит от прямого поставщика - компании КЕРАМОТЕКА,Италия,TRUST,"atlas concorde trust, атлас конкорд траст, керамогранит trust, купить, поставщик, скидки, цены",Каталог керамического гранита ATLAS CONCORDE TRUST от прямого поставщика КЕРАМОТЕКА. Опт и розница. Скидки. Цены.,ATLAS CONCORDE TRUST / АТЛАС КОНКОРД ТРАСТ - проектный керамогранит для общественных пространств. КЕРАМОТЕКА.,Под заказ,$$$,https://www.keramoteka.ru/upload/uf/78c/keramoteka-atlas-concorde-trust.pdf,Статус NHS - ОТСУТСВУЕТ,Керамогранит,Titanium Grip,30X60 СМ,ACNM,./temp_files/img/ATLAS CONCORDE_TRUST_Titanium Grip.jpg
ATLAS CONCORDE,./temp_files/logo/ATLAS CONCORDE.png,"atlas concorde, атлас конкорд, плитка atlas concorde, керамогранит atlas concorde, плитка, керамогранит, atlas concord, плитка конкорд, плитка atlas, поставщик, атлас конкорд италия, атлас конкорд сайт","Каталог керамической плитки и керамогранита ATLAS CONCORDE / АТЛАС КОНКОРД (Италия) от прямого поставщика КЕРАМОТЕКА. Низкие цены, скидки. Оптовые и розничные продажи. Материал в наличии.",ATLAS CONCORDE / АТЛАС КОНКОРД (Италия) Керамическая плитка и керамогранит от прямого поставщика - компании КЕРАМОТЕКА,Италия,TRUST,"atlas concorde trust, атлас конкорд траст, керамогранит trust, купить, поставщик, скидки, цены",Каталог керамического гранита ATLAS CONCORDE TRUST от прямого поставщика КЕРАМОТЕКА. Опт и розница. Скидки. Цены.,ATLAS CONCORDE TRUST / АТЛАС КОНКОРД ТРАСТ - проектный керамогранит для общественных пространств. КЕРАМОТЕКА.,Под заказ,$$$,https://www.keramoteka.ru/upload/uf/78c/keramoteka-atlas-concorde-trust.pdf,Статус NHS - ОТСУТСВУЕТ,Керамогранит,Silver Brick,30X60 СМ,ACNC,./temp_files/img/ATLAS CONCORDE_TRUST_Silver Brick.jpg
ATLAS CONCORDE,./temp_files/logo/ATLAS CONCORDE.png,"atlas concorde, атлас конкорд, плитка atlas concorde, керамогранит atlas concorde, плитка, керамогранит, atlas concord, плитка конкорд, плитка atlas, поставщик, атлас конкорд италия, атлас конкорд сайт","Каталог керамической плитки и керамогранита ATLAS CONCORDE / АТЛАС КОНКОРД (Италия) от прямого поставщика КЕРАМОТЕКА. Низкие цены, скидки. Оптовые и розничные продажи. Материал в наличии.",ATLAS CONCORDE / АТЛАС КОНКОРД (Италия) Керамическая плитка и керамогранит от прямого поставщика - компании КЕРАМОТЕКА,Италия,TRUST,"atlas concorde trust, атлас конкорд траст, керамогранит trust, купить, поставщик, скидки, цены",Каталог керамического гранита ATLAS CONCORDE TRUST от прямого поставщика КЕРАМОТЕКА. Опт и розница. Скидки. Цены.,ATLAS CONCORDE TRUST / АТЛАС КОНКОРД ТРАСТ - проектный керамогранит для общественных пространств. КЕРАМОТЕКА.,Под заказ,$$$,https://www.keramoteka.ru/upload/uf/78c/keramoteka-atlas-concorde-trust.pdf,Статус NHS - ОТСУТСВУЕТ,Керамогранит,Copper Brick,30X60 СМ,ACND,./temp_files/img/ATLAS CONCORDE_TRUST_Copper Brick.jpg
ATLAS CONCORDE,./temp_files/logo/ATLAS CONCORDE.png,"atlas concorde, атлас конкорд, плитка atlas concorde, керамогранит atlas concorde, плитка, керамогранит, atlas concord, плитка конкорд, плитка atlas, поставщик, атлас конкорд италия, атлас конкорд сайт","Каталог керамической плитки и керамогранита ATLAS CONCORDE / АТЛАС КОНКОРД (Италия) от прямого поставщика КЕРАМОТЕКА. Низкие цены, скидки. Оптовые и розничные продажи. Материал в наличии.",ATLAS CONCORDE / АТЛАС КОНКОРД (Италия) Керамическая плитка и керамогранит от прямого поставщика - компании КЕРАМОТЕКА,Италия,TRUST,"atlas concorde trust, атлас конкорд траст, керамогранит trust, купить, поставщик, скидки, цены",Каталог керамического гранита ATLAS CONCORDE TRUST от прямого поставщика КЕРАМОТЕКА. Опт и розница. Скидки. Цены.,ATLAS CONCORDE TRUST / АТЛАС КОНКОРД ТРАСТ - проектный керамогранит для общественных пространств. КЕРАМОТЕКА.,Под заказ,$$$,https://www.keramoteka.ru/upload/uf/78c/keramoteka-atlas-concorde-trust.pdf,Статус NHS - ОТСУТСВУЕТ,Керамогранит,Ivory Brick,30X60 СМ,ACNA,./temp_files/img/ATLAS CONCORDE_TRUST_Ivory Brick.jpg
ATLAS CONCORDE,./temp_files/logo/ATLAS CONCORDE.png,"atlas concorde, атлас конкорд, плитка atlas concorde, керамогранит atlas concorde, плитка, керамогранит, atlas concord, плитка конкорд, плитка atlas, поставщик, атлас конкорд италия, атлас конкорд сайт","Каталог керамической плитки и керамогранита ATLAS CONCORDE / АТЛАС КОНКОРД (Италия) от прямого поставщика КЕРАМОТЕКА. Низкие цены, скидки. Оптовые и розничные продажи. Материал в наличии.",ATLAS CONCORDE / АТЛАС КОНКОРД (Италия) Керамическая плитка и керамогранит от прямого поставщика - компании КЕРАМОТЕКА,Италия,TRUST,"atlas concorde trust, атлас конкорд траст, керамогранит trust, купить, поставщик, скидки, цены",Каталог керамического гранита ATLAS CONCORDE TRUST от прямого поставщика КЕРАМОТЕКА. Опт и розница. Скидки. Цены.,ATLAS CONCORDE TRUST / АТЛАС КОНКОРД ТРАСТ - проектный керамогранит для общественных пространств. КЕРАМОТЕКА.,Под заказ,$$$,https://www.keramoteka.ru/upload/uf/78c/keramoteka-atlas-concorde-trust.pdf,Статус NHS - ОТСУТСВУЕТ,Керамогранит,Gold Brick,30X60 СМ,ACNB,./temp_files/img/ATLAS CONCORDE_TRUST_Gold Brick.jpg
ATLAS CONCORDE,./temp_files/logo/ATLAS CONCORDE.png,"atlas concorde, атлас конкорд, плитка atlas concorde, керамогранит atlas concorde, плитка, керамогранит, atlas concord, плитка конкорд, плитка atlas, поставщик, атлас конкорд италия, атлас конкорд сайт","Каталог керамической плитки и керамогранита ATLAS CONCORDE / АТЛАС КОНКОРД (Италия) от прямого поставщика КЕРАМОТЕКА. Низкие цены, скидки. Оптовые и розничные продажи. Материал в наличии.",ATLAS CONCORDE / АТЛАС КОНКОРД (Италия) Керамическая плитка и керамогранит от прямого поставщика - компании КЕРАМОТЕКА,Италия,TRUST,"atlas concorde trust, атлас конкорд траст, керамогранит trust, купить, поставщик, скидки, цены",Каталог керамического гранита ATLAS CONCORDE TRUST от прямого поставщика КЕРАМОТЕКА. Опт и розница. Скидки. Цены.,ATLAS CONCORDE TRUST / АТЛАС КОНКОРД ТРАСТ - проектный керамогранит для общественных пространств. КЕРАМОТЕКА.,Под заказ,$$$,https://www.keramoteka.ru/upload/uf/78c/keramoteka-atlas-concorde-trust.pdf,Статус NHS - ОТСУТСВУЕТ,Керамогранит,Titanium Brick,30X60 СМ,ACNE,./temp_files/img/ATLAS CONCORDE_TRUST_Titanium Brick.jpg
ATLAS CONCORDE,./temp_files/logo/ATLAS CONCORDE.png,"atlas concorde, атлас конкорд, плитка atlas concorde, керамогранит atlas concorde, плитка, керамогранит, atlas concord, плитка конкорд, плитка atlas, поставщик, атлас конкорд италия, атлас конкорд сайт","Каталог керамической плитки и керамогранита ATLAS CONCORDE / АТЛАС КОНКОРД (Италия) от прямого поставщика КЕРАМОТЕКА. Низкие цены, скидки. Оптовые и розничные продажи. Материал в наличии.",ATLAS CONCORDE / АТЛАС КОНКОРД (Италия) Керамическая плитка и керамогранит от прямого поставщика - компании КЕРАМОТЕКА,Италия,TRUST,"atlas concorde trust, атлас конкорд траст, керамогранит trust, купить, поставщик, скидки, цены",Каталог керамического гранита ATLAS CONCORDE TRUST от прямого поставщика КЕРАМОТЕКА. Опт и розница. Скидки. Цены.,ATLAS CONCORDE TRUST / АТЛАС КОНКОРД ТРАСТ - проектный керамогранит для общественных пространств. КЕРАМОТЕКА.,Под заказ,$$$,https://www.keramoteka.ru/upload/uf/78c/keramoteka-atlas-concorde-trust.pdf,Статус NHS - ОТСУТСВУЕТ,Керамогранит,Silver,20X60 СМ,ACL4,./temp_files/img/ATLAS CONCORDE_TRUST_Silver.jpg
ATLAS CONCORDE,./temp_files/logo/ATLAS CONCORDE.png,"atlas concorde, атлас конкорд, плитка atlas concorde, керамогранит atlas concorde, плитка, керамогранит, atlas concord, плитка конкорд, плитка atlas, поставщик, атлас конкорд италия, атлас конкорд сайт","Каталог керамической плитки и керамогранита ATLAS CONCORDE / АТЛАС КОНКОРД (Италия) от прямого поставщика КЕРАМОТЕКА. Низкие цены, скидки. Оптовые и розничные продажи. Материал в наличии.",ATLAS CONCORDE / АТЛАС КОНКОРД (Италия) Керамическая плитка и керамогранит от прямого поставщика - компании КЕРАМОТЕКА,Италия,TRUST,"atlas concorde trust, атлас конкорд траст, керамогранит trust, купить, поставщик, скидки, цены",Каталог керамического гранита ATLAS CONCORDE TRUST от прямого поставщика КЕРАМОТЕКА. Опт и розница. Скидки. Цены.,ATLAS CONCORDE TRUST / АТЛАС КОНКОРД ТРАСТ - проектный керамогранит для общественных пространств. КЕРАМОТЕКА.,Под заказ,$$$,https://www.keramoteka.ru/upload/uf/78c/keramoteka-atlas-concorde-trust.pdf,Статус NHS - ОТСУТСВУЕТ,Керамогранит,Copper,20X60 СМ,ACL5,./temp_files/img/ATLAS CONCORDE_TRUST_Copper.jpg
ATLAS CONCORDE,./temp_files/logo/ATLAS CONCORDE.png,"atlas concorde, атлас конкорд, плитка atlas concorde, керамогранит atlas concorde, плитка, керамогранит, atlas concord, плитка конкорд, плитка atlas, поставщик, атлас конкорд италия, атлас конкорд сайт","Каталог керамической плитки и керамогранита ATLAS CONCORDE / АТЛАС КОНКОРД (Италия) от прямого поставщика КЕРАМОТЕКА. Низкие цены, скидки. Оптовые и розничные продажи. Материал в наличии.",ATLAS CONCORDE / АТЛАС КОНКОРД (Италия) Керамическая плитка и керамогранит от прямого поставщика - компании КЕРАМОТЕКА,Италия,TRUST,"atlas concorde trust, атлас конкорд траст, керамогранит trust, купить, поставщик, скидки, цены",Каталог керамического гранита ATLAS CONCORDE TRUST от прямого поставщика КЕРАМОТЕКА. Опт и розница. Скидки. Цены.,ATLAS CONCORDE TRUST / АТЛАС КОНКОРД ТРАСТ - проектный керамогранит для общественных пространств. КЕРАМОТЕКА.,Под заказ,$$$,https://www.keramoteka.ru/upload/uf/78c/keramoteka-atlas-concorde-trust.pdf,Статус NHS - ОТСУТСВУЕТ,Керамогранит,Ivory,20X60 СМ,ACL1,./temp_files/img/ATLAS CONCORDE_TRUST_Ivory.jpg
ATLAS CONCORDE,./temp_files/logo/ATLAS CONCORDE.png,"atlas concorde, атлас конкорд, плитка atlas concorde, керамогранит atlas concorde, плитка, керамогранит, atlas concord, плитка конкорд, плитка atlas, поставщик, атлас конкорд италия, атлас конкорд сайт","Каталог керамической плитки и керамогранита ATLAS CONCORDE / АТЛАС КОНКОРД (Италия) от прямого поставщика КЕРАМОТЕКА. Низкие цены, скидки. Оптовые и розничные продажи. Материал в наличии.",ATLAS CONCORDE / АТЛАС КОНКОРД (Италия) Керамическая плитка и керамогранит от прямого поставщика - компании КЕРАМОТЕКА,Италия,TRUST,"atlas concorde trust, атлас конкорд траст, керамогранит trust, купить, поставщик, скидки, цены",Каталог керамического гранита ATLAS CONCORDE TRUST от прямого поставщика КЕРАМОТЕКА. Опт и розница. Скидки. Цены.,ATLAS CONCORDE TRUST / АТЛАС КОНКОРД ТРАСТ - проектный керамогранит для общественных пространств. КЕРАМОТЕКА.,Под заказ,$$$,https://www.keramoteka.ru/upload/uf/78c/keramoteka-atlas-concorde-trust.pdf,Статус NHS - ОТСУТСВУЕТ,Керамогранит,Gold,20X60 СМ,ACL3,./temp_files/img/ATLAS CONCORDE_TRUST_Gold.jpg
ATLAS CONCORDE,./temp_files/logo/ATLAS CONCORDE.png,"atlas concorde, атлас конкорд, плитка atlas concorde, керамогранит atlas concorde, плитка, керамогранит, atlas concord, плитка конкорд, плитка atlas, поставщик, атлас конкорд италия, атлас конкорд сайт","Каталог керамической плитки и керамогранита ATLAS CONCORDE / АТЛАС КОНКОРД (Италия) от прямого поставщика КЕРАМОТЕКА. Низкие цены, скидки. Оптовые и розничные продажи. Материал в наличии.",ATLAS CONCORDE / АТЛАС КОНКОРД (Италия) Керамическая плитка и керамогранит от прямого поставщика - компании КЕРАМОТЕКА,Италия,TRUST,"atlas concorde trust, атлас конкорд траст, керамогранит trust, купить, поставщик, скидки, цены",Каталог керамического гранита ATLAS CONCORDE TRUST от прямого поставщика КЕРАМОТЕКА. Опт и розница. Скидки. Цены.,ATLAS CONCORDE TRUST / АТЛАС КОНКОРД ТРАСТ - проектный керамогранит для общественных пространств. КЕРАМОТЕКА.,Под заказ,$$$,https://www.keramoteka.ru/upload/uf/78c/keramoteka-atlas-concorde-trust.pdf,Статус NHS - ОТСУТСВУЕТ,Керамогранит,Titanium,20X60 СМ,ACL6,./temp_files/img/ATLAS CONCORDE_TRUST_Titanium.jpg
ATLAS CONCORDE,./temp_files/logo/ATLAS CONCORDE.png,"atlas concorde, атлас конкорд, плитка atlas concorde, керамогранит atlas concorde, плитка, керамогранит, atlas concord, плитка конкорд, плитка atlas, поставщик, атлас конкорд италия, атлас конкорд сайт","Каталог керамической плитки и керамогранита ATLAS CONCORDE / АТЛАС КОНКОРД (Италия) от прямого поставщика КЕРАМОТЕКА. Низкие цены, скидки. Оптовые и розничные продажи. Материал в наличии.",ATLAS CONCORDE / АТЛАС КОНКОРД (Италия) Керамическая плитка и керамогранит от прямого поставщика - компании КЕРАМОТЕКА,Италия,TRUST,"atlas concorde trust, атлас конкорд траст, керамогранит trust, купить, поставщик, скидки, цены",Каталог керамического гранита ATLAS CONCORDE TRUST от прямого поставщика КЕРАМОТЕКА. Опт и розница. Скидки. Цены.,ATLAS CONCORDE TRUST / АТЛАС КОНКОРД ТРАСТ - проектный керамогранит для общественных пространств. КЕРАМОТЕКА.,Под заказ,$$$,https://www.keramoteka.ru/upload/uf/78c/keramoteka-atlas-concorde-trust.pdf,Статус NHS - ОТСУТСВУЕТ,Керамогранит,Silver,30X30 СМ,ACJ6,./temp_files/img/ATLAS CONCORDE_TRUST_Silver.jpg
ATLAS CONCORDE,./temp_files/logo/ATLAS CONCORDE.png,"atlas concorde, атлас конкорд, плитка atlas concorde, керамогранит atlas concorde, плитка, керамогранит, atlas concord, плитка конкорд, плитка atlas, поставщик, атлас конкорд италия, атлас конкорд сайт","Каталог керамической плитки и керамогранита ATLAS CONCORDE / АТЛАС КОНКОРД (Италия) от прямого поставщика КЕРАМОТЕКА. Низкие цены, скидки. Оптовые и розничные продажи. Материал в наличии.",ATLAS CONCORDE / АТЛАС КОНКОРД (Италия) Керамическая плитка и керамогранит от прямого поставщика - компании КЕРАМОТЕКА,Италия,TRUST,"atlas concorde trust, атлас конкорд траст, керамогранит trust, купить, поставщик, скидки, цены",Каталог керамического гранита ATLAS CONCORDE TRUST от прямого поставщика КЕРАМОТЕКА. Опт и розница. Скидки. Цены.,ATLAS CONCORDE TRUST / АТЛАС КОНКОРД ТРАСТ - проектный керамогранит для общественных пространств. КЕРАМОТЕКА.,Под заказ,$$$,https://www.keramoteka.ru/upload/uf/78c/keramoteka-atlas-concorde-trust.pdf,Статус NHS - ОТСУТСВУЕТ,Керамогранит,Copper,30X30 СМ,ACJ7,./temp_files/img/ATLAS CONCORDE_TRUST_Copper.jpg
ATLAS CONCORDE,./temp_files/logo/ATLAS CONCORDE.png,"atlas concorde, атлас конкорд, плитка atlas concorde, керамогранит atlas concorde, плитка, керамогранит, atlas concord, плитка конкорд, плитка atlas, поставщик, атлас конкорд италия, атлас конкорд сайт","Каталог керамической плитки и керамогранита ATLAS CONCORDE / АТЛАС КОНКОРД (Италия) от прямого поставщика КЕРАМОТЕКА. Низкие цены, скидки. Оптовые и розничные продажи. Материал в наличии.",ATLAS CONCORDE / АТЛАС КОНКОРД (Италия) Керамическая плитка и керамогранит от прямого поставщика - компании КЕРАМОТЕКА,Италия,TRUST,"atlas concorde trust, атлас конкорд траст, керамогранит trust, купить, поставщик, скидки, цены",Каталог керамического гранита ATLAS CONCORDE TRUST от прямого поставщика КЕРАМОТЕКА. Опт и розница. Скидки. Цены.,ATLAS CONCORDE TRUST / АТЛАС КОНКОРД ТРАСТ - проектный керамогранит для общественных пространств. КЕРАМОТЕКА.,Под заказ,$$$,https://www.keramoteka.ru/upload/uf/78c/keramoteka-atlas-concorde-trust.pdf,Статус NHS - ОТСУТСВУЕТ,Керамогранит,Ivory,30X30 СМ,ACJ4,./temp_files/img/ATLAS CONCORDE_TRUST_Ivory.jpg
ATLAS CONCORDE,./temp_files/logo/ATLAS CONCORDE.png,"atlas concorde, атлас конкорд, плитка atlas concorde, керамогранит atlas concorde, плитка, керамогранит, atlas concord, плитка конкорд, плитка atlas, поставщик, атлас конкорд италия, атлас конкорд сайт","Каталог керамической плитки и керамогранита ATLAS CONCORDE / АТЛАС КОНКОРД (Италия) от прямого поставщика КЕРАМОТЕКА. Низкие цены, скидки. Оптовые и розничные продажи. Материал в наличии.",ATLAS CONCORDE / АТЛАС КОНКОРД (Италия) Керамическая плитка и керамогранит от прямого поставщика - компании КЕРАМОТЕКА,Италия,TRUST,"atlas concorde trust, атлас конкорд траст, керамогранит trust, купить, поставщик, скидки, цены",Каталог керамического гранита ATLAS CONCORDE TRUST от прямого поставщика КЕРАМОТЕКА. Опт и розница. Скидки. Цены.,ATLAS CONCORDE TRUST / АТЛАС КОНКОРД ТРАСТ - проектный керамогранит для общественных пространств. КЕРАМОТЕКА.,Под заказ,$$$,https://www.keramoteka.ru/upload/uf/78c/keramoteka-atlas-concorde-trust.pdf,Статус NHS - ОТСУТСВУЕТ,Керамогранит,Gold,30X30 СМ,ACJ5,./temp_files/img/ATLAS CONCORDE_TRUST_Gold.jpg
ATLAS CONCORDE,./temp_files/logo/ATLAS CONCORDE.png,"atlas concorde, атлас конкорд, плитка atlas concorde, керамогранит atlas concorde, плитка, керамогранит, atlas concord, плитка конкорд, плитка atlas, поставщик, атлас конкорд италия, атлас конкорд сайт","Каталог керамической плитки и керамогранита ATLAS CONCORDE / АТЛАС КОНКОРД (Италия) от прямого поставщика КЕРАМОТЕКА. Низкие цены, скидки. Оптовые и розничные продажи. Материал в наличии.",ATLAS CONCORDE / АТЛАС КОНКОРД (Италия) Керамическая плитка и керамогранит от прямого поставщика - компании КЕРАМОТЕКА,Италия,TRUST,"atlas concorde trust, атлас конкорд траст, керамогранит trust, купить, поставщик, скидки, цены",Каталог керамического гранита ATLAS CONCORDE TRUST от прямого поставщика КЕРАМОТЕКА. Опт и розница. Скидки. Цены.,ATLAS CONCORDE TRUST / АТЛАС КОНКОРД ТРАСТ - проектный керамогранит для общественных пространств. КЕРАМОТЕКА.,Под заказ,$$$,https://www.keramoteka.ru/upload/uf/78c/keramoteka-atlas-concorde-trust.pdf,Статус NHS - ОТСУТСВУЕТ,Керамогранит,Titanium,30X30 СМ,ACJ8,./temp_files/img/ATLAS CONCORDE_TRUST_Titanium.jpg
ATLAS CONCORDE,./temp_files/logo/ATLAS CONCORDE.png,"atlas concorde, атлас конкорд, плитка atlas concorde, керамогранит atlas concorde, плитка, керамогранит, atlas concord, плитка конкорд, плитка atlas, поставщик, атлас конкорд италия, атлас конкорд сайт","Каталог керамической плитки и керамогранита ATLAS CONCORDE / АТЛАС КОНКОРД (Италия) от прямого поставщика КЕРАМОТЕКА. Низкие цены, скидки. Оптовые и розничные продажи. Материал в наличии.",ATLAS CONCORDE / АТЛАС КОНКОРД (Италия) Керамическая плитка и керамогранит от прямого поставщика - компании КЕРАМОТЕКА,Италия,TRUST,"atlas concorde trust, атлас конкорд траст, керамогранит trust, купить, поставщик, скидки, цены",Каталог керамического гранита ATLAS CONCORDE TRUST от прямого поставщика КЕРАМОТЕКА. Опт и розница. Скидки. Цены.,ATLAS CONCORDE TRUST / АТЛАС КОНКОРД ТРАСТ - проектный керамогранит для общественных пространств. КЕРАМОТЕКА.,Под заказ,$$$,https://www.keramoteka.ru/upload/uf/78c/keramoteka-atlas-concorde-trust.pdf,Статус NHS - ОТСУТСВУЕТ,Керамогранит,Silver,15X15 СМ,ARIZ,./temp_files/img/ATLAS CONCORDE_TRUST_Silver.jpg
ATLAS CONCORDE,./temp_files/logo/ATLAS CONCORDE.png,"atlas concorde, атлас конкорд, плитка atlas concorde, керамогранит atlas concorde, плитка, керамогранит, atlas concord, плитка конкорд, плитка atlas, поставщик, атлас конкорд италия, атлас конкорд сайт","Каталог керамической плитки и керамогранита ATLAS CONCORDE / АТЛАС КОНКОРД (Италия) от прямого поставщика КЕРАМОТЕКА. Низкие цены, скидки. Оптовые и розничные продажи. Материал в наличии.",ATLAS CONCORDE / АТЛАС КОНКОРД (Италия) Керамическая плитка и керамогранит от прямого поставщика - компании КЕРАМОТЕКА,Италия,TRUST,"atlas concorde trust, атлас конкорд траст, керамогранит trust, купить, поставщик, скидки, цены",Каталог керамического гранита ATLAS CONCORDE TRUST от прямого поставщика КЕРАМОТЕКА. Опт и розница. Скидки. Цены.,ATLAS CONCORDE TRUST / АТЛАС КОНКОРД ТРАСТ - проектный керамогранит для общественных пространств. КЕРАМОТЕКА.,Под заказ,$$$,https://www.keramoteka.ru/upload/uf/78c/keramoteka-atlas-concorde-trust.pdf,Статус NHS - ОТСУТСВУЕТ,Керамогранит,Copper,15X15 СМ,ARI0,./temp_files/img/ATLAS CONCORDE_TRUST_Copper.jpg
ATLAS CONCORDE,./temp_files/logo/ATLAS CONCORDE.png,"atlas concorde, атлас конкорд, плитка atlas concorde, керамогранит atlas concorde, плитка, керамогранит, atlas concord, плитка конкорд, плитка atlas, поставщик, атлас конкорд италия, атлас конкорд сайт","Каталог керамической плитки и керамогранита ATLAS CONCORDE / АТЛАС КОНКОРД (Италия) от прямого поставщика КЕРАМОТЕКА. Низкие цены, скидки. Оптовые и розничные продажи. Материал в наличии.",ATLAS CONCORDE / АТЛАС КОНКОРД (Италия) Керамическая плитка и керамогранит от прямого поставщика - компании КЕРАМОТЕКА,Италия,TRUST,"atlas concorde trust, атлас конкорд траст, керамогранит trust, купить, поставщик, скидки, цены",Каталог керамического гранита ATLAS CONCORDE TRUST от прямого поставщика КЕРАМОТЕКА. Опт и розница. Скидки. Цены.,ATLAS CONCORDE TRUST / АТЛАС КОНКОРД ТРАСТ - проектный керамогранит для общественных пространств. КЕРАМОТЕКА.,Под заказ,$$$,https://www.keramoteka.ru/upload/uf/78c/keramoteka-atlas-concorde-trust.pdf,Статус NHS - ОТСУТСВУЕТ,Керамогранит,Ivory,15X15 СМ,ARIX,./temp_files/img/ATLAS CONCORDE_TRUST_Ivory.jpg
ATLAS CONCORDE,./temp_files/logo/ATLAS CONCORDE.png,"atlas concorde, атлас конкорд, плитка atlas concorde, керамогранит atlas concorde, плитка, керамогранит, atlas concord, плитка конкорд, плитка atlas, поставщик, атлас конкорд италия, атлас конкорд сайт","Каталог керамической плитки и керамогранита ATLAS CONCORDE / АТЛАС КОНКОРД (Италия) от прямого поставщика КЕРАМОТЕКА. Низкие цены, скидки. Оптовые и розничные продажи. Материал в наличии.",ATLAS CONCORDE / АТЛАС КОНКОРД (Италия) Керамическая плитка и керамогранит от прямого поставщика - компании КЕРАМОТЕКА,Италия,TRUST,"atlas concorde trust, атлас конкорд траст, керамогранит trust, купить, поставщик, скидки, цены",Каталог керамического гранита ATLAS CONCORDE TRUST от прямого поставщика КЕРАМОТЕКА. Опт и розница. Скидки. Цены.,ATLAS CONCORDE TRUST / АТЛАС КОНКОРД ТРАСТ - проектный керамогранит для общественных пространств. КЕРАМОТЕКА.,Под заказ,$$$,https://www.keramoteka.ru/upload/uf/78c/keramoteka-atlas-concorde-trust.pdf,Статус NHS - ОТСУТСВУЕТ,Керамогранит,Gold,15X15 СМ,ARIY,./temp_files/img/ATLAS CONCORDE_TRUST_Gold.jpg
ATLAS CONCORDE,./temp_files/logo/ATLAS CONCORDE.png,"atlas concorde, атлас конкорд, плитка atlas concorde, керамогранит atlas concorde, плитка, керамогранит, atlas concord, плитка конкорд, плитка atlas, поставщик, атлас конкорд италия, атлас конкорд сайт","Каталог керамической плитки и керамогранита ATLAS CONCORDE / АТЛАС КОНКОРД (Италия) от прямого поставщика КЕРАМОТЕКА. Низкие цены, скидки. Оптовые и розничные продажи. Материал в наличии.",ATLAS CONCORDE / АТЛАС КОНКОРД (Италия) Керамическая плитка и керамогранит от прямого поставщика - компании КЕРАМОТЕКА,Италия,TRUST,"atlas concorde trust, атлас конкорд траст, керамогранит trust, купить, поставщик, скидки, цены",Каталог керамического гранита ATLAS CONCORDE TRUST от прямого поставщика КЕРАМОТЕКА. Опт и розница. Скидки. Цены.,ATLAS CONCORDE TRUST / АТЛАС КОНКОРД ТРАСТ - проектный керамогранит для общественных пространств. КЕРАМОТЕКА.,Под заказ,$$$,https://www.keramoteka.ru/upload/uf/78c/keramoteka-atlas-concorde-trust.pdf,Статус NHS - ОТСУТСВУЕТ,Керамогранит,Titanium,15X15 СМ,ARI4,./temp_files/img/ATLAS CONCORDE_TRUST_Titanium.jpg
ATLAS CONCORDE,./temp_files/logo/ATLAS CONCORDE.png,"atlas concorde, атлас конкорд, плитка atlas concorde, керамогранит atlas concorde, плитка, керамогранит, atlas concord, плитка конкорд, плитка atlas, поставщик, атлас конкорд италия, атлас конкорд сайт","Каталог керамической плитки и керамогранита ATLAS CONCORDE / АТЛАС КОНКОРД (Италия) от прямого поставщика КЕРАМОТЕКА. Низкие цены, скидки. Оптовые и розничные продажи. Материал в наличии.",ATLAS CONCORDE / АТЛАС КОНКОРД (Италия) Керамическая плитка и керамогранит от прямого поставщика - компании КЕРАМОТЕКА,Италия,TRUST,"atlas concorde trust, атлас конкорд траст, керамогранит trust, купить, поставщик, скидки, цены",Каталог керамического гранита ATLAS CONCORDE TRUST от прямого поставщика КЕРАМОТЕКА. Опт и розница. Скидки. Цены.,ATLAS CONCORDE TRUST / АТЛАС КОНКОРД ТРАСТ - проектный керамогранит для общественных пространств. КЕРАМОТЕКА.,Под заказ,$$$,https://www.keramoteka.ru/upload/uf/78c/keramoteka-atlas-concorde-trust.pdf,Статус NHS - ОТСУТСВУЕТ,Керамогранит,Silver LASTRA 20mm,45X90 СМ,ACHG,./temp_files/img/ATLAS CONCORDE_TRUST_Silver LASTRA 20mm.jpg
ATLAS CONCORDE,./temp_files/logo/ATLAS CONCORDE.png,"atlas concorde, атлас конкорд, плитка atlas concorde, керамогранит atlas concorde, плитка, керамогранит, atlas concord, плитка конкорд, плитка atlas, поставщик, атлас конкорд италия, атлас конкорд сайт","Каталог керамической плитки и керамогранита ATLAS CONCORDE / АТЛАС КОНКОРД (Италия) от прямого поставщика КЕРАМОТЕКА. Низкие цены, скидки. Оптовые и розничные продажи. Материал в наличии.",ATLAS CONCORDE / АТЛАС КОНКОРД (Италия) Керамическая плитка и керамогранит от прямого поставщика - компании КЕРАМОТЕКА,Италия,TRUST,"atlas concorde trust, атлас конкорд траст, керамогранит trust, купить, поставщик, скидки, цены",Каталог керамического гранита ATLAS CONCORDE TRUST от прямого поставщика КЕРАМОТЕКА. Опт и розница. Скидки. Цены.,ATLAS CONCORDE TRUST / АТЛАС КОНКОРД ТРАСТ - проектный керамогранит для общественных пространств. КЕРАМОТЕКА.,Под заказ,$$$,https://www.keramoteka.ru/upload/uf/78c/keramoteka-atlas-concorde-trust.pdf,Статус NHS - ОТСУТСВУЕТ,Керамогранит,Gold LASTRA 20mm,45X90 СМ,ACHH,./temp_files/img/ATLAS CONCORDE_TRUST_Gold LASTRA 20mm.jpg
ATLAS CONCORDE,./temp_files/logo/ATLAS CONCORDE.png,"atlas concorde, атлас конкорд, плитка atlas concorde, керамогранит atlas concorde, плитка, керамогранит, atlas concord, плитка конкорд, плитка atlas, поставщик, атлас конкорд италия, атлас конкорд сайт","Каталог керамической плитки и керамогранита ATLAS CONCORDE / АТЛАС КОНКОРД (Италия) от прямого поставщика КЕРАМОТЕКА. Низкие цены, скидки. Оптовые и розничные продажи. Материал в наличии.",ATLAS CONCORDE / АТЛАС КОНКОРД (Италия) Керамическая плитка и керамогранит от прямого поставщика - компании КЕРАМОТЕКА,Италия,TRUST,"atlas concorde trust, атлас конкорд траст, керамогранит trust, купить, поставщик, скидки, цены",Каталог керамического гранита ATLAS CONCORDE TRUST от прямого поставщика КЕРАМОТЕКА. Опт и розница. Скидки. Цены.,ATLAS CONCORDE TRUST / АТЛАС КОНКОРД ТРАСТ - проектный керамогранит для общественных пространств. КЕРАМОТЕКА.,Под заказ,$$$,https://www.keramoteka.ru/upload/uf/78c/keramoteka-atlas-concorde-trust.pdf,Статус NHS - ОТСУТСВУЕТ,Керамогранит,Titanium LASTRA 20mm,45X90 СМ,ACHJ,./temp_files/img/ATLAS CONCORDE_TRUST_Titanium LASTRA 20mm.jpg
ATLAS CONCORDE,./temp_files/logo/ATLAS CONCORDE.png,"atlas concorde, атлас конкорд, плитка atlas concorde, керамогранит atlas concorde, плитка, керамогранит, atlas concord, плитка конкорд, плитка atlas, поставщик, атлас конкорд италия, атлас конкорд сайт","Каталог керамической плитки и керамогранита ATLAS CONCORDE / АТЛАС КОНКОРД (Италия) от прямого поставщика КЕРАМОТЕКА. Низкие цены, скидки. Оптовые и розничные продажи. Материал в наличии.",ATLAS CONCORDE / АТЛАС КОНКОРД (Италия) Керамическая плитка и керамогранит от прямого поставщика - компании КЕРАМОТЕКА,Италия,TRUST,"atlas concorde trust, атлас конкорд траст, керамогранит trust, купить, поставщик, скидки, цены",Каталог керамического гранита ATLAS CONCORDE TRUST от прямого поставщика КЕРАМОТЕКА. Опт и розница. Скидки. Цены.,ATLAS CONCORDE TRUST / АТЛАС КОНКОРД ТРАСТ - проектный керамогранит для общественных пространств. КЕРАМОТЕКА.,Под заказ,$$$,https://www.keramoteka.ru/upload/uf/78c/keramoteka-atlas-concorde-trust.pdf,Статус NHS - ОТСУТСВУЕТ,Керамогранит,Silver LASTRA 20mm,60X60 СМ,ABLJ,./temp_files/img/ATLAS CONCORDE_TRUST_Silver LASTRA 20mm.jpg
ATLAS CONCORDE,./temp_files/logo/ATLAS CONCORDE.png,"atlas concorde, атлас конкорд, плитка atlas concorde, керамогранит atlas concorde, плитка, керамогранит, atlas concord, плитка конкорд, плитка atlas, поставщик, атлас конкорд италия, атлас конкорд сайт","Каталог керамической плитки и керамогранита ATLAS CONCORDE / АТЛАС КОНКОРД (Италия) от прямого поставщика КЕРАМОТЕКА. Низкие цены, скидки. Оптовые и розничные продажи. Материал в наличии.",ATLAS CONCORDE / АТЛАС КОНКОРД (Италия) Керамическая плитка и керамогранит от прямого поставщика - компании КЕРАМОТЕКА,Италия,TRUST,"atlas concorde trust, атлас конкорд траст, керамогранит trust, купить, поставщик, скидки, цены",Каталог керамического гранита ATLAS CONCORDE TRUST от прямого поставщика КЕРАМОТЕКА. Опт и розница. Скидки. Цены.,ATLAS CONCORDE TRUST / АТЛАС КОНКОРД ТРАСТ - проектный керамогранит для общественных пространств. КЕРАМОТЕКА.,Под заказ,$$$,https://www.keramoteka.ru/upload/uf/78c/keramoteka-atlas-concorde-trust.pdf,Статус NHS - ОТСУТСВУЕТ,Керамогранит,Gold LASTRA 20mm,60X60 СМ,ABLI,./temp_files/img/ATLAS CONCORDE_TRUST_Gold LASTRA 20mm.jpg
ATLAS CONCORDE,./temp_files/logo/ATLAS CONCORDE.png,"atlas concorde, атлас конкорд, плитка atlas concorde, керамогранит atlas concorde, плитка, керамогранит, atlas concord, плитка конкорд, плитка atlas, поставщик, атлас конкорд италия, атлас конкорд сайт","Каталог керамической плитки и керамогранита ATLAS CONCORDE / АТЛАС КОНКОРД (Италия) от прямого поставщика КЕРАМОТЕКА. Низкие цены, скидки. Оптовые и розничные продажи. Материал в наличии.",ATLAS CONCORDE / АТЛАС КОНКОРД (Италия) Керамическая плитка и керамогранит от прямого поставщика - компании КЕРАМОТЕКА,Италия,TRUST,"atlas concorde trust, атлас конкорд траст, керамогранит trust, купить, поставщик, скидки, цены",Каталог керамического гранита ATLAS CONCORDE TRUST от прямого поставщика КЕРАМОТЕКА. Опт и розница. Скидки. Цены.,ATLAS CONCORDE TRUST / АТЛАС КОНКОРД ТРАСТ - проектный керамогранит для общественных пространств. КЕРАМОТЕКА.,Под заказ,$$$,https://www.keramoteka.ru/upload/uf/78c/keramoteka-atlas-concorde-trust.pdf,Статус NHS - ОТСУТСВУЕТ,Керамогранит,Titanium LASTRA 20mm,60X60 СМ,ABLK,./temp_files/img/ATLAS CONCORDE_TRUST_Titanium LASTRA 20mm.jpg
ATLAS CONCORDE,./temp_files/logo/ATLAS CONCORDE.png,"atlas concorde, атлас конкорд, плитка atlas concorde, керамогранит atlas concorde, плитка, керамогранит, atlas concord, плитка конкорд, плитка atlas, поставщик, атлас конкорд италия, атлас конкорд сайт","Каталог керамической плитки и керамогранита ATLAS CONCORDE / АТЛАС КОНКОРД (Италия) от прямого поставщика КЕРАМОТЕКА. Низкие цены, скидки. Оптовые и розничные продажи. Материал в наличии.",ATLAS CONCORDE / АТЛАС КОНКОРД (Италия) Керамическая плитка и керамогранит от прямого поставщика - компании КЕРАМОТЕКА,Италия,TRUST,"atlas concorde trust, атлас конкорд траст, керамогранит trust, купить, поставщик, скидки, цены",Каталог керамического гранита ATLAS CONCORDE TRUST от прямого поставщика КЕРАМОТЕКА. Опт и розница. Скидки. Цены.,ATLAS CONCORDE TRUST / АТЛАС КОНКОРД ТРАСТ - проектный керамогранит для общественных пространств. КЕРАМОТЕКА.,Под заказ,$$$,https://www.keramoteka.ru/upload/uf/78c/keramoteka-atlas-concorde-trust.pdf,Статус NHS - ОТСУТСВУЕТ,Мозаика /Керамогранит/,Silver Mosaico,30X30 СМ,ACLD,./temp_files/img/ATLAS CONCORDE_TRUST_Silver Mosaico.jpg
ATLAS CONCORDE,./temp_files/logo/ATLAS CONCORDE.png,"atlas concorde, атлас конкорд, плитка atlas concorde, керамогранит atlas concorde, плитка, керамогранит, atlas concord, плитка конкорд, плитка atlas, поставщик, атлас конкорд италия, атлас конкорд сайт","Каталог керамической плитки и керамогранита ATLAS CONCORDE / АТЛАС КОНКОРД (Италия) от прямого поставщика КЕРАМОТЕКА. Низкие цены, скидки. Оптовые и розничные продажи. Материал в наличии.",ATLAS CONCORDE / АТЛАС КОНКОРД (Италия) Керамическая плитка и керамогранит от прямого поставщика - компании КЕРАМОТЕКА,Италия,TRUST,"atlas concorde trust, атлас конкорд траст, керамогранит trust, купить, поставщик, скидки, цены",Каталог керамического гранита ATLAS CONCORDE TRUST от прямого поставщика КЕРАМОТЕКА. Опт и розница. Скидки. Цены.,ATLAS CONCORDE TRUST / АТЛАС КОНКОРД ТРАСТ - проектный керамогранит для общественных пространств. КЕРАМОТЕКА.,Под заказ,$$$,https://www.keramoteka.ru/upload/uf/78c/keramoteka-atlas-concorde-trust.pdf,Статус NHS - ОТСУТСВУЕТ,Мозаика /Керамогранит/,Copper Mosaico,30X30 СМ,ACLE,./temp_files/img/ATLAS CONCORDE_TRUST_Copper Mosaico.jpg
ATLAS CONCORDE,./temp_files/logo/ATLAS CONCORDE.png,"atlas concorde, атлас конкорд, плитка atlas concorde, керамогранит atlas concorde, плитка, керамогранит, atlas concord, плитка конкорд, плитка atlas, поставщик, атлас конкорд италия, атлас конкорд сайт","Каталог керамической плитки и керамогранита ATLAS CONCORDE / АТЛАС КОНКОРД (Италия) от прямого поставщика КЕРАМОТЕКА. Низкие цены, скидки. Оптовые и розничные продажи. Материал в наличии.",ATLAS CONCORDE / АТЛАС КОНКОРД (Италия) Керамическая плитка и керамогранит от прямого поставщика - компании КЕРАМОТЕКА,Италия,TRUST,"atlas concorde trust, атлас конкорд траст, керамогранит trust, купить, поставщик, скидки, цены",Каталог керамического гранита ATLAS CONCORDE TRUST от прямого поставщика КЕРАМОТЕКА. Опт и розница. Скидки. Цены.,ATLAS CONCORDE TRUST / АТЛАС КОНКОРД ТРАСТ - проектный керамогранит для общественных пространств. КЕРАМОТЕКА.,Под заказ,$$$,https://www.keramoteka.ru/upload/uf/78c/keramoteka-atlas-concorde-trust.pdf,Статус NHS - ОТСУТСВУЕТ,Мозаика /Керамогранит/,Ivory Mosaico,30X30 СМ,ACLA,./temp_files/img/ATLAS CONCORDE_TRUST_Ivory Mosaico.jpg
ATLAS CONCORDE,./temp_files/logo/ATLAS CONCORDE.png,"atlas concorde, атлас конкорд, плитка atlas concorde, керамогранит atlas concorde, плитка, керамогранит, atlas concord, плитка конкорд, плитка atlas, поставщик, атлас конкорд италия, атлас конкорд сайт","Каталог керамической плитки и керамогранита ATLAS CONCORDE / АТЛАС КОНКОРД (Италия) от прямого поставщика КЕРАМОТЕКА. Низкие цены, скидки. Оптовые и розничные продажи. Материал в наличии.",ATLAS CONCORDE / АТЛАС КОНКОРД (Италия) Керамическая плитка и керамогранит от прямого поставщика - компании КЕРАМОТЕКА,Италия,TRUST,"atlas concorde trust, атлас конкорд траст, керамогранит trust, купить, поставщик, скидки, цены",Каталог керамического гранита ATLAS CONCORDE TRUST от прямого поставщика КЕРАМОТЕКА. Опт и розница. Скидки. Цены.,ATLAS CONCORDE TRUST / АТЛАС КОНКОРД ТРАСТ - проектный керамогранит для общественных пространств. КЕРАМОТЕКА.,Под заказ,$$$,https://www.keramoteka.ru/upload/uf/78c/keramoteka-atlas-concorde-trust.pdf,Статус NHS - ОТСУТСВУЕТ,Мозаика /Керамогранит/,Gold Mosaico,30X30 СМ,ACLC,./temp_files/img/ATLAS CONCORDE_TRUST_Gold Mosaico.jpg
ATLAS CONCORDE,./temp_files/logo/ATLAS CONCORDE.png,"atlas concorde, атлас конкорд, плитка atlas concorde, керамогранит atlas concorde, плитка, керамогранит, atlas concord, плитка конкорд, плитка atlas, поставщик, атлас конкорд италия, атлас конкорд сайт","Каталог керамической плитки и керамогранита ATLAS CONCORDE / АТЛАС КОНКОРД (Италия) от прямого поставщика КЕРАМОТЕКА. Низкие цены, скидки. Оптовые и розничные продажи. Материал в наличии.",ATLAS CONCORDE / АТЛАС КОНКОРД (Италия) Керамическая плитка и керамогранит от прямого поставщика - компании КЕРАМОТЕКА,Италия,TRUST,"atlas concorde trust, атлас конкорд траст, керамогранит trust, купить, поставщик, скидки, цены",Каталог керамического гранита ATLAS CONCORDE TRUST от прямого поставщика КЕРАМОТЕКА. Опт и розница. Скидки. Цены.,ATLAS CONCORDE TRUST / АТЛАС КОНКОРД ТРАСТ - проектный керамогранит для общественных пространств. КЕРАМОТЕКА.,Под заказ,$$$,https://www.keramoteka.ru/upload/uf/78c/keramoteka-atlas-concorde-trust.pdf,Статус NHS - ОТСУТСВУЕТ,Мозаика /Керамогранит/,Titanium Mosaico,30X30 СМ,ACLF,./temp_files/img/ATLAS CONCORDE_TRUST_Titanium Mosaico.jpg
