ATLAS CONCORDE,./temp_files/logo/ATLAS CONCORDE.png,"atlas concorde, атлас конкорд, плитка atlas concorde, керамогранит atlas concorde, плитка, керамогранит, atlas concord, плитка конкорд, плитка atlas, поставщик, атлас конкорд италия, атлас конкорд сайт","Каталог керамической плитки и керамогранита ATLAS CONCORDE / АТЛАС КОНКОРД (Италия) от прямого поставщика КЕРАМОТЕКА. Низкие цены, скидки. Оптовые и розничные продажи. Материал в наличии.",ATLAS CONCORDE / АТЛАС КОНКОРД (Италия) Керамическая плитка и керамогранит от прямого поставщика - компании КЕРАМОТЕКА,Италия,SEASTONE,"atlas concorde seastone, атлас конкорд систоун, керамогранит seastone, купить, поставщик, скидки, цены",Каталог керамического гранита ATLAS CONCORDE SEASTONE от прямого поставщика КЕРАМОТЕКА. Опт и розница. Скидки. Цены.,ATLAS CONCORDE SEASTONE / АТЛАС КОНКОРД СИСТОУН - проектный керамогранит для общественных пространств. КЕРАМОТЕКА.,Под заказ,$$$,https://www.keramoteka.ru/upload/uf/444/keramoteka-atlas-concorde-seastone.pdf,Статус NHS - ОТСУТСВУЕТ,Керамогранит,Gray,75X75 СМ,8S49,./temp_files/img/ATLAS CONCORDE_SEASTONE_Gray.jpg
ATLAS CONCORDE,./temp_files/logo/ATLAS CONCORDE.png,"atlas concorde, атлас конкорд, плитка atlas concorde, керамогранит atlas concorde, плитка, керамогранит, atlas concord, плитка конкорд, плитка atlas, поставщик, атлас конкорд италия, атлас конкорд сайт","Каталог керамической плитки и керамогранита ATLAS CONCORDE / АТЛАС КОНКОРД (Италия) от прямого поставщика КЕРАМОТЕКА. Низкие цены, скидки. Оптовые и розничные продажи. Материал в наличии.",ATLAS CONCORDE / АТЛАС КОНКОРД (Италия) Керамическая плитка и керамогранит от прямого поставщика - компании КЕРАМОТЕКА,Италия,SEASTONE,"atlas concorde seastone, атлас конкорд систоун, керамогранит seastone, купить, поставщик, скидки, цены",Каталог керамического гранита ATLAS CONCORDE SEASTONE от прямого поставщика КЕРАМОТЕКА. Опт и розница. Скидки. Цены.,ATLAS CONCORDE SEASTONE / АТЛАС КОНКОРД СИСТОУН - проектный керамогранит для общественных пространств. КЕРАМОТЕКА.,Под заказ,$$$,https://www.keramoteka.ru/upload/uf/444/keramoteka-atlas-concorde-seastone.pdf,Статус NHS - ОТСУТСВУЕТ,Керамогранит,Greige,75X75 СМ,8S50,./temp_files/img/ATLAS CONCORDE_SEASTONE_Greige.jpg
ATLAS CONCORDE,./temp_files/logo/ATLAS CONCORDE.png,"atlas concorde, атлас конкорд, плитка atlas concorde, керамогранит atlas concorde, плитка, керамогранит, atlas concord, плитка конкорд, плитка atlas, поставщик, атлас конкорд италия, атлас конкорд сайт","Каталог керамической плитки и керамогранита ATLAS CONCORDE / АТЛАС КОНКОРД (Италия) от прямого поставщика КЕРАМОТЕКА. Низкие цены, скидки. Оптовые и розничные продажи. Материал в наличии.",ATLAS CONCORDE / АТЛАС КОНКОРД (Италия) Керамическая плитка и керамогранит от прямого поставщика - компании КЕРАМОТЕКА,Италия,SEASTONE,"atlas concorde seastone, атлас конкорд систоун, керамогранит seastone, купить, поставщик, скидки, цены",Каталог керамического гранита ATLAS CONCORDE SEASTONE от прямого поставщика КЕРАМОТЕКА. Опт и розница. Скидки. Цены.,ATLAS CONCORDE SEASTONE / АТЛАС КОНКОРД СИСТОУН - проектный керамогранит для общественных пространств. КЕРАМОТЕКА.,Под заказ,$$$,https://www.keramoteka.ru/upload/uf/444/keramoteka-atlas-concorde-seastone.pdf,Статус NHS - ОТСУТСВУЕТ,Керамогранит,Sand,75X75 СМ,8S51,./temp_files/img/ATLAS CONCORDE_SEASTONE_Sand.jpg
ATLAS CONCORDE,./temp_files/logo/ATLAS CONCORDE.png,"atlas concorde, атлас конкорд, плитка atlas concorde, керамогранит atlas concorde, плитка, керамогранит, atlas concord, плитка конкорд, плитка atlas, поставщик, атлас конкорд италия, атлас конкорд сайт","Каталог керамической плитки и керамогранита ATLAS CONCORDE / АТЛАС КОНКОРД (Италия) от прямого поставщика КЕРАМОТЕКА. Низкие цены, скидки. Оптовые и розничные продажи. Материал в наличии.",ATLAS CONCORDE / АТЛАС КОНКОРД (Италия) Керамическая плитка и керамогранит от прямого поставщика - компании КЕРАМОТЕКА,Италия,SEASTONE,"atlas concorde seastone, атлас конкорд систоун, керамогранит seastone, купить, поставщик, скидки, цены",Каталог керамического гранита ATLAS CONCORDE SEASTONE от прямого поставщика КЕРАМОТЕКА. Опт и розница. Скидки. Цены.,ATLAS CONCORDE SEASTONE / АТЛАС КОНКОРД СИСТОУН - проектный керамогранит для общественных пространств. КЕРАМОТЕКА.,Под заказ,$$$,https://www.keramoteka.ru/upload/uf/444/keramoteka-atlas-concorde-seastone.pdf,Статус NHS - ОТСУТСВУЕТ,Керамогранит,Black,75X75 СМ,8S48,./temp_files/img/ATLAS CONCORDE_SEASTONE_Black.jpg
ATLAS CONCORDE,./temp_files/logo/ATLAS CONCORDE.png,"atlas concorde, атлас конкорд, плитка atlas concorde, керамогранит atlas concorde, плитка, керамогранит, atlas concord, плитка конкорд, плитка atlas, поставщик, атлас конкорд италия, атлас конкорд сайт","Каталог керамической плитки и керамогранита ATLAS CONCORDE / АТЛАС КОНКОРД (Италия) от прямого поставщика КЕРАМОТЕКА. Низкие цены, скидки. Оптовые и розничные продажи. Материал в наличии.",ATLAS CONCORDE / АТЛАС КОНКОРД (Италия) Керамическая плитка и керамогранит от прямого поставщика - компании КЕРАМОТЕКА,Италия,SEASTONE,"atlas concorde seastone, атлас конкорд систоун, керамогранит seastone, купить, поставщик, скидки, цены",Каталог керамического гранита ATLAS CONCORDE SEASTONE от прямого поставщика КЕРАМОТЕКА. Опт и розница. Скидки. Цены.,ATLAS CONCORDE SEASTONE / АТЛАС КОНКОРД СИСТОУН - проектный керамогранит для общественных пространств. КЕРАМОТЕКА.,Под заказ,$$$,https://www.keramoteka.ru/upload/uf/444/keramoteka-atlas-concorde-seastone.pdf,Статус NHS - ОТСУТСВУЕТ,Керамогранит,White,75X75 СМ,8S52,./temp_files/img/ATLAS CONCORDE_SEASTONE_White.jpg
ATLAS CONCORDE,./temp_files/logo/ATLAS CONCORDE.png,"atlas concorde, атлас конкорд, плитка atlas concorde, керамогранит atlas concorde, плитка, керамогранит, atlas concord, плитка конкорд, плитка atlas, поставщик, атлас конкорд италия, атлас конкорд сайт","Каталог керамической плитки и керамогранита ATLAS CONCORDE / АТЛАС КОНКОРД (Италия) от прямого поставщика КЕРАМОТЕКА. Низкие цены, скидки. Оптовые и розничные продажи. Материал в наличии.",ATLAS CONCORDE / АТЛАС КОНКОРД (Италия) Керамическая плитка и керамогранит от прямого поставщика - компании КЕРАМОТЕКА,Италия,SEASTONE,"atlas concorde seastone, атлас конкорд систоун, керамогранит seastone, купить, поставщик, скидки, цены",Каталог керамического гранита ATLAS CONCORDE SEASTONE от прямого поставщика КЕРАМОТЕКА. Опт и розница. Скидки. Цены.,ATLAS CONCORDE SEASTONE / АТЛАС КОНКОРД СИСТОУН - проектный керамогранит для общественных пространств. КЕРАМОТЕКА.,Под заказ,$$$,https://www.keramoteka.ru/upload/uf/444/keramoteka-atlas-concorde-seastone.pdf,Статус NHS - ОТСУТСВУЕТ,Керамогранит,Gray,45X90 СМ,8S01,./temp_files/img/ATLAS CONCORDE_SEASTONE_Gray.jpg
ATLAS CONCORDE,./temp_files/logo/ATLAS CONCORDE.png,"atlas concorde, атлас конкорд, плитка atlas concorde, керамогранит atlas concorde, плитка, керамогранит, atlas concord, плитка конкорд, плитка atlas, поставщик, атлас конкорд италия, атлас конкорд сайт","Каталог керамической плитки и керамогранита ATLAS CONCORDE / АТЛАС КОНКОРД (Италия) от прямого поставщика КЕРАМОТЕКА. Низкие цены, скидки. Оптовые и розничные продажи. Материал в наличии.",ATLAS CONCORDE / АТЛАС КОНКОРД (Италия) Керамическая плитка и керамогранит от прямого поставщика - компании КЕРАМОТЕКА,Италия,SEASTONE,"atlas concorde seastone, атлас конкорд систоун, керамогранит seastone, купить, поставщик, скидки, цены",Каталог керамического гранита ATLAS CONCORDE SEASTONE от прямого поставщика КЕРАМОТЕКА. Опт и розница. Скидки. Цены.,ATLAS CONCORDE SEASTONE / АТЛАС КОНКОРД СИСТОУН - проектный керамогранит для общественных пространств. КЕРАМОТЕКА.,Под заказ,$$$,https://www.keramoteka.ru/upload/uf/444/keramoteka-atlas-concorde-seastone.pdf,Статус NHS - ОТСУТСВУЕТ,Керамогранит,Greige,45X90 СМ,8S02,./temp_files/img/ATLAS CONCORDE_SEASTONE_Greige.jpg
ATLAS CONCORDE,./temp_files/logo/ATLAS CONCORDE.png,"atlas concorde, атлас конкорд, плитка atlas concorde, керамогранит atlas concorde, плитка, керамогранит, atlas concord, плитка конкорд, плитка atlas, поставщик, атлас конкорд италия, атлас конкорд сайт","Каталог керамической плитки и керамогранита ATLAS CONCORDE / АТЛАС КОНКОРД (Италия) от прямого поставщика КЕРАМОТЕКА. Низкие цены, скидки. Оптовые и розничные продажи. Материал в наличии.",ATLAS CONCORDE / АТЛАС КОНКОРД (Италия) Керамическая плитка и керамогранит от прямого поставщика - компании КЕРАМОТЕКА,Италия,SEASTONE,"atlas concorde seastone, атлас конкорд систоун, керамогранит seastone, купить, поставщик, скидки, цены",Каталог керамического гранита ATLAS CONCORDE SEASTONE от прямого поставщика КЕРАМОТЕКА. Опт и розница. Скидки. Цены.,ATLAS CONCORDE SEASTONE / АТЛАС КОНКОРД СИСТОУН - проектный керамогранит для общественных пространств. КЕРАМОТЕКА.,Под заказ,$$$,https://www.keramoteka.ru/upload/uf/444/keramoteka-atlas-concorde-seastone.pdf,Статус NHS - ОТСУТСВУЕТ,Керамогранит,Sand,45X90 СМ,8S03,./temp_files/img/ATLAS CONCORDE_SEASTONE_Sand.jpg
ATLAS CONCORDE,./temp_files/logo/ATLAS CONCORDE.png,"atlas concorde, атлас конкорд, плитка atlas concorde, керамогранит atlas concorde, плитка, керамогранит, atlas concord, плитка конкорд, плитка atlas, поставщик, атлас конкорд италия, атлас конкорд сайт","Каталог керамической плитки и керамогранита ATLAS CONCORDE / АТЛАС КОНКОРД (Италия) от прямого поставщика КЕРАМОТЕКА. Низкие цены, скидки. Оптовые и розничные продажи. Материал в наличии.",ATLAS CONCORDE / АТЛАС КОНКОРД (Италия) Керамическая плитка и керамогранит от прямого поставщика - компании КЕРАМОТЕКА,Италия,SEASTONE,"atlas concorde seastone, атлас конкорд систоун, керамогранит seastone, купить, поставщик, скидки, цены",Каталог керамического гранита ATLAS CONCORDE SEASTONE от прямого поставщика КЕРАМОТЕКА. Опт и розница. Скидки. Цены.,ATLAS CONCORDE SEASTONE / АТЛАС КОНКОРД СИСТОУН - проектный керамогранит для общественных пространств. КЕРАМОТЕКА.,Под заказ,$$$,https://www.keramoteka.ru/upload/uf/444/keramoteka-atlas-concorde-seastone.pdf,Статус NHS - ОТСУТСВУЕТ,Керамогранит,Black,45X90 СМ,8S04,./temp_files/img/ATLAS CONCORDE_SEASTONE_Black.jpg
ATLAS CONCORDE,./temp_files/logo/ATLAS CONCORDE.png,"atlas concorde, атлас конкорд, плитка atlas concorde, керамогранит atlas concorde, плитка, керамогранит, atlas concord, плитка конкорд, плитка atlas, поставщик, атлас конкорд италия, атлас конкорд сайт","Каталог керамической плитки и керамогранита ATLAS CONCORDE / АТЛАС КОНКОРД (Италия) от прямого поставщика КЕРАМОТЕКА. Низкие цены, скидки. Оптовые и розничные продажи. Материал в наличии.",ATLAS CONCORDE / АТЛАС КОНКОРД (Италия) Керамическая плитка и керамогранит от прямого поставщика - компании КЕРАМОТЕКА,Италия,SEASTONE,"atlas concorde seastone, атлас конкорд систоун, керамогранит seastone, купить, поставщик, скидки, цены",Каталог керамического гранита ATLAS CONCORDE SEASTONE от прямого поставщика КЕРАМОТЕКА. Опт и розница. Скидки. Цены.,ATLAS CONCORDE SEASTONE / АТЛАС КОНКОРД СИСТОУН - проектный керамогранит для общественных пространств. КЕРАМОТЕКА.,Под заказ,$$$,https://www.keramoteka.ru/upload/uf/444/keramoteka-atlas-concorde-seastone.pdf,Статус NHS - ОТСУТСВУЕТ,Керамогранит,White,45X90 СМ,8S05,./temp_files/img/ATLAS CONCORDE_SEASTONE_White.jpg
ATLAS CONCORDE,./temp_files/logo/ATLAS CONCORDE.png,"atlas concorde, атлас конкорд, плитка atlas concorde, керамогранит atlas concorde, плитка, керамогранит, atlas concord, плитка конкорд, плитка atlas, поставщик, атлас конкорд италия, атлас конкорд сайт","Каталог керамической плитки и керамогранита ATLAS CONCORDE / АТЛАС КОНКОРД (Италия) от прямого поставщика КЕРАМОТЕКА. Низкие цены, скидки. Оптовые и розничные продажи. Материал в наличии.",ATLAS CONCORDE / АТЛАС КОНКОРД (Италия) Керамическая плитка и керамогранит от прямого поставщика - компании КЕРАМОТЕКА,Италия,SEASTONE,"atlas concorde seastone, атлас конкорд систоун, керамогранит seastone, купить, поставщик, скидки, цены",Каталог керамического гранита ATLAS CONCORDE SEASTONE от прямого поставщика КЕРАМОТЕКА. Опт и розница. Скидки. Цены.,ATLAS CONCORDE SEASTONE / АТЛАС КОНКОРД СИСТОУН - проектный керамогранит для общественных пространств. КЕРАМОТЕКА.,Под заказ,$$$,https://www.keramoteka.ru/upload/uf/444/keramoteka-atlas-concorde-seastone.pdf,Статус NHS - ОТСУТСВУЕТ,Керамогранит,Gray Strutturato Структурированный,45X90 СМ,8S06,./temp_files/img/ATLAS CONCORDE_SEASTONE_Gray Strutturato Структурированный.jpg
ATLAS CONCORDE,./temp_files/logo/ATLAS CONCORDE.png,"atlas concorde, атлас конкорд, плитка atlas concorde, керамогранит atlas concorde, плитка, керамогранит, atlas concord, плитка конкорд, плитка atlas, поставщик, атлас конкорд италия, атлас конкорд сайт","Каталог керамической плитки и керамогранита ATLAS CONCORDE / АТЛАС КОНКОРД (Италия) от прямого поставщика КЕРАМОТЕКА. Низкие цены, скидки. Оптовые и розничные продажи. Материал в наличии.",ATLAS CONCORDE / АТЛАС КОНКОРД (Италия) Керамическая плитка и керамогранит от прямого поставщика - компании КЕРАМОТЕКА,Италия,SEASTONE,"atlas concorde seastone, атлас конкорд систоун, керамогранит seastone, купить, поставщик, скидки, цены",Каталог керамического гранита ATLAS CONCORDE SEASTONE от прямого поставщика КЕРАМОТЕКА. Опт и розница. Скидки. Цены.,ATLAS CONCORDE SEASTONE / АТЛАС КОНКОРД СИСТОУН - проектный керамогранит для общественных пространств. КЕРАМОТЕКА.,Под заказ,$$$,https://www.keramoteka.ru/upload/uf/444/keramoteka-atlas-concorde-seastone.pdf,Статус NHS - ОТСУТСВУЕТ,Керамогранит,Greige Strutturato Структурированный,45X90 СМ,8S07,./temp_files/img/ATLAS CONCORDE_SEASTONE_Greige Strutturato Структурированный.jpg
ATLAS CONCORDE,./temp_files/logo/ATLAS CONCORDE.png,"atlas concorde, атлас конкорд, плитка atlas concorde, керамогранит atlas concorde, плитка, керамогранит, atlas concord, плитка конкорд, плитка atlas, поставщик, атлас конкорд италия, атлас конкорд сайт","Каталог керамической плитки и керамогранита ATLAS CONCORDE / АТЛАС КОНКОРД (Италия) от прямого поставщика КЕРАМОТЕКА. Низкие цены, скидки. Оптовые и розничные продажи. Материал в наличии.",ATLAS CONCORDE / АТЛАС КОНКОРД (Италия) Керамическая плитка и керамогранит от прямого поставщика - компании КЕРАМОТЕКА,Италия,SEASTONE,"atlas concorde seastone, атлас конкорд систоун, керамогранит seastone, купить, поставщик, скидки, цены",Каталог керамического гранита ATLAS CONCORDE SEASTONE от прямого поставщика КЕРАМОТЕКА. Опт и розница. Скидки. Цены.,ATLAS CONCORDE SEASTONE / АТЛАС КОНКОРД СИСТОУН - проектный керамогранит для общественных пространств. КЕРАМОТЕКА.,Под заказ,$$$,https://www.keramoteka.ru/upload/uf/444/keramoteka-atlas-concorde-seastone.pdf,Статус NHS - ОТСУТСВУЕТ,Керамогранит,Sand Strutturato Структурированный,45X90 СМ,8S08,./temp_files/img/ATLAS CONCORDE_SEASTONE_Sand Strutturato Структурированный.jpg
ATLAS CONCORDE,./temp_files/logo/ATLAS CONCORDE.png,"atlas concorde, атлас конкорд, плитка atlas concorde, керамогранит atlas concorde, плитка, керамогранит, atlas concord, плитка конкорд, плитка atlas, поставщик, атлас конкорд италия, атлас конкорд сайт","Каталог керамической плитки и керамогранита ATLAS CONCORDE / АТЛАС КОНКОРД (Италия) от прямого поставщика КЕРАМОТЕКА. Низкие цены, скидки. Оптовые и розничные продажи. Материал в наличии.",ATLAS CONCORDE / АТЛАС КОНКОРД (Италия) Керамическая плитка и керамогранит от прямого поставщика - компании КЕРАМОТЕКА,Италия,SEASTONE,"atlas concorde seastone, атлас конкорд систоун, керамогранит seastone, купить, поставщик, скидки, цены",Каталог керамического гранита ATLAS CONCORDE SEASTONE от прямого поставщика КЕРАМОТЕКА. Опт и розница. Скидки. Цены.,ATLAS CONCORDE SEASTONE / АТЛАС КОНКОРД СИСТОУН - проектный керамогранит для общественных пространств. КЕРАМОТЕКА.,Под заказ,$$$,https://www.keramoteka.ru/upload/uf/444/keramoteka-atlas-concorde-seastone.pdf,Статус NHS - ОТСУТСВУЕТ,Керамогранит,Black Strutturato Структурированный,45X90 СМ,8S09,./temp_files/img/ATLAS CONCORDE_SEASTONE_Black Strutturato Структурированный.jpg
ATLAS CONCORDE,./temp_files/logo/ATLAS CONCORDE.png,"atlas concorde, атлас конкорд, плитка atlas concorde, керамогранит atlas concorde, плитка, керамогранит, atlas concord, плитка конкорд, плитка atlas, поставщик, атлас конкорд италия, атлас конкорд сайт","Каталог керамической плитки и керамогранита ATLAS CONCORDE / АТЛАС КОНКОРД (Италия) от прямого поставщика КЕРАМОТЕКА. Низкие цены, скидки. Оптовые и розничные продажи. Материал в наличии.",ATLAS CONCORDE / АТЛАС КОНКОРД (Италия) Керамическая плитка и керамогранит от прямого поставщика - компании КЕРАМОТЕКА,Италия,SEASTONE,"atlas concorde seastone, атлас конкорд систоун, керамогранит seastone, купить, поставщик, скидки, цены",Каталог керамического гранита ATLAS CONCORDE SEASTONE от прямого поставщика КЕРАМОТЕКА. Опт и розница. Скидки. Цены.,ATLAS CONCORDE SEASTONE / АТЛАС КОНКОРД СИСТОУН - проектный керамогранит для общественных пространств. КЕРАМОТЕКА.,Под заказ,$$$,https://www.keramoteka.ru/upload/uf/444/keramoteka-atlas-concorde-seastone.pdf,Статус NHS - ОТСУТСВУЕТ,Керамогранит,White Strutturato Структурированный,45X90 СМ,8S10,./temp_files/img/ATLAS CONCORDE_SEASTONE_White Strutturato Структурированный.jpg
ATLAS CONCORDE,./temp_files/logo/ATLAS CONCORDE.png,"atlas concorde, атлас конкорд, плитка atlas concorde, керамогранит atlas concorde, плитка, керамогранит, atlas concord, плитка конкорд, плитка atlas, поставщик, атлас конкорд италия, атлас конкорд сайт","Каталог керамической плитки и керамогранита ATLAS CONCORDE / АТЛАС КОНКОРД (Италия) от прямого поставщика КЕРАМОТЕКА. Низкие цены, скидки. Оптовые и розничные продажи. Материал в наличии.",ATLAS CONCORDE / АТЛАС КОНКОРД (Италия) Керамическая плитка и керамогранит от прямого поставщика - компании КЕРАМОТЕКА,Италия,SEASTONE,"atlas concorde seastone, атлас конкорд систоун, керамогранит seastone, купить, поставщик, скидки, цены",Каталог керамического гранита ATLAS CONCORDE SEASTONE от прямого поставщика КЕРАМОТЕКА. Опт и розница. Скидки. Цены.,ATLAS CONCORDE SEASTONE / АТЛАС КОНКОРД СИСТОУН - проектный керамогранит для общественных пространств. КЕРАМОТЕКА.,Под заказ,$$$,https://www.keramoteka.ru/upload/uf/444/keramoteka-atlas-concorde-seastone.pdf,Статус NHS - ОТСУТСВУЕТ,Керамогранит,Gray,"22,5X90 СМ",8S11,./temp_files/img/ATLAS CONCORDE_SEASTONE_Gray.jpg
ATLAS CONCORDE,./temp_files/logo/ATLAS CONCORDE.png,"atlas concorde, атлас конкорд, плитка atlas concorde, керамогранит atlas concorde, плитка, керамогранит, atlas concord, плитка конкорд, плитка atlas, поставщик, атлас конкорд италия, атлас конкорд сайт","Каталог керамической плитки и керамогранита ATLAS CONCORDE / АТЛАС КОНКОРД (Италия) от прямого поставщика КЕРАМОТЕКА. Низкие цены, скидки. Оптовые и розничные продажи. Материал в наличии.",ATLAS CONCORDE / АТЛАС КОНКОРД (Италия) Керамическая плитка и керамогранит от прямого поставщика - компании КЕРАМОТЕКА,Италия,SEASTONE,"atlas concorde seastone, атлас конкорд систоун, керамогранит seastone, купить, поставщик, скидки, цены",Каталог керамического гранита ATLAS CONCORDE SEASTONE от прямого поставщика КЕРАМОТЕКА. Опт и розница. Скидки. Цены.,ATLAS CONCORDE SEASTONE / АТЛАС КОНКОРД СИСТОУН - проектный керамогранит для общественных пространств. КЕРАМОТЕКА.,Под заказ,$$$,https://www.keramoteka.ru/upload/uf/444/keramoteka-atlas-concorde-seastone.pdf,Статус NHS - ОТСУТСВУЕТ,Керамогранит,Greige,"22,5X90 СМ",8S12,./temp_files/img/ATLAS CONCORDE_SEASTONE_Greige.jpg
ATLAS CONCORDE,./temp_files/logo/ATLAS CONCORDE.png,"atlas concorde, атлас конкорд, плитка atlas concorde, керамогранит atlas concorde, плитка, керамогранит, atlas concord, плитка конкорд, плитка atlas, поставщик, атлас конкорд италия, атлас конкорд сайт","Каталог керамической плитки и керамогранита ATLAS CONCORDE / АТЛАС КОНКОРД (Италия) от прямого поставщика КЕРАМОТЕКА. Низкие цены, скидки. Оптовые и розничные продажи. Материал в наличии.",ATLAS CONCORDE / АТЛАС КОНКОРД (Италия) Керамическая плитка и керамогранит от прямого поставщика - компании КЕРАМОТЕКА,Италия,SEASTONE,"atlas concorde seastone, атлас конкорд систоун, керамогранит seastone, купить, поставщик, скидки, цены",Каталог керамического гранита ATLAS CONCORDE SEASTONE от прямого поставщика КЕРАМОТЕКА. Опт и розница. Скидки. Цены.,ATLAS CONCORDE SEASTONE / АТЛАС КОНКОРД СИСТОУН - проектный керамогранит для общественных пространств. КЕРАМОТЕКА.,Под заказ,$$$,https://www.keramoteka.ru/upload/uf/444/keramoteka-atlas-concorde-seastone.pdf,Статус NHS - ОТСУТСВУЕТ,Керамогранит,Sand,"22,5X90 СМ",8S13,./temp_files/img/ATLAS CONCORDE_SEASTONE_Sand.jpg
ATLAS CONCORDE,./temp_files/logo/ATLAS CONCORDE.png,"atlas concorde, атлас конкорд, плитка atlas concorde, керамогранит atlas concorde, плитка, керамогранит, atlas concord, плитка конкорд, плитка atlas, поставщик, атлас конкорд италия, атлас конкорд сайт","Каталог керамической плитки и керамогранита ATLAS CONCORDE / АТЛАС КОНКОРД (Италия) от прямого поставщика КЕРАМОТЕКА. Низкие цены, скидки. Оптовые и розничные продажи. Материал в наличии.",ATLAS CONCORDE / АТЛАС КОНКОРД (Италия) Керамическая плитка и керамогранит от прямого поставщика - компании КЕРАМОТЕКА,Италия,SEASTONE,"atlas concorde seastone, атлас конкорд систоун, керамогранит seastone, купить, поставщик, скидки, цены",Каталог керамического гранита ATLAS CONCORDE SEASTONE от прямого поставщика КЕРАМОТЕКА. Опт и розница. Скидки. Цены.,ATLAS CONCORDE SEASTONE / АТЛАС КОНКОРД СИСТОУН - проектный керамогранит для общественных пространств. КЕРАМОТЕКА.,Под заказ,$$$,https://www.keramoteka.ru/upload/uf/444/keramoteka-atlas-concorde-seastone.pdf,Статус NHS - ОТСУТСВУЕТ,Керамогранит,Black,"22,5X90 СМ",8S14,./temp_files/img/ATLAS CONCORDE_SEASTONE_Black.jpg
ATLAS CONCORDE,./temp_files/logo/ATLAS CONCORDE.png,"atlas concorde, атлас конкорд, плитка atlas concorde, керамогранит atlas concorde, плитка, керамогранит, atlas concord, плитка конкорд, плитка atlas, поставщик, атлас конкорд италия, атлас конкорд сайт","Каталог керамической плитки и керамогранита ATLAS CONCORDE / АТЛАС КОНКОРД (Италия) от прямого поставщика КЕРАМОТЕКА. Низкие цены, скидки. Оптовые и розничные продажи. Материал в наличии.",ATLAS CONCORDE / АТЛАС КОНКОРД (Италия) Керамическая плитка и керамогранит от прямого поставщика - компании КЕРАМОТЕКА,Италия,SEASTONE,"atlas concorde seastone, атлас конкорд систоун, керамогранит seastone, купить, поставщик, скидки, цены",Каталог керамического гранита ATLAS CONCORDE SEASTONE от прямого поставщика КЕРАМОТЕКА. Опт и розница. Скидки. Цены.,ATLAS CONCORDE SEASTONE / АТЛАС КОНКОРД СИСТОУН - проектный керамогранит для общественных пространств. КЕРАМОТЕКА.,Под заказ,$$$,https://www.keramoteka.ru/upload/uf/444/keramoteka-atlas-concorde-seastone.pdf,Статус NHS - ОТСУТСВУЕТ,Керамогранит,White,"22,5X90 СМ",8S15,./temp_files/img/ATLAS CONCORDE_SEASTONE_White.jpg
ATLAS CONCORDE,./temp_files/logo/ATLAS CONCORDE.png,"atlas concorde, атлас конкорд, плитка atlas concorde, керамогранит atlas concorde, плитка, керамогранит, atlas concord, плитка конкорд, плитка atlas, поставщик, атлас конкорд италия, атлас конкорд сайт","Каталог керамической плитки и керамогранита ATLAS CONCORDE / АТЛАС КОНКОРД (Италия) от прямого поставщика КЕРАМОТЕКА. Низкие цены, скидки. Оптовые и розничные продажи. Материал в наличии.",ATLAS CONCORDE / АТЛАС КОНКОРД (Италия) Керамическая плитка и керамогранит от прямого поставщика - компании КЕРАМОТЕКА,Италия,SEASTONE,"atlas concorde seastone, атлас конкорд систоун, керамогранит seastone, купить, поставщик, скидки, цены",Каталог керамического гранита ATLAS CONCORDE SEASTONE от прямого поставщика КЕРАМОТЕКА. Опт и розница. Скидки. Цены.,ATLAS CONCORDE SEASTONE / АТЛАС КОНКОРД СИСТОУН - проектный керамогранит для общественных пространств. КЕРАМОТЕКА.,Под заказ,$$$,https://www.keramoteka.ru/upload/uf/444/keramoteka-atlas-concorde-seastone.pdf,Статус NHS - ОТСУТСВУЕТ,Керамогранит,Gray Strutturato Структурированный,"22,5X90 СМ",8S16,./temp_files/img/ATLAS CONCORDE_SEASTONE_Gray Strutturato Структурированный.jpg
ATLAS CONCORDE,./temp_files/logo/ATLAS CONCORDE.png,"atlas concorde, атлас конкорд, плитка atlas concorde, керамогранит atlas concorde, плитка, керамогранит, atlas concord, плитка конкорд, плитка atlas, поставщик, атлас конкорд италия, атлас конкорд сайт","Каталог керамической плитки и керамогранита ATLAS CONCORDE / АТЛАС КОНКОРД (Италия) от прямого поставщика КЕРАМОТЕКА. Низкие цены, скидки. Оптовые и розничные продажи. Материал в наличии.",ATLAS CONCORDE / АТЛАС КОНКОРД (Италия) Керамическая плитка и керамогранит от прямого поставщика - компании КЕРАМОТЕКА,Италия,SEASTONE,"atlas concorde seastone, атлас конкорд систоун, керамогранит seastone, купить, поставщик, скидки, цены",Каталог керамического гранита ATLAS CONCORDE SEASTONE от прямого поставщика КЕРАМОТЕКА. Опт и розница. Скидки. Цены.,ATLAS CONCORDE SEASTONE / АТЛАС КОНКОРД СИСТОУН - проектный керамогранит для общественных пространств. КЕРАМОТЕКА.,Под заказ,$$$,https://www.keramoteka.ru/upload/uf/444/keramoteka-atlas-concorde-seastone.pdf,Статус NHS - ОТСУТСВУЕТ,Керамогранит,Greige Strutturato Структурированный,"22,5X90 СМ",8S17,./temp_files/img/ATLAS CONCORDE_SEASTONE_Greige Strutturato Структурированный.jpg
ATLAS CONCORDE,./temp_files/logo/ATLAS CONCORDE.png,"atlas concorde, атлас конкорд, плитка atlas concorde, керамогранит atlas concorde, плитка, керамогранит, atlas concord, плитка конкорд, плитка atlas, поставщик, атлас конкорд италия, атлас конкорд сайт","Каталог керамической плитки и керамогранита ATLAS CONCORDE / АТЛАС КОНКОРД (Италия) от прямого поставщика КЕРАМОТЕКА. Низкие цены, скидки. Оптовые и розничные продажи. Материал в наличии.",ATLAS CONCORDE / АТЛАС КОНКОРД (Италия) Керамическая плитка и керамогранит от прямого поставщика - компании КЕРАМОТЕКА,Италия,SEASTONE,"atlas concorde seastone, атлас конкорд систоун, керамогранит seastone, купить, поставщик, скидки, цены",Каталог керамического гранита ATLAS CONCORDE SEASTONE от прямого поставщика КЕРАМОТЕКА. Опт и розница. Скидки. Цены.,ATLAS CONCORDE SEASTONE / АТЛАС КОНКОРД СИСТОУН - проектный керамогранит для общественных пространств. КЕРАМОТЕКА.,Под заказ,$$$,https://www.keramoteka.ru/upload/uf/444/keramoteka-atlas-concorde-seastone.pdf,Статус NHS - ОТСУТСВУЕТ,Керамогранит,Sand Strutturato Структурированный,"22,5X90 СМ",8S18,./temp_files/img/ATLAS CONCORDE_SEASTONE_Sand Strutturato Структурированный.jpg
ATLAS CONCORDE,./temp_files/logo/ATLAS CONCORDE.png,"atlas concorde, атлас конкорд, плитка atlas concorde, керамогранит atlas concorde, плитка, керамогранит, atlas concord, плитка конкорд, плитка atlas, поставщик, атлас конкорд италия, атлас конкорд сайт","Каталог керамической плитки и керамогранита ATLAS CONCORDE / АТЛАС КОНКОРД (Италия) от прямого поставщика КЕРАМОТЕКА. Низкие цены, скидки. Оптовые и розничные продажи. Материал в наличии.",ATLAS CONCORDE / АТЛАС КОНКОРД (Италия) Керамическая плитка и керамогранит от прямого поставщика - компании КЕРАМОТЕКА,Италия,SEASTONE,"atlas concorde seastone, атлас конкорд систоун, керамогранит seastone, купить, поставщик, скидки, цены",Каталог керамического гранита ATLAS CONCORDE SEASTONE от прямого поставщика КЕРАМОТЕКА. Опт и розница. Скидки. Цены.,ATLAS CONCORDE SEASTONE / АТЛАС КОНКОРД СИСТОУН - проектный керамогранит для общественных пространств. КЕРАМОТЕКА.,Под заказ,$$$,https://www.keramoteka.ru/upload/uf/444/keramoteka-atlas-concorde-seastone.pdf,Статус NHS - ОТСУТСВУЕТ,Керамогранит,Black Strutturato Структурированный,"22,5X90 СМ",8S19,./temp_files/img/ATLAS CONCORDE_SEASTONE_Black Strutturato Структурированный.jpg
ATLAS CONCORDE,./temp_files/logo/ATLAS CONCORDE.png,"atlas concorde, атлас конкорд, плитка atlas concorde, керамогранит atlas concorde, плитка, керамогранит, atlas concord, плитка конкорд, плитка atlas, поставщик, атлас конкорд италия, атлас конкорд сайт","Каталог керамической плитки и керамогранита ATLAS CONCORDE / АТЛАС КОНКОРД (Италия) от прямого поставщика КЕРАМОТЕКА. Низкие цены, скидки. Оптовые и розничные продажи. Материал в наличии.",ATLAS CONCORDE / АТЛАС КОНКОРД (Италия) Керамическая плитка и керамогранит от прямого поставщика - компании КЕРАМОТЕКА,Италия,SEASTONE,"atlas concorde seastone, атлас конкорд систоун, керамогранит seastone, купить, поставщик, скидки, цены",Каталог керамического гранита ATLAS CONCORDE SEASTONE от прямого поставщика КЕРАМОТЕКА. Опт и розница. Скидки. Цены.,ATLAS CONCORDE SEASTONE / АТЛАС КОНКОРД СИСТОУН - проектный керамогранит для общественных пространств. КЕРАМОТЕКА.,Под заказ,$$$,https://www.keramoteka.ru/upload/uf/444/keramoteka-atlas-concorde-seastone.pdf,Статус NHS - ОТСУТСВУЕТ,Керамогранит,White Strutturato Структурированный,"22,5X90 СМ",8S20,./temp_files/img/ATLAS CONCORDE_SEASTONE_White Strutturato Структурированный.jpg
ATLAS CONCORDE,./temp_files/logo/ATLAS CONCORDE.png,"atlas concorde, атлас конкорд, плитка atlas concorde, керамогранит atlas concorde, плитка, керамогранит, atlas concord, плитка конкорд, плитка atlas, поставщик, атлас конкорд италия, атлас конкорд сайт","Каталог керамической плитки и керамогранита ATLAS CONCORDE / АТЛАС КОНКОРД (Италия) от прямого поставщика КЕРАМОТЕКА. Низкие цены, скидки. Оптовые и розничные продажи. Материал в наличии.",ATLAS CONCORDE / АТЛАС КОНКОРД (Италия) Керамическая плитка и керамогранит от прямого поставщика - компании КЕРАМОТЕКА,Италия,SEASTONE,"atlas concorde seastone, атлас конкорд систоун, керамогранит seastone, купить, поставщик, скидки, цены",Каталог керамического гранита ATLAS CONCORDE SEASTONE от прямого поставщика КЕРАМОТЕКА. Опт и розница. Скидки. Цены.,ATLAS CONCORDE SEASTONE / АТЛАС КОНКОРД СИСТОУН - проектный керамогранит для общественных пространств. КЕРАМОТЕКА.,Под заказ,$$$,https://www.keramoteka.ru/upload/uf/444/keramoteka-atlas-concorde-seastone.pdf,Статус NHS - ОТСУТСВУЕТ,Керамогранит,Gray Brick,"22,5X90 СМ",8S54,./temp_files/img/ATLAS CONCORDE_SEASTONE_Gray Brick.jpg
ATLAS CONCORDE,./temp_files/logo/ATLAS CONCORDE.png,"atlas concorde, атлас конкорд, плитка atlas concorde, керамогранит atlas concorde, плитка, керамогранит, atlas concord, плитка конкорд, плитка atlas, поставщик, атлас конкорд италия, атлас конкорд сайт","Каталог керамической плитки и керамогранита ATLAS CONCORDE / АТЛАС КОНКОРД (Италия) от прямого поставщика КЕРАМОТЕКА. Низкие цены, скидки. Оптовые и розничные продажи. Материал в наличии.",ATLAS CONCORDE / АТЛАС КОНКОРД (Италия) Керамическая плитка и керамогранит от прямого поставщика - компании КЕРАМОТЕКА,Италия,SEASTONE,"atlas concorde seastone, атлас конкорд систоун, керамогранит seastone, купить, поставщик, скидки, цены",Каталог керамического гранита ATLAS CONCORDE SEASTONE от прямого поставщика КЕРАМОТЕКА. Опт и розница. Скидки. Цены.,ATLAS CONCORDE SEASTONE / АТЛАС КОНКОРД СИСТОУН - проектный керамогранит для общественных пространств. КЕРАМОТЕКА.,Под заказ,$$$,https://www.keramoteka.ru/upload/uf/444/keramoteka-atlas-concorde-seastone.pdf,Статус NHS - ОТСУТСВУЕТ,Керамогранит,Greige Brick,"22,5X90 СМ",8S55,./temp_files/img/ATLAS CONCORDE_SEASTONE_Greige Brick.jpg
ATLAS CONCORDE,./temp_files/logo/ATLAS CONCORDE.png,"atlas concorde, атлас конкорд, плитка atlas concorde, керамогранит atlas concorde, плитка, керамогранит, atlas concord, плитка конкорд, плитка atlas, поставщик, атлас конкорд италия, атлас конкорд сайт","Каталог керамической плитки и керамогранита ATLAS CONCORDE / АТЛАС КОНКОРД (Италия) от прямого поставщика КЕРАМОТЕКА. Низкие цены, скидки. Оптовые и розничные продажи. Материал в наличии.",ATLAS CONCORDE / АТЛАС КОНКОРД (Италия) Керамическая плитка и керамогранит от прямого поставщика - компании КЕРАМОТЕКА,Италия,SEASTONE,"atlas concorde seastone, атлас конкорд систоун, керамогранит seastone, купить, поставщик, скидки, цены",Каталог керамического гранита ATLAS CONCORDE SEASTONE от прямого поставщика КЕРАМОТЕКА. Опт и розница. Скидки. Цены.,ATLAS CONCORDE SEASTONE / АТЛАС КОНКОРД СИСТОУН - проектный керамогранит для общественных пространств. КЕРАМОТЕКА.,Под заказ,$$$,https://www.keramoteka.ru/upload/uf/444/keramoteka-atlas-concorde-seastone.pdf,Статус NHS - ОТСУТСВУЕТ,Керамогранит,Sand Brick,"22,5X90 СМ",8S56,./temp_files/img/ATLAS CONCORDE_SEASTONE_Sand Brick.jpg
ATLAS CONCORDE,./temp_files/logo/ATLAS CONCORDE.png,"atlas concorde, атлас конкорд, плитка atlas concorde, керамогранит atlas concorde, плитка, керамогранит, atlas concord, плитка конкорд, плитка atlas, поставщик, атлас конкорд италия, атлас конкорд сайт","Каталог керамической плитки и керамогранита ATLAS CONCORDE / АТЛАС КОНКОРД (Италия) от прямого поставщика КЕРАМОТЕКА. Низкие цены, скидки. Оптовые и розничные продажи. Материал в наличии.",ATLAS CONCORDE / АТЛАС КОНКОРД (Италия) Керамическая плитка и керамогранит от прямого поставщика - компании КЕРАМОТЕКА,Италия,SEASTONE,"atlas concorde seastone, атлас конкорд систоун, керамогранит seastone, купить, поставщик, скидки, цены",Каталог керамического гранита ATLAS CONCORDE SEASTONE от прямого поставщика КЕРАМОТЕКА. Опт и розница. Скидки. Цены.,ATLAS CONCORDE SEASTONE / АТЛАС КОНКОРД СИСТОУН - проектный керамогранит для общественных пространств. КЕРАМОТЕКА.,Под заказ,$$$,https://www.keramoteka.ru/upload/uf/444/keramoteka-atlas-concorde-seastone.pdf,Статус NHS - ОТСУТСВУЕТ,Керамогранит,Black Brick,"22,5X90 СМ",8S53,./temp_files/img/ATLAS CONCORDE_SEASTONE_Black Brick.jpg
ATLAS CONCORDE,./temp_files/logo/ATLAS CONCORDE.png,"atlas concorde, атлас конкорд, плитка atlas concorde, керамогранит atlas concorde, плитка, керамогранит, atlas concord, плитка конкорд, плитка atlas, поставщик, атлас конкорд италия, атлас конкорд сайт","Каталог керамической плитки и керамогранита ATLAS CONCORDE / АТЛАС КОНКОРД (Италия) от прямого поставщика КЕРАМОТЕКА. Низкие цены, скидки. Оптовые и розничные продажи. Материал в наличии.",ATLAS CONCORDE / АТЛАС КОНКОРД (Италия) Керамическая плитка и керамогранит от прямого поставщика - компании КЕРАМОТЕКА,Италия,SEASTONE,"atlas concorde seastone, атлас конкорд систоун, керамогранит seastone, купить, поставщик, скидки, цены",Каталог керамического гранита ATLAS CONCORDE SEASTONE от прямого поставщика КЕРАМОТЕКА. Опт и розница. Скидки. Цены.,ATLAS CONCORDE SEASTONE / АТЛАС КОНКОРД СИСТОУН - проектный керамогранит для общественных пространств. КЕРАМОТЕКА.,Под заказ,$$$,https://www.keramoteka.ru/upload/uf/444/keramoteka-atlas-concorde-seastone.pdf,Статус NHS - ОТСУТСВУЕТ,Керамогранит,White Brick,"22,5X90 СМ",8S57,./temp_files/img/ATLAS CONCORDE_SEASTONE_White Brick.jpg
ATLAS CONCORDE,./temp_files/logo/ATLAS CONCORDE.png,"atlas concorde, атлас конкорд, плитка atlas concorde, керамогранит atlas concorde, плитка, керамогранит, atlas concord, плитка конкорд, плитка atlas, поставщик, атлас конкорд италия, атлас конкорд сайт","Каталог керамической плитки и керамогранита ATLAS CONCORDE / АТЛАС КОНКОРД (Италия) от прямого поставщика КЕРАМОТЕКА. Низкие цены, скидки. Оптовые и розничные продажи. Материал в наличии.",ATLAS CONCORDE / АТЛАС КОНКОРД (Италия) Керамическая плитка и керамогранит от прямого поставщика - компании КЕРАМОТЕКА,Италия,SEASTONE,"atlas concorde seastone, атлас конкорд систоун, керамогранит seastone, купить, поставщик, скидки, цены",Каталог керамического гранита ATLAS CONCORDE SEASTONE от прямого поставщика КЕРАМОТЕКА. Опт и розница. Скидки. Цены.,ATLAS CONCORDE SEASTONE / АТЛАС КОНКОРД СИСТОУН - проектный керамогранит для общественных пространств. КЕРАМОТЕКА.,Под заказ,$$$,https://www.keramoteka.ru/upload/uf/444/keramoteka-atlas-concorde-seastone.pdf,Статус NHS - ОТСУТСВУЕТ,Керамогранит,Gray Tatami,"22,5X90 СМ",8S59,./temp_files/img/ATLAS CONCORDE_SEASTONE_Gray Tatami.jpg
ATLAS CONCORDE,./temp_files/logo/ATLAS CONCORDE.png,"atlas concorde, атлас конкорд, плитка atlas concorde, керамогранит atlas concorde, плитка, керамогранит, atlas concord, плитка конкорд, плитка atlas, поставщик, атлас конкорд италия, атлас конкорд сайт","Каталог керамической плитки и керамогранита ATLAS CONCORDE / АТЛАС КОНКОРД (Италия) от прямого поставщика КЕРАМОТЕКА. Низкие цены, скидки. Оптовые и розничные продажи. Материал в наличии.",ATLAS CONCORDE / АТЛАС КОНКОРД (Италия) Керамическая плитка и керамогранит от прямого поставщика - компании КЕРАМОТЕКА,Италия,SEASTONE,"atlas concorde seastone, атлас конкорд систоун, керамогранит seastone, купить, поставщик, скидки, цены",Каталог керамического гранита ATLAS CONCORDE SEASTONE от прямого поставщика КЕРАМОТЕКА. Опт и розница. Скидки. Цены.,ATLAS CONCORDE SEASTONE / АТЛАС КОНКОРД СИСТОУН - проектный керамогранит для общественных пространств. КЕРАМОТЕКА.,Под заказ,$$$,https://www.keramoteka.ru/upload/uf/444/keramoteka-atlas-concorde-seastone.pdf,Статус NHS - ОТСУТСВУЕТ,Керамогранит,Greige Tatami,"22,5X90 СМ",8S60,./temp_files/img/ATLAS CONCORDE_SEASTONE_Greige Tatami.jpg
ATLAS CONCORDE,./temp_files/logo/ATLAS CONCORDE.png,"atlas concorde, атлас конкорд, плитка atlas concorde, керамогранит atlas concorde, плитка, керамогранит, atlas concord, плитка конкорд, плитка atlas, поставщик, атлас конкорд италия, атлас конкорд сайт","Каталог керамической плитки и керамогранита ATLAS CONCORDE / АТЛАС КОНКОРД (Италия) от прямого поставщика КЕРАМОТЕКА. Низкие цены, скидки. Оптовые и розничные продажи. Материал в наличии.",ATLAS CONCORDE / АТЛАС КОНКОРД (Италия) Керамическая плитка и керамогранит от прямого поставщика - компании КЕРАМОТЕКА,Италия,SEASTONE,"atlas concorde seastone, атлас конкорд систоун, керамогранит seastone, купить, поставщик, скидки, цены",Каталог керамического гранита ATLAS CONCORDE SEASTONE от прямого поставщика КЕРАМОТЕКА. Опт и розница. Скидки. Цены.,ATLAS CONCORDE SEASTONE / АТЛАС КОНКОРД СИСТОУН - проектный керамогранит для общественных пространств. КЕРАМОТЕКА.,Под заказ,$$$,https://www.keramoteka.ru/upload/uf/444/keramoteka-atlas-concorde-seastone.pdf,Статус NHS - ОТСУТСВУЕТ,Керамогранит,Sand Tatami,"22,5X90 СМ",8S61,./temp_files/img/ATLAS CONCORDE_SEASTONE_Sand Tatami.jpg
ATLAS CONCORDE,./temp_files/logo/ATLAS CONCORDE.png,"atlas concorde, атлас конкорд, плитка atlas concorde, керамогранит atlas concorde, плитка, керамогранит, atlas concord, плитка конкорд, плитка atlas, поставщик, атлас конкорд италия, атлас конкорд сайт","Каталог керамической плитки и керамогранита ATLAS CONCORDE / АТЛАС КОНКОРД (Италия) от прямого поставщика КЕРАМОТЕКА. Низкие цены, скидки. Оптовые и розничные продажи. Материал в наличии.",ATLAS CONCORDE / АТЛАС КОНКОРД (Италия) Керамическая плитка и керамогранит от прямого поставщика - компании КЕРАМОТЕКА,Италия,SEASTONE,"atlas concorde seastone, атлас конкорд систоун, керамогранит seastone, купить, поставщик, скидки, цены",Каталог керамического гранита ATLAS CONCORDE SEASTONE от прямого поставщика КЕРАМОТЕКА. Опт и розница. Скидки. Цены.,ATLAS CONCORDE SEASTONE / АТЛАС КОНКОРД СИСТОУН - проектный керамогранит для общественных пространств. КЕРАМОТЕКА.,Под заказ,$$$,https://www.keramoteka.ru/upload/uf/444/keramoteka-atlas-concorde-seastone.pdf,Статус NHS - ОТСУТСВУЕТ,Керамогранит,Black Tatami,"22,5X90 СМ",8S58,./temp_files/img/ATLAS CONCORDE_SEASTONE_Black Tatami.jpg
ATLAS CONCORDE,./temp_files/logo/ATLAS CONCORDE.png,"atlas concorde, атлас конкорд, плитка atlas concorde, керамогранит atlas concorde, плитка, керамогранит, atlas concord, плитка конкорд, плитка atlas, поставщик, атлас конкорд италия, атлас конкорд сайт","Каталог керамической плитки и керамогранита ATLAS CONCORDE / АТЛАС КОНКОРД (Италия) от прямого поставщика КЕРАМОТЕКА. Низкие цены, скидки. Оптовые и розничные продажи. Материал в наличии.",ATLAS CONCORDE / АТЛАС КОНКОРД (Италия) Керамическая плитка и керамогранит от прямого поставщика - компании КЕРАМОТЕКА,Италия,SEASTONE,"atlas concorde seastone, атлас конкорд систоун, керамогранит seastone, купить, поставщик, скидки, цены",Каталог керамического гранита ATLAS CONCORDE SEASTONE от прямого поставщика КЕРАМОТЕКА. Опт и розница. Скидки. Цены.,ATLAS CONCORDE SEASTONE / АТЛАС КОНКОРД СИСТОУН - проектный керамогранит для общественных пространств. КЕРАМОТЕКА.,Под заказ,$$$,https://www.keramoteka.ru/upload/uf/444/keramoteka-atlas-concorde-seastone.pdf,Статус NHS - ОТСУТСВУЕТ,Керамогранит,White Tatami,"22,5X90 СМ",8S62,./temp_files/img/ATLAS CONCORDE_SEASTONE_White Tatami.jpg
ATLAS CONCORDE,./temp_files/logo/ATLAS CONCORDE.png,"atlas concorde, атлас конкорд, плитка atlas concorde, керамогранит atlas concorde, плитка, керамогранит, atlas concord, плитка конкорд, плитка atlas, поставщик, атлас конкорд италия, атлас конкорд сайт","Каталог керамической плитки и керамогранита ATLAS CONCORDE / АТЛАС КОНКОРД (Италия) от прямого поставщика КЕРАМОТЕКА. Низкие цены, скидки. Оптовые и розничные продажи. Материал в наличии.",ATLAS CONCORDE / АТЛАС КОНКОРД (Италия) Керамическая плитка и керамогранит от прямого поставщика - компании КЕРАМОТЕКА,Италия,SEASTONE,"atlas concorde seastone, атлас конкорд систоун, керамогранит seastone, купить, поставщик, скидки, цены",Каталог керамического гранита ATLAS CONCORDE SEASTONE от прямого поставщика КЕРАМОТЕКА. Опт и розница. Скидки. Цены.,ATLAS CONCORDE SEASTONE / АТЛАС КОНКОРД СИСТОУН - проектный керамогранит для общественных пространств. КЕРАМОТЕКА.,Под заказ,$$$,https://www.keramoteka.ru/upload/uf/444/keramoteka-atlas-concorde-seastone.pdf,Статус NHS - ОТСУТСВУЕТ,Керамогранит,Gray,60X60 СМ,8S22,./temp_files/img/ATLAS CONCORDE_SEASTONE_Gray.jpg
ATLAS CONCORDE,./temp_files/logo/ATLAS CONCORDE.png,"atlas concorde, атлас конкорд, плитка atlas concorde, керамогранит atlas concorde, плитка, керамогранит, atlas concord, плитка конкорд, плитка atlas, поставщик, атлас конкорд италия, атлас конкорд сайт","Каталог керамической плитки и керамогранита ATLAS CONCORDE / АТЛАС КОНКОРД (Италия) от прямого поставщика КЕРАМОТЕКА. Низкие цены, скидки. Оптовые и розничные продажи. Материал в наличии.",ATLAS CONCORDE / АТЛАС КОНКОРД (Италия) Керамическая плитка и керамогранит от прямого поставщика - компании КЕРАМОТЕКА,Италия,SEASTONE,"atlas concorde seastone, атлас конкорд систоун, керамогранит seastone, купить, поставщик, скидки, цены",Каталог керамического гранита ATLAS CONCORDE SEASTONE от прямого поставщика КЕРАМОТЕКА. Опт и розница. Скидки. Цены.,ATLAS CONCORDE SEASTONE / АТЛАС КОНКОРД СИСТОУН - проектный керамогранит для общественных пространств. КЕРАМОТЕКА.,Под заказ,$$$,https://www.keramoteka.ru/upload/uf/444/keramoteka-atlas-concorde-seastone.pdf,Статус NHS - ОТСУТСВУЕТ,Керамогранит,Greige,60X60 СМ,8S23,./temp_files/img/ATLAS CONCORDE_SEASTONE_Greige.jpg
ATLAS CONCORDE,./temp_files/logo/ATLAS CONCORDE.png,"atlas concorde, атлас конкорд, плитка atlas concorde, керамогранит atlas concorde, плитка, керамогранит, atlas concord, плитка конкорд, плитка atlas, поставщик, атлас конкорд италия, атлас конкорд сайт","Каталог керамической плитки и керамогранита ATLAS CONCORDE / АТЛАС КОНКОРД (Италия) от прямого поставщика КЕРАМОТЕКА. Низкие цены, скидки. Оптовые и розничные продажи. Материал в наличии.",ATLAS CONCORDE / АТЛАС КОНКОРД (Италия) Керамическая плитка и керамогранит от прямого поставщика - компании КЕРАМОТЕКА,Италия,SEASTONE,"atlas concorde seastone, атлас конкорд систоун, керамогранит seastone, купить, поставщик, скидки, цены",Каталог керамического гранита ATLAS CONCORDE SEASTONE от прямого поставщика КЕРАМОТЕКА. Опт и розница. Скидки. Цены.,ATLAS CONCORDE SEASTONE / АТЛАС КОНКОРД СИСТОУН - проектный керамогранит для общественных пространств. КЕРАМОТЕКА.,Под заказ,$$$,https://www.keramoteka.ru/upload/uf/444/keramoteka-atlas-concorde-seastone.pdf,Статус NHS - ОТСУТСВУЕТ,Керамогранит,Sand,60X60 СМ,8S24,./temp_files/img/ATLAS CONCORDE_SEASTONE_Sand.jpg
ATLAS CONCORDE,./temp_files/logo/ATLAS CONCORDE.png,"atlas concorde, атлас конкорд, плитка atlas concorde, керамогранит atlas concorde, плитка, керамогранит, atlas concord, плитка конкорд, плитка atlas, поставщик, атлас конкорд италия, атлас конкорд сайт","Каталог керамической плитки и керамогранита ATLAS CONCORDE / АТЛАС КОНКОРД (Италия) от прямого поставщика КЕРАМОТЕКА. Низкие цены, скидки. Оптовые и розничные продажи. Материал в наличии.",ATLAS CONCORDE / АТЛАС КОНКОРД (Италия) Керамическая плитка и керамогранит от прямого поставщика - компании КЕРАМОТЕКА,Италия,SEASTONE,"atlas concorde seastone, атлас конкорд систоун, керамогранит seastone, купить, поставщик, скидки, цены",Каталог керамического гранита ATLAS CONCORDE SEASTONE от прямого поставщика КЕРАМОТЕКА. Опт и розница. Скидки. Цены.,ATLAS CONCORDE SEASTONE / АТЛАС КОНКОРД СИСТОУН - проектный керамогранит для общественных пространств. КЕРАМОТЕКА.,Под заказ,$$$,https://www.keramoteka.ru/upload/uf/444/keramoteka-atlas-concorde-seastone.pdf,Статус NHS - ОТСУТСВУЕТ,Керамогранит,Black,60X60 СМ,8S21,./temp_files/img/ATLAS CONCORDE_SEASTONE_Black.jpg
ATLAS CONCORDE,./temp_files/logo/ATLAS CONCORDE.png,"atlas concorde, атлас конкорд, плитка atlas concorde, керамогранит atlas concorde, плитка, керамогранит, atlas concord, плитка конкорд, плитка atlas, поставщик, атлас конкорд италия, атлас конкорд сайт","Каталог керамической плитки и керамогранита ATLAS CONCORDE / АТЛАС КОНКОРД (Италия) от прямого поставщика КЕРАМОТЕКА. Низкие цены, скидки. Оптовые и розничные продажи. Материал в наличии.",ATLAS CONCORDE / АТЛАС КОНКОРД (Италия) Керамическая плитка и керамогранит от прямого поставщика - компании КЕРАМОТЕКА,Италия,SEASTONE,"atlas concorde seastone, атлас конкорд систоун, керамогранит seastone, купить, поставщик, скидки, цены",Каталог керамического гранита ATLAS CONCORDE SEASTONE от прямого поставщика КЕРАМОТЕКА. Опт и розница. Скидки. Цены.,ATLAS CONCORDE SEASTONE / АТЛАС КОНКОРД СИСТОУН - проектный керамогранит для общественных пространств. КЕРАМОТЕКА.,Под заказ,$$$,https://www.keramoteka.ru/upload/uf/444/keramoteka-atlas-concorde-seastone.pdf,Статус NHS - ОТСУТСВУЕТ,Керамогранит,White,60X60 СМ,8S25,./temp_files/img/ATLAS CONCORDE_SEASTONE_White.jpg
ATLAS CONCORDE,./temp_files/logo/ATLAS CONCORDE.png,"atlas concorde, атлас конкорд, плитка atlas concorde, керамогранит atlas concorde, плитка, керамогранит, atlas concord, плитка конкорд, плитка atlas, поставщик, атлас конкорд италия, атлас конкорд сайт","Каталог керамической плитки и керамогранита ATLAS CONCORDE / АТЛАС КОНКОРД (Италия) от прямого поставщика КЕРАМОТЕКА. Низкие цены, скидки. Оптовые и розничные продажи. Материал в наличии.",ATLAS CONCORDE / АТЛАС КОНКОРД (Италия) Керамическая плитка и керамогранит от прямого поставщика - компании КЕРАМОТЕКА,Италия,SEASTONE,"atlas concorde seastone, атлас конкорд систоун, керамогранит seastone, купить, поставщик, скидки, цены",Каталог керамического гранита ATLAS CONCORDE SEASTONE от прямого поставщика КЕРАМОТЕКА. Опт и розница. Скидки. Цены.,ATLAS CONCORDE SEASTONE / АТЛАС КОНКОРД СИСТОУН - проектный керамогранит для общественных пространств. КЕРАМОТЕКА.,Под заказ,$$$,https://www.keramoteka.ru/upload/uf/444/keramoteka-atlas-concorde-seastone.pdf,Статус NHS - ОТСУТСВУЕТ,Керамогранит,Gray Multiformato,60X60 СМ,8S46,./temp_files/img/ATLAS CONCORDE_SEASTONE_Gray Multiformato.jpg
ATLAS CONCORDE,./temp_files/logo/ATLAS CONCORDE.png,"atlas concorde, атлас конкорд, плитка atlas concorde, керамогранит atlas concorde, плитка, керамогранит, atlas concord, плитка конкорд, плитка atlas, поставщик, атлас конкорд италия, атлас конкорд сайт","Каталог керамической плитки и керамогранита ATLAS CONCORDE / АТЛАС КОНКОРД (Италия) от прямого поставщика КЕРАМОТЕКА. Низкие цены, скидки. Оптовые и розничные продажи. Материал в наличии.",ATLAS CONCORDE / АТЛАС КОНКОРД (Италия) Керамическая плитка и керамогранит от прямого поставщика - компании КЕРАМОТЕКА,Италия,SEASTONE,"atlas concorde seastone, атлас конкорд систоун, керамогранит seastone, купить, поставщик, скидки, цены",Каталог керамического гранита ATLAS CONCORDE SEASTONE от прямого поставщика КЕРАМОТЕКА. Опт и розница. Скидки. Цены.,ATLAS CONCORDE SEASTONE / АТЛАС КОНКОРД СИСТОУН - проектный керамогранит для общественных пространств. КЕРАМОТЕКА.,Под заказ,$$$,https://www.keramoteka.ru/upload/uf/444/keramoteka-atlas-concorde-seastone.pdf,Статус NHS - ОТСУТСВУЕТ,Керамогранит,Greige Multiformato,60X60 СМ,8S47,./temp_files/img/ATLAS CONCORDE_SEASTONE_Greige Multiformato.jpg
ATLAS CONCORDE,./temp_files/logo/ATLAS CONCORDE.png,"atlas concorde, атлас конкорд, плитка atlas concorde, керамогранит atlas concorde, плитка, керамогранит, atlas concord, плитка конкорд, плитка atlas, поставщик, атлас конкорд италия, атлас конкорд сайт","Каталог керамической плитки и керамогранита ATLAS CONCORDE / АТЛАС КОНКОРД (Италия) от прямого поставщика КЕРАМОТЕКА. Низкие цены, скидки. Оптовые и розничные продажи. Материал в наличии.",ATLAS CONCORDE / АТЛАС КОНКОРД (Италия) Керамическая плитка и керамогранит от прямого поставщика - компании КЕРАМОТЕКА,Италия,SEASTONE,"atlas concorde seastone, атлас конкорд систоун, керамогранит seastone, купить, поставщик, скидки, цены",Каталог керамического гранита ATLAS CONCORDE SEASTONE от прямого поставщика КЕРАМОТЕКА. Опт и розница. Скидки. Цены.,ATLAS CONCORDE SEASTONE / АТЛАС КОНКОРД СИСТОУН - проектный керамогранит для общественных пространств. КЕРАМОТЕКА.,Под заказ,$$$,https://www.keramoteka.ru/upload/uf/444/keramoteka-atlas-concorde-seastone.pdf,Статус NHS - ОТСУТСВУЕТ,Керамогранит,Sand Multiformato,60X60 СМ,8S4D,./temp_files/img/ATLAS CONCORDE_SEASTONE_Sand Multiformato.jpg
ATLAS CONCORDE,./temp_files/logo/ATLAS CONCORDE.png,"atlas concorde, атлас конкорд, плитка atlas concorde, керамогранит atlas concorde, плитка, керамогранит, atlas concord, плитка конкорд, плитка atlas, поставщик, атлас конкорд италия, атлас конкорд сайт","Каталог керамической плитки и керамогранита ATLAS CONCORDE / АТЛАС КОНКОРД (Италия) от прямого поставщика КЕРАМОТЕКА. Низкие цены, скидки. Оптовые и розничные продажи. Материал в наличии.",ATLAS CONCORDE / АТЛАС КОНКОРД (Италия) Керамическая плитка и керамогранит от прямого поставщика - компании КЕРАМОТЕКА,Италия,SEASTONE,"atlas concorde seastone, атлас конкорд систоун, керамогранит seastone, купить, поставщик, скидки, цены",Каталог керамического гранита ATLAS CONCORDE SEASTONE от прямого поставщика КЕРАМОТЕКА. Опт и розница. Скидки. Цены.,ATLAS CONCORDE SEASTONE / АТЛАС КОНКОРД СИСТОУН - проектный керамогранит для общественных пространств. КЕРАМОТЕКА.,Под заказ,$$$,https://www.keramoteka.ru/upload/uf/444/keramoteka-atlas-concorde-seastone.pdf,Статус NHS - ОТСУТСВУЕТ,Керамогранит,Black Multiformato,60X60 СМ,8S45,./temp_files/img/ATLAS CONCORDE_SEASTONE_Black Multiformato.jpg
ATLAS CONCORDE,./temp_files/logo/ATLAS CONCORDE.png,"atlas concorde, атлас конкорд, плитка atlas concorde, керамогранит atlas concorde, плитка, керамогранит, atlas concord, плитка конкорд, плитка atlas, поставщик, атлас конкорд италия, атлас конкорд сайт","Каталог керамической плитки и керамогранита ATLAS CONCORDE / АТЛАС КОНКОРД (Италия) от прямого поставщика КЕРАМОТЕКА. Низкие цены, скидки. Оптовые и розничные продажи. Материал в наличии.",ATLAS CONCORDE / АТЛАС КОНКОРД (Италия) Керамическая плитка и керамогранит от прямого поставщика - компании КЕРАМОТЕКА,Италия,SEASTONE,"atlas concorde seastone, атлас конкорд систоун, керамогранит seastone, купить, поставщик, скидки, цены",Каталог керамического гранита ATLAS CONCORDE SEASTONE от прямого поставщика КЕРАМОТЕКА. Опт и розница. Скидки. Цены.,ATLAS CONCORDE SEASTONE / АТЛАС КОНКОРД СИСТОУН - проектный керамогранит для общественных пространств. КЕРАМОТЕКА.,Под заказ,$$$,https://www.keramoteka.ru/upload/uf/444/keramoteka-atlas-concorde-seastone.pdf,Статус NHS - ОТСУТСВУЕТ,Керамогранит,White Multiformato,60X60 СМ,8S4E,./temp_files/img/ATLAS CONCORDE_SEASTONE_White Multiformato.jpg
ATLAS CONCORDE,./temp_files/logo/ATLAS CONCORDE.png,"atlas concorde, атлас конкорд, плитка atlas concorde, керамогранит atlas concorde, плитка, керамогранит, atlas concord, плитка конкорд, плитка atlas, поставщик, атлас конкорд италия, атлас конкорд сайт","Каталог керамической плитки и керамогранита ATLAS CONCORDE / АТЛАС КОНКОРД (Италия) от прямого поставщика КЕРАМОТЕКА. Низкие цены, скидки. Оптовые и розничные продажи. Материал в наличии.",ATLAS CONCORDE / АТЛАС КОНКОРД (Италия) Керамическая плитка и керамогранит от прямого поставщика - компании КЕРАМОТЕКА,Италия,SEASTONE,"atlas concorde seastone, атлас конкорд систоун, керамогранит seastone, купить, поставщик, скидки, цены",Каталог керамического гранита ATLAS CONCORDE SEASTONE от прямого поставщика КЕРАМОТЕКА. Опт и розница. Скидки. Цены.,ATLAS CONCORDE SEASTONE / АТЛАС КОНКОРД СИСТОУН - проектный керамогранит для общественных пространств. КЕРАМОТЕКА.,Под заказ,$$$,https://www.keramoteka.ru/upload/uf/444/keramoteka-atlas-concorde-seastone.pdf,Статус NHS - ОТСУТСВУЕТ,Керамогранит,Gray Strutturato Структурированный,60X60 СМ,8S27,./temp_files/img/ATLAS CONCORDE_SEASTONE_Gray Strutturato Структурированный.jpg
ATLAS CONCORDE,./temp_files/logo/ATLAS CONCORDE.png,"atlas concorde, атлас конкорд, плитка atlas concorde, керамогранит atlas concorde, плитка, керамогранит, atlas concord, плитка конкорд, плитка atlas, поставщик, атлас конкорд италия, атлас конкорд сайт","Каталог керамической плитки и керамогранита ATLAS CONCORDE / АТЛАС КОНКОРД (Италия) от прямого поставщика КЕРАМОТЕКА. Низкие цены, скидки. Оптовые и розничные продажи. Материал в наличии.",ATLAS CONCORDE / АТЛАС КОНКОРД (Италия) Керамическая плитка и керамогранит от прямого поставщика - компании КЕРАМОТЕКА,Италия,SEASTONE,"atlas concorde seastone, атлас конкорд систоун, керамогранит seastone, купить, поставщик, скидки, цены",Каталог керамического гранита ATLAS CONCORDE SEASTONE от прямого поставщика КЕРАМОТЕКА. Опт и розница. Скидки. Цены.,ATLAS CONCORDE SEASTONE / АТЛАС КОНКОРД СИСТОУН - проектный керамогранит для общественных пространств. КЕРАМОТЕКА.,Под заказ,$$$,https://www.keramoteka.ru/upload/uf/444/keramoteka-atlas-concorde-seastone.pdf,Статус NHS - ОТСУТСВУЕТ,Керамогранит,Greige Strutturato Структурированный,60X60 СМ,8S28,./temp_files/img/ATLAS CONCORDE_SEASTONE_Greige Strutturato Структурированный.jpg
ATLAS CONCORDE,./temp_files/logo/ATLAS CONCORDE.png,"atlas concorde, атлас конкорд, плитка atlas concorde, керамогранит atlas concorde, плитка, керамогранит, atlas concord, плитка конкорд, плитка atlas, поставщик, атлас конкорд италия, атлас конкорд сайт","Каталог керамической плитки и керамогранита ATLAS CONCORDE / АТЛАС КОНКОРД (Италия) от прямого поставщика КЕРАМОТЕКА. Низкие цены, скидки. Оптовые и розничные продажи. Материал в наличии.",ATLAS CONCORDE / АТЛАС КОНКОРД (Италия) Керамическая плитка и керамогранит от прямого поставщика - компании КЕРАМОТЕКА,Италия,SEASTONE,"atlas concorde seastone, атлас конкорд систоун, керамогранит seastone, купить, поставщик, скидки, цены",Каталог керамического гранита ATLAS CONCORDE SEASTONE от прямого поставщика КЕРАМОТЕКА. Опт и розница. Скидки. Цены.,ATLAS CONCORDE SEASTONE / АТЛАС КОНКОРД СИСТОУН - проектный керамогранит для общественных пространств. КЕРАМОТЕКА.,Под заказ,$$$,https://www.keramoteka.ru/upload/uf/444/keramoteka-atlas-concorde-seastone.pdf,Статус NHS - ОТСУТСВУЕТ,Керамогранит,Sand Strutturato Структурированный,60X60 СМ,8S29,./temp_files/img/ATLAS CONCORDE_SEASTONE_Sand Strutturato Структурированный.jpg
ATLAS CONCORDE,./temp_files/logo/ATLAS CONCORDE.png,"atlas concorde, атлас конкорд, плитка atlas concorde, керамогранит atlas concorde, плитка, керамогранит, atlas concord, плитка конкорд, плитка atlas, поставщик, атлас конкорд италия, атлас конкорд сайт","Каталог керамической плитки и керамогранита ATLAS CONCORDE / АТЛАС КОНКОРД (Италия) от прямого поставщика КЕРАМОТЕКА. Низкие цены, скидки. Оптовые и розничные продажи. Материал в наличии.",ATLAS CONCORDE / АТЛАС КОНКОРД (Италия) Керамическая плитка и керамогранит от прямого поставщика - компании КЕРАМОТЕКА,Италия,SEASTONE,"atlas concorde seastone, атлас конкорд систоун, керамогранит seastone, купить, поставщик, скидки, цены",Каталог керамического гранита ATLAS CONCORDE SEASTONE от прямого поставщика КЕРАМОТЕКА. Опт и розница. Скидки. Цены.,ATLAS CONCORDE SEASTONE / АТЛАС КОНКОРД СИСТОУН - проектный керамогранит для общественных пространств. КЕРАМОТЕКА.,Под заказ,$$$,https://www.keramoteka.ru/upload/uf/444/keramoteka-atlas-concorde-seastone.pdf,Статус NHS - ОТСУТСВУЕТ,Керамогранит,Black Strutturato Структурированный,60X60 СМ,8S26,./temp_files/img/ATLAS CONCORDE_SEASTONE_Black Strutturato Структурированный.jpg
ATLAS CONCORDE,./temp_files/logo/ATLAS CONCORDE.png,"atlas concorde, атлас конкорд, плитка atlas concorde, керамогранит atlas concorde, плитка, керамогранит, atlas concord, плитка конкорд, плитка atlas, поставщик, атлас конкорд италия, атлас конкорд сайт","Каталог керамической плитки и керамогранита ATLAS CONCORDE / АТЛАС КОНКОРД (Италия) от прямого поставщика КЕРАМОТЕКА. Низкие цены, скидки. Оптовые и розничные продажи. Материал в наличии.",ATLAS CONCORDE / АТЛАС КОНКОРД (Италия) Керамическая плитка и керамогранит от прямого поставщика - компании КЕРАМОТЕКА,Италия,SEASTONE,"atlas concorde seastone, атлас конкорд систоун, керамогранит seastone, купить, поставщик, скидки, цены",Каталог керамического гранита ATLAS CONCORDE SEASTONE от прямого поставщика КЕРАМОТЕКА. Опт и розница. Скидки. Цены.,ATLAS CONCORDE SEASTONE / АТЛАС КОНКОРД СИСТОУН - проектный керамогранит для общественных пространств. КЕРАМОТЕКА.,Под заказ,$$$,https://www.keramoteka.ru/upload/uf/444/keramoteka-atlas-concorde-seastone.pdf,Статус NHS - ОТСУТСВУЕТ,Керамогранит,White Strutturato Структурированный,60X60 СМ,8S30,./temp_files/img/ATLAS CONCORDE_SEASTONE_White Strutturato Структурированный.jpg
ATLAS CONCORDE,./temp_files/logo/ATLAS CONCORDE.png,"atlas concorde, атлас конкорд, плитка atlas concorde, керамогранит atlas concorde, плитка, керамогранит, atlas concord, плитка конкорд, плитка atlas, поставщик, атлас конкорд италия, атлас конкорд сайт","Каталог керамической плитки и керамогранита ATLAS CONCORDE / АТЛАС КОНКОРД (Италия) от прямого поставщика КЕРАМОТЕКА. Низкие цены, скидки. Оптовые и розничные продажи. Материал в наличии.",ATLAS CONCORDE / АТЛАС КОНКОРД (Италия) Керамическая плитка и керамогранит от прямого поставщика - компании КЕРАМОТЕКА,Италия,SEASTONE,"atlas concorde seastone, атлас конкорд систоун, керамогранит seastone, купить, поставщик, скидки, цены",Каталог керамического гранита ATLAS CONCORDE SEASTONE от прямого поставщика КЕРАМОТЕКА. Опт и розница. Скидки. Цены.,ATLAS CONCORDE SEASTONE / АТЛАС КОНКОРД СИСТОУН - проектный керамогранит для общественных пространств. КЕРАМОТЕКА.,Под заказ,$$$,https://www.keramoteka.ru/upload/uf/444/keramoteka-atlas-concorde-seastone.pdf,Статус NHS - ОТСУТСВУЕТ,Керамогранит,Gray,30X60 СМ,8S32,./temp_files/img/ATLAS CONCORDE_SEASTONE_Gray.jpg
ATLAS CONCORDE,./temp_files/logo/ATLAS CONCORDE.png,"atlas concorde, атлас конкорд, плитка atlas concorde, керамогранит atlas concorde, плитка, керамогранит, atlas concord, плитка конкорд, плитка atlas, поставщик, атлас конкорд италия, атлас конкорд сайт","Каталог керамической плитки и керамогранита ATLAS CONCORDE / АТЛАС КОНКОРД (Италия) от прямого поставщика КЕРАМОТЕКА. Низкие цены, скидки. Оптовые и розничные продажи. Материал в наличии.",ATLAS CONCORDE / АТЛАС КОНКОРД (Италия) Керамическая плитка и керамогранит от прямого поставщика - компании КЕРАМОТЕКА,Италия,SEASTONE,"atlas concorde seastone, атлас конкорд систоун, керамогранит seastone, купить, поставщик, скидки, цены",Каталог керамического гранита ATLAS CONCORDE SEASTONE от прямого поставщика КЕРАМОТЕКА. Опт и розница. Скидки. Цены.,ATLAS CONCORDE SEASTONE / АТЛАС КОНКОРД СИСТОУН - проектный керамогранит для общественных пространств. КЕРАМОТЕКА.,Под заказ,$$$,https://www.keramoteka.ru/upload/uf/444/keramoteka-atlas-concorde-seastone.pdf,Статус NHS - ОТСУТСВУЕТ,Керамогранит,Greige,30X60 СМ,8S33,./temp_files/img/ATLAS CONCORDE_SEASTONE_Greige.jpg
ATLAS CONCORDE,./temp_files/logo/ATLAS CONCORDE.png,"atlas concorde, атлас конкорд, плитка atlas concorde, керамогранит atlas concorde, плитка, керамогранит, atlas concord, плитка конкорд, плитка atlas, поставщик, атлас конкорд италия, атлас конкорд сайт","Каталог керамической плитки и керамогранита ATLAS CONCORDE / АТЛАС КОНКОРД (Италия) от прямого поставщика КЕРАМОТЕКА. Низкие цены, скидки. Оптовые и розничные продажи. Материал в наличии.",ATLAS CONCORDE / АТЛАС КОНКОРД (Италия) Керамическая плитка и керамогранит от прямого поставщика - компании КЕРАМОТЕКА,Италия,SEASTONE,"atlas concorde seastone, атлас конкорд систоун, керамогранит seastone, купить, поставщик, скидки, цены",Каталог керамического гранита ATLAS CONCORDE SEASTONE от прямого поставщика КЕРАМОТЕКА. Опт и розница. Скидки. Цены.,ATLAS CONCORDE SEASTONE / АТЛАС КОНКОРД СИСТОУН - проектный керамогранит для общественных пространств. КЕРАМОТЕКА.,Под заказ,$$$,https://www.keramoteka.ru/upload/uf/444/keramoteka-atlas-concorde-seastone.pdf,Статус NHS - ОТСУТСВУЕТ,Керамогранит,Sand,30X60 СМ,8S34,./temp_files/img/ATLAS CONCORDE_SEASTONE_Sand.jpg
ATLAS CONCORDE,./temp_files/logo/ATLAS CONCORDE.png,"atlas concorde, атлас конкорд, плитка atlas concorde, керамогранит atlas concorde, плитка, керамогранит, atlas concord, плитка конкорд, плитка atlas, поставщик, атлас конкорд италия, атлас конкорд сайт","Каталог керамической плитки и керамогранита ATLAS CONCORDE / АТЛАС КОНКОРД (Италия) от прямого поставщика КЕРАМОТЕКА. Низкие цены, скидки. Оптовые и розничные продажи. Материал в наличии.",ATLAS CONCORDE / АТЛАС КОНКОРД (Италия) Керамическая плитка и керамогранит от прямого поставщика - компании КЕРАМОТЕКА,Италия,SEASTONE,"atlas concorde seastone, атлас конкорд систоун, керамогранит seastone, купить, поставщик, скидки, цены",Каталог керамического гранита ATLAS CONCORDE SEASTONE от прямого поставщика КЕРАМОТЕКА. Опт и розница. Скидки. Цены.,ATLAS CONCORDE SEASTONE / АТЛАС КОНКОРД СИСТОУН - проектный керамогранит для общественных пространств. КЕРАМОТЕКА.,Под заказ,$$$,https://www.keramoteka.ru/upload/uf/444/keramoteka-atlas-concorde-seastone.pdf,Статус NHS - ОТСУТСВУЕТ,Керамогранит,Black,30X60 СМ,8S31,./temp_files/img/ATLAS CONCORDE_SEASTONE_Black.jpg
ATLAS CONCORDE,./temp_files/logo/ATLAS CONCORDE.png,"atlas concorde, атлас конкорд, плитка atlas concorde, керамогранит atlas concorde, плитка, керамогранит, atlas concord, плитка конкорд, плитка atlas, поставщик, атлас конкорд италия, атлас конкорд сайт","Каталог керамической плитки и керамогранита ATLAS CONCORDE / АТЛАС КОНКОРД (Италия) от прямого поставщика КЕРАМОТЕКА. Низкие цены, скидки. Оптовые и розничные продажи. Материал в наличии.",ATLAS CONCORDE / АТЛАС КОНКОРД (Италия) Керамическая плитка и керамогранит от прямого поставщика - компании КЕРАМОТЕКА,Италия,SEASTONE,"atlas concorde seastone, атлас конкорд систоун, керамогранит seastone, купить, поставщик, скидки, цены",Каталог керамического гранита ATLAS CONCORDE SEASTONE от прямого поставщика КЕРАМОТЕКА. Опт и розница. Скидки. Цены.,ATLAS CONCORDE SEASTONE / АТЛАС КОНКОРД СИСТОУН - проектный керамогранит для общественных пространств. КЕРАМОТЕКА.,Под заказ,$$$,https://www.keramoteka.ru/upload/uf/444/keramoteka-atlas-concorde-seastone.pdf,Статус NHS - ОТСУТСВУЕТ,Керамогранит,White,30X60 СМ,8S35,./temp_files/img/ATLAS CONCORDE_SEASTONE_White.jpg
ATLAS CONCORDE,./temp_files/logo/ATLAS CONCORDE.png,"atlas concorde, атлас конкорд, плитка atlas concorde, керамогранит atlas concorde, плитка, керамогранит, atlas concord, плитка конкорд, плитка atlas, поставщик, атлас конкорд италия, атлас конкорд сайт","Каталог керамической плитки и керамогранита ATLAS CONCORDE / АТЛАС КОНКОРД (Италия) от прямого поставщика КЕРАМОТЕКА. Низкие цены, скидки. Оптовые и розничные продажи. Материал в наличии.",ATLAS CONCORDE / АТЛАС КОНКОРД (Италия) Керамическая плитка и керамогранит от прямого поставщика - компании КЕРАМОТЕКА,Италия,SEASTONE,"atlas concorde seastone, атлас конкорд систоун, керамогранит seastone, купить, поставщик, скидки, цены",Каталог керамического гранита ATLAS CONCORDE SEASTONE от прямого поставщика КЕРАМОТЕКА. Опт и розница. Скидки. Цены.,ATLAS CONCORDE SEASTONE / АТЛАС КОНКОРД СИСТОУН - проектный керамогранит для общественных пространств. КЕРАМОТЕКА.,Под заказ,$$$,https://www.keramoteka.ru/upload/uf/444/keramoteka-atlas-concorde-seastone.pdf,Статус NHS - ОТСУТСВУЕТ,Керамогранит,Gray Strutturato Структурированный,30X60 СМ,8S37,./temp_files/img/ATLAS CONCORDE_SEASTONE_Gray Strutturato Структурированный.jpg
ATLAS CONCORDE,./temp_files/logo/ATLAS CONCORDE.png,"atlas concorde, атлас конкорд, плитка atlas concorde, керамогранит atlas concorde, плитка, керамогранит, atlas concord, плитка конкорд, плитка atlas, поставщик, атлас конкорд италия, атлас конкорд сайт","Каталог керамической плитки и керамогранита ATLAS CONCORDE / АТЛАС КОНКОРД (Италия) от прямого поставщика КЕРАМОТЕКА. Низкие цены, скидки. Оптовые и розничные продажи. Материал в наличии.",ATLAS CONCORDE / АТЛАС КОНКОРД (Италия) Керамическая плитка и керамогранит от прямого поставщика - компании КЕРАМОТЕКА,Италия,SEASTONE,"atlas concorde seastone, атлас конкорд систоун, керамогранит seastone, купить, поставщик, скидки, цены",Каталог керамического гранита ATLAS CONCORDE SEASTONE от прямого поставщика КЕРАМОТЕКА. Опт и розница. Скидки. Цены.,ATLAS CONCORDE SEASTONE / АТЛАС КОНКОРД СИСТОУН - проектный керамогранит для общественных пространств. КЕРАМОТЕКА.,Под заказ,$$$,https://www.keramoteka.ru/upload/uf/444/keramoteka-atlas-concorde-seastone.pdf,Статус NHS - ОТСУТСВУЕТ,Керамогранит,Greige Strutturato Структурированный,30X60 СМ,8S38,./temp_files/img/ATLAS CONCORDE_SEASTONE_Greige Strutturato Структурированный.jpg
ATLAS CONCORDE,./temp_files/logo/ATLAS CONCORDE.png,"atlas concorde, атлас конкорд, плитка atlas concorde, керамогранит atlas concorde, плитка, керамогранит, atlas concord, плитка конкорд, плитка atlas, поставщик, атлас конкорд италия, атлас конкорд сайт","Каталог керамической плитки и керамогранита ATLAS CONCORDE / АТЛАС КОНКОРД (Италия) от прямого поставщика КЕРАМОТЕКА. Низкие цены, скидки. Оптовые и розничные продажи. Материал в наличии.",ATLAS CONCORDE / АТЛАС КОНКОРД (Италия) Керамическая плитка и керамогранит от прямого поставщика - компании КЕРАМОТЕКА,Италия,SEASTONE,"atlas concorde seastone, атлас конкорд систоун, керамогранит seastone, купить, поставщик, скидки, цены",Каталог керамического гранита ATLAS CONCORDE SEASTONE от прямого поставщика КЕРАМОТЕКА. Опт и розница. Скидки. Цены.,ATLAS CONCORDE SEASTONE / АТЛАС КОНКОРД СИСТОУН - проектный керамогранит для общественных пространств. КЕРАМОТЕКА.,Под заказ,$$$,https://www.keramoteka.ru/upload/uf/444/keramoteka-atlas-concorde-seastone.pdf,Статус NHS - ОТСУТСВУЕТ,Керамогранит,Sand Strutturato Структурированный,30X60 СМ,8S39,./temp_files/img/ATLAS CONCORDE_SEASTONE_Sand Strutturato Структурированный.jpg
ATLAS CONCORDE,./temp_files/logo/ATLAS CONCORDE.png,"atlas concorde, атлас конкорд, плитка atlas concorde, керамогранит atlas concorde, плитка, керамогранит, atlas concord, плитка конкорд, плитка atlas, поставщик, атлас конкорд италия, атлас конкорд сайт","Каталог керамической плитки и керамогранита ATLAS CONCORDE / АТЛАС КОНКОРД (Италия) от прямого поставщика КЕРАМОТЕКА. Низкие цены, скидки. Оптовые и розничные продажи. Материал в наличии.",ATLAS CONCORDE / АТЛАС КОНКОРД (Италия) Керамическая плитка и керамогранит от прямого поставщика - компании КЕРАМОТЕКА,Италия,SEASTONE,"atlas concorde seastone, атлас конкорд систоун, керамогранит seastone, купить, поставщик, скидки, цены",Каталог керамического гранита ATLAS CONCORDE SEASTONE от прямого поставщика КЕРАМОТЕКА. Опт и розница. Скидки. Цены.,ATLAS CONCORDE SEASTONE / АТЛАС КОНКОРД СИСТОУН - проектный керамогранит для общественных пространств. КЕРАМОТЕКА.,Под заказ,$$$,https://www.keramoteka.ru/upload/uf/444/keramoteka-atlas-concorde-seastone.pdf,Статус NHS - ОТСУТСВУЕТ,Керамогранит,Black Strutturato Структурированный,30X60 СМ,8S36,./temp_files/img/ATLAS CONCORDE_SEASTONE_Black Strutturato Структурированный.jpg
ATLAS CONCORDE,./temp_files/logo/ATLAS CONCORDE.png,"atlas concorde, атлас конкорд, плитка atlas concorde, керамогранит atlas concorde, плитка, керамогранит, atlas concord, плитка конкорд, плитка atlas, поставщик, атлас конкорд италия, атлас конкорд сайт","Каталог керамической плитки и керамогранита ATLAS CONCORDE / АТЛАС КОНКОРД (Италия) от прямого поставщика КЕРАМОТЕКА. Низкие цены, скидки. Оптовые и розничные продажи. Материал в наличии.",ATLAS CONCORDE / АТЛАС КОНКОРД (Италия) Керамическая плитка и керамогранит от прямого поставщика - компании КЕРАМОТЕКА,Италия,SEASTONE,"atlas concorde seastone, атлас конкорд систоун, керамогранит seastone, купить, поставщик, скидки, цены",Каталог керамического гранита ATLAS CONCORDE SEASTONE от прямого поставщика КЕРАМОТЕКА. Опт и розница. Скидки. Цены.,ATLAS CONCORDE SEASTONE / АТЛАС КОНКОРД СИСТОУН - проектный керамогранит для общественных пространств. КЕРАМОТЕКА.,Под заказ,$$$,https://www.keramoteka.ru/upload/uf/444/keramoteka-atlas-concorde-seastone.pdf,Статус NHS - ОТСУТСВУЕТ,Керамогранит,White Strutturato Структурированный,30X60 СМ,8S40,./temp_files/img/ATLAS CONCORDE_SEASTONE_White Strutturato Структурированный.jpg
ATLAS CONCORDE,./temp_files/logo/ATLAS CONCORDE.png,"atlas concorde, атлас конкорд, плитка atlas concorde, керамогранит atlas concorde, плитка, керамогранит, atlas concord, плитка конкорд, плитка atlas, поставщик, атлас конкорд италия, атлас конкорд сайт","Каталог керамической плитки и керамогранита ATLAS CONCORDE / АТЛАС КОНКОРД (Италия) от прямого поставщика КЕРАМОТЕКА. Низкие цены, скидки. Оптовые и розничные продажи. Материал в наличии.",ATLAS CONCORDE / АТЛАС КОНКОРД (Италия) Керамическая плитка и керамогранит от прямого поставщика - компании КЕРАМОТЕКА,Италия,SEASTONE,"atlas concorde seastone, атлас конкорд систоун, керамогранит seastone, купить, поставщик, скидки, цены",Каталог керамического гранита ATLAS CONCORDE SEASTONE от прямого поставщика КЕРАМОТЕКА. Опт и розница. Скидки. Цены.,ATLAS CONCORDE SEASTONE / АТЛАС КОНКОРД СИСТОУН - проектный керамогранит для общественных пространств. КЕРАМОТЕКА.,Под заказ,$$$,https://www.keramoteka.ru/upload/uf/444/keramoteka-atlas-concorde-seastone.pdf,Статус NHS - ОТСУТСВУЕТ,Керамогранит,Gray Brick,30X60 СМ,8S63,./temp_files/img/ATLAS CONCORDE_SEASTONE_Gray Brick.jpg
ATLAS CONCORDE,./temp_files/logo/ATLAS CONCORDE.png,"atlas concorde, атлас конкорд, плитка atlas concorde, керамогранит atlas concorde, плитка, керамогранит, atlas concord, плитка конкорд, плитка atlas, поставщик, атлас конкорд италия, атлас конкорд сайт","Каталог керамической плитки и керамогранита ATLAS CONCORDE / АТЛАС КОНКОРД (Италия) от прямого поставщика КЕРАМОТЕКА. Низкие цены, скидки. Оптовые и розничные продажи. Материал в наличии.",ATLAS CONCORDE / АТЛАС КОНКОРД (Италия) Керамическая плитка и керамогранит от прямого поставщика - компании КЕРАМОТЕКА,Италия,SEASTONE,"atlas concorde seastone, атлас конкорд систоун, керамогранит seastone, купить, поставщик, скидки, цены",Каталог керамического гранита ATLAS CONCORDE SEASTONE от прямого поставщика КЕРАМОТЕКА. Опт и розница. Скидки. Цены.,ATLAS CONCORDE SEASTONE / АТЛАС КОНКОРД СИСТОУН - проектный керамогранит для общественных пространств. КЕРАМОТЕКА.,Под заказ,$$$,https://www.keramoteka.ru/upload/uf/444/keramoteka-atlas-concorde-seastone.pdf,Статус NHS - ОТСУТСВУЕТ,Керамогранит,Greige Brick,30X60 СМ,8S64,./temp_files/img/ATLAS CONCORDE_SEASTONE_Greige Brick.jpg
ATLAS CONCORDE,./temp_files/logo/ATLAS CONCORDE.png,"atlas concorde, атлас конкорд, плитка atlas concorde, керамогранит atlas concorde, плитка, керамогранит, atlas concord, плитка конкорд, плитка atlas, поставщик, атлас конкорд италия, атлас конкорд сайт","Каталог керамической плитки и керамогранита ATLAS CONCORDE / АТЛАС КОНКОРД (Италия) от прямого поставщика КЕРАМОТЕКА. Низкие цены, скидки. Оптовые и розничные продажи. Материал в наличии.",ATLAS CONCORDE / АТЛАС КОНКОРД (Италия) Керамическая плитка и керамогранит от прямого поставщика - компании КЕРАМОТЕКА,Италия,SEASTONE,"atlas concorde seastone, атлас конкорд систоун, керамогранит seastone, купить, поставщик, скидки, цены",Каталог керамического гранита ATLAS CONCORDE SEASTONE от прямого поставщика КЕРАМОТЕКА. Опт и розница. Скидки. Цены.,ATLAS CONCORDE SEASTONE / АТЛАС КОНКОРД СИСТОУН - проектный керамогранит для общественных пространств. КЕРАМОТЕКА.,Под заказ,$$$,https://www.keramoteka.ru/upload/uf/444/keramoteka-atlas-concorde-seastone.pdf,Статус NHS - ОТСУТСВУЕТ,Керамогранит,Sand Brick,30X60 СМ,8S65,./temp_files/img/ATLAS CONCORDE_SEASTONE_Sand Brick.jpg
ATLAS CONCORDE,./temp_files/logo/ATLAS CONCORDE.png,"atlas concorde, атлас конкорд, плитка atlas concorde, керамогранит atlas concorde, плитка, керамогранит, atlas concord, плитка конкорд, плитка atlas, поставщик, атлас конкорд италия, атлас конкорд сайт","Каталог керамической плитки и керамогранита ATLAS CONCORDE / АТЛАС КОНКОРД (Италия) от прямого поставщика КЕРАМОТЕКА. Низкие цены, скидки. Оптовые и розничные продажи. Материал в наличии.",ATLAS CONCORDE / АТЛАС КОНКОРД (Италия) Керамическая плитка и керамогранит от прямого поставщика - компании КЕРАМОТЕКА,Италия,SEASTONE,"atlas concorde seastone, атлас конкорд систоун, керамогранит seastone, купить, поставщик, скидки, цены",Каталог керамического гранита ATLAS CONCORDE SEASTONE от прямого поставщика КЕРАМОТЕКА. Опт и розница. Скидки. Цены.,ATLAS CONCORDE SEASTONE / АТЛАС КОНКОРД СИСТОУН - проектный керамогранит для общественных пространств. КЕРАМОТЕКА.,Под заказ,$$$,https://www.keramoteka.ru/upload/uf/444/keramoteka-atlas-concorde-seastone.pdf,Статус NHS - ОТСУТСВУЕТ,Керамогранит,Black Brick,30X60 СМ,8S66,./temp_files/img/ATLAS CONCORDE_SEASTONE_Black Brick.jpg
ATLAS CONCORDE,./temp_files/logo/ATLAS CONCORDE.png,"atlas concorde, атлас конкорд, плитка atlas concorde, керамогранит atlas concorde, плитка, керамогранит, atlas concord, плитка конкорд, плитка atlas, поставщик, атлас конкорд италия, атлас конкорд сайт","Каталог керамической плитки и керамогранита ATLAS CONCORDE / АТЛАС КОНКОРД (Италия) от прямого поставщика КЕРАМОТЕКА. Низкие цены, скидки. Оптовые и розничные продажи. Материал в наличии.",ATLAS CONCORDE / АТЛАС КОНКОРД (Италия) Керамическая плитка и керамогранит от прямого поставщика - компании КЕРАМОТЕКА,Италия,SEASTONE,"atlas concorde seastone, атлас конкорд систоун, керамогранит seastone, купить, поставщик, скидки, цены",Каталог керамического гранита ATLAS CONCORDE SEASTONE от прямого поставщика КЕРАМОТЕКА. Опт и розница. Скидки. Цены.,ATLAS CONCORDE SEASTONE / АТЛАС КОНКОРД СИСТОУН - проектный керамогранит для общественных пространств. КЕРАМОТЕКА.,Под заказ,$$$,https://www.keramoteka.ru/upload/uf/444/keramoteka-atlas-concorde-seastone.pdf,Статус NHS - ОТСУТСВУЕТ,Керамогранит,White Brick,30X60 СМ,8S67,./temp_files/img/ATLAS CONCORDE_SEASTONE_White Brick.jpg
ATLAS CONCORDE,./temp_files/logo/ATLAS CONCORDE.png,"atlas concorde, атлас конкорд, плитка atlas concorde, керамогранит atlas concorde, плитка, керамогранит, atlas concord, плитка конкорд, плитка atlas, поставщик, атлас конкорд италия, атлас конкорд сайт","Каталог керамической плитки и керамогранита ATLAS CONCORDE / АТЛАС КОНКОРД (Италия) от прямого поставщика КЕРАМОТЕКА. Низкие цены, скидки. Оптовые и розничные продажи. Материал в наличии.",ATLAS CONCORDE / АТЛАС КОНКОРД (Италия) Керамическая плитка и керамогранит от прямого поставщика - компании КЕРАМОТЕКА,Италия,SEASTONE,"atlas concorde seastone, атлас конкорд систоун, керамогранит seastone, купить, поставщик, скидки, цены",Каталог керамического гранита ATLAS CONCORDE SEASTONE от прямого поставщика КЕРАМОТЕКА. Опт и розница. Скидки. Цены.,ATLAS CONCORDE SEASTONE / АТЛАС КОНКОРД СИСТОУН - проектный керамогранит для общественных пространств. КЕРАМОТЕКА.,Под заказ,$$$,https://www.keramoteka.ru/upload/uf/444/keramoteka-atlas-concorde-seastone.pdf,Статус NHS - ОТСУТСВУЕТ,Керамогранит,Gray Mosaico Linea Mix2 /Комплект из 2 плиток/,30X60 СМ,8S68,./temp_files/img/ATLAS CONCORDE_SEASTONE_Gray Mosaico Linea Mix2 -Комплект из 2 плиток-.jpg
ATLAS CONCORDE,./temp_files/logo/ATLAS CONCORDE.png,"atlas concorde, атлас конкорд, плитка atlas concorde, керамогранит atlas concorde, плитка, керамогранит, atlas concord, плитка конкорд, плитка atlas, поставщик, атлас конкорд италия, атлас конкорд сайт","Каталог керамической плитки и керамогранита ATLAS CONCORDE / АТЛАС КОНКОРД (Италия) от прямого поставщика КЕРАМОТЕКА. Низкие цены, скидки. Оптовые и розничные продажи. Материал в наличии.",ATLAS CONCORDE / АТЛАС КОНКОРД (Италия) Керамическая плитка и керамогранит от прямого поставщика - компании КЕРАМОТЕКА,Италия,SEASTONE,"atlas concorde seastone, атлас конкорд систоун, керамогранит seastone, купить, поставщик, скидки, цены",Каталог керамического гранита ATLAS CONCORDE SEASTONE от прямого поставщика КЕРАМОТЕКА. Опт и розница. Скидки. Цены.,ATLAS CONCORDE SEASTONE / АТЛАС КОНКОРД СИСТОУН - проектный керамогранит для общественных пространств. КЕРАМОТЕКА.,Под заказ,$$$,https://www.keramoteka.ru/upload/uf/444/keramoteka-atlas-concorde-seastone.pdf,Статус NHS - ОТСУТСВУЕТ,Керамогранит,Greige Mosaico Linea Mix2 /Комплект из 2 плиток/,30X60 СМ,8S69,./temp_files/img/ATLAS CONCORDE_SEASTONE_Greige Mosaico Linea Mix2 -Комплект из 2 плиток-.jpg
ATLAS CONCORDE,./temp_files/logo/ATLAS CONCORDE.png,"atlas concorde, атлас конкорд, плитка atlas concorde, керамогранит atlas concorde, плитка, керамогранит, atlas concord, плитка конкорд, плитка atlas, поставщик, атлас конкорд италия, атлас конкорд сайт","Каталог керамической плитки и керамогранита ATLAS CONCORDE / АТЛАС КОНКОРД (Италия) от прямого поставщика КЕРАМОТЕКА. Низкие цены, скидки. Оптовые и розничные продажи. Материал в наличии.",ATLAS CONCORDE / АТЛАС КОНКОРД (Италия) Керамическая плитка и керамогранит от прямого поставщика - компании КЕРАМОТЕКА,Италия,SEASTONE,"atlas concorde seastone, атлас конкорд систоун, керамогранит seastone, купить, поставщик, скидки, цены",Каталог керамического гранита ATLAS CONCORDE SEASTONE от прямого поставщика КЕРАМОТЕКА. Опт и розница. Скидки. Цены.,ATLAS CONCORDE SEASTONE / АТЛАС КОНКОРД СИСТОУН - проектный керамогранит для общественных пространств. КЕРАМОТЕКА.,Под заказ,$$$,https://www.keramoteka.ru/upload/uf/444/keramoteka-atlas-concorde-seastone.pdf,Статус NHS - ОТСУТСВУЕТ,Керамогранит,Sand Mosaico Linea Mix2 /Комплект из 2 плиток/,30X60 СМ,8S70,./temp_files/img/ATLAS CONCORDE_SEASTONE_Sand Mosaico Linea Mix2 -Комплект из 2 плиток-.jpg
ATLAS CONCORDE,./temp_files/logo/ATLAS CONCORDE.png,"atlas concorde, атлас конкорд, плитка atlas concorde, керамогранит atlas concorde, плитка, керамогранит, atlas concord, плитка конкорд, плитка atlas, поставщик, атлас конкорд италия, атлас конкорд сайт","Каталог керамической плитки и керамогранита ATLAS CONCORDE / АТЛАС КОНКОРД (Италия) от прямого поставщика КЕРАМОТЕКА. Низкие цены, скидки. Оптовые и розничные продажи. Материал в наличии.",ATLAS CONCORDE / АТЛАС КОНКОРД (Италия) Керамическая плитка и керамогранит от прямого поставщика - компании КЕРАМОТЕКА,Италия,SEASTONE,"atlas concorde seastone, атлас конкорд систоун, керамогранит seastone, купить, поставщик, скидки, цены",Каталог керамического гранита ATLAS CONCORDE SEASTONE от прямого поставщика КЕРАМОТЕКА. Опт и розница. Скидки. Цены.,ATLAS CONCORDE SEASTONE / АТЛАС КОНКОРД СИСТОУН - проектный керамогранит для общественных пространств. КЕРАМОТЕКА.,Под заказ,$$$,https://www.keramoteka.ru/upload/uf/444/keramoteka-atlas-concorde-seastone.pdf,Статус NHS - ОТСУТСВУЕТ,Керамогранит,Black Mosaico Linea Mix2 /Комплект из 2 плиток/,30X60 СМ,8S71,./temp_files/img/ATLAS CONCORDE_SEASTONE_Black Mosaico Linea Mix2 -Комплект из 2 плиток-.jpg
ATLAS CONCORDE,./temp_files/logo/ATLAS CONCORDE.png,"atlas concorde, атлас конкорд, плитка atlas concorde, керамогранит atlas concorde, плитка, керамогранит, atlas concord, плитка конкорд, плитка atlas, поставщик, атлас конкорд италия, атлас конкорд сайт","Каталог керамической плитки и керамогранита ATLAS CONCORDE / АТЛАС КОНКОРД (Италия) от прямого поставщика КЕРАМОТЕКА. Низкие цены, скидки. Оптовые и розничные продажи. Материал в наличии.",ATLAS CONCORDE / АТЛАС КОНКОРД (Италия) Керамическая плитка и керамогранит от прямого поставщика - компании КЕРАМОТЕКА,Италия,SEASTONE,"atlas concorde seastone, атлас конкорд систоун, керамогранит seastone, купить, поставщик, скидки, цены",Каталог керамического гранита ATLAS CONCORDE SEASTONE от прямого поставщика КЕРАМОТЕКА. Опт и розница. Скидки. Цены.,ATLAS CONCORDE SEASTONE / АТЛАС КОНКОРД СИСТОУН - проектный керамогранит для общественных пространств. КЕРАМОТЕКА.,Под заказ,$$$,https://www.keramoteka.ru/upload/uf/444/keramoteka-atlas-concorde-seastone.pdf,Статус NHS - ОТСУТСВУЕТ,Керамогранит,White Mosaico Linea Mix2 /Комплект из 2 плиток/,30X60 СМ,8S72,./temp_files/img/ATLAS CONCORDE_SEASTONE_White Mosaico Linea Mix2 -Комплект из 2 плиток-.jpg
ATLAS CONCORDE,./temp_files/logo/ATLAS CONCORDE.png,"atlas concorde, атлас конкорд, плитка atlas concorde, керамогранит atlas concorde, плитка, керамогранит, atlas concord, плитка конкорд, плитка atlas, поставщик, атлас конкорд италия, атлас конкорд сайт","Каталог керамической плитки и керамогранита ATLAS CONCORDE / АТЛАС КОНКОРД (Италия) от прямого поставщика КЕРАМОТЕКА. Низкие цены, скидки. Оптовые и розничные продажи. Материал в наличии.",ATLAS CONCORDE / АТЛАС КОНКОРД (Италия) Керамическая плитка и керамогранит от прямого поставщика - компании КЕРАМОТЕКА,Италия,SEASTONE,"atlas concorde seastone, атлас конкорд систоун, керамогранит seastone, купить, поставщик, скидки, цены",Каталог керамического гранита ATLAS CONCORDE SEASTONE от прямого поставщика КЕРАМОТЕКА. Опт и розница. Скидки. Цены.,ATLAS CONCORDE SEASTONE / АТЛАС КОНКОРД СИСТОУН - проектный керамогранит для общественных пространств. КЕРАМОТЕКА.,Под заказ,$$$,https://www.keramoteka.ru/upload/uf/444/keramoteka-atlas-concorde-seastone.pdf,Статус NHS - ОТСУТСВУЕТ,Мозаика /Керамогранит/,Gray Mosaico,30X30 СМ,8S79,./temp_files/img/ATLAS CONCORDE_SEASTONE_Gray Mosaico.jpg
ATLAS CONCORDE,./temp_files/logo/ATLAS CONCORDE.png,"atlas concorde, атлас конкорд, плитка atlas concorde, керамогранит atlas concorde, плитка, керамогранит, atlas concord, плитка конкорд, плитка atlas, поставщик, атлас конкорд италия, атлас конкорд сайт","Каталог керамической плитки и керамогранита ATLAS CONCORDE / АТЛАС КОНКОРД (Италия) от прямого поставщика КЕРАМОТЕКА. Низкие цены, скидки. Оптовые и розничные продажи. Материал в наличии.",ATLAS CONCORDE / АТЛАС КОНКОРД (Италия) Керамическая плитка и керамогранит от прямого поставщика - компании КЕРАМОТЕКА,Италия,SEASTONE,"atlas concorde seastone, атлас конкорд систоун, керамогранит seastone, купить, поставщик, скидки, цены",Каталог керамического гранита ATLAS CONCORDE SEASTONE от прямого поставщика КЕРАМОТЕКА. Опт и розница. Скидки. Цены.,ATLAS CONCORDE SEASTONE / АТЛАС КОНКОРД СИСТОУН - проектный керамогранит для общественных пространств. КЕРАМОТЕКА.,Под заказ,$$$,https://www.keramoteka.ru/upload/uf/444/keramoteka-atlas-concorde-seastone.pdf,Статус NHS - ОТСУТСВУЕТ,Мозаика /Керамогранит/,Greige Mosaico,30X30 СМ,8S80,./temp_files/img/ATLAS CONCORDE_SEASTONE_Greige Mosaico.jpg
ATLAS CONCORDE,./temp_files/logo/ATLAS CONCORDE.png,"atlas concorde, атлас конкорд, плитка atlas concorde, керамогранит atlas concorde, плитка, керамогранит, atlas concord, плитка конкорд, плитка atlas, поставщик, атлас конкорд италия, атлас конкорд сайт","Каталог керамической плитки и керамогранита ATLAS CONCORDE / АТЛАС КОНКОРД (Италия) от прямого поставщика КЕРАМОТЕКА. Низкие цены, скидки. Оптовые и розничные продажи. Материал в наличии.",ATLAS CONCORDE / АТЛАС КОНКОРД (Италия) Керамическая плитка и керамогранит от прямого поставщика - компании КЕРАМОТЕКА,Италия,SEASTONE,"atlas concorde seastone, атлас конкорд систоун, керамогранит seastone, купить, поставщик, скидки, цены",Каталог керамического гранита ATLAS CONCORDE SEASTONE от прямого поставщика КЕРАМОТЕКА. Опт и розница. Скидки. Цены.,ATLAS CONCORDE SEASTONE / АТЛАС КОНКОРД СИСТОУН - проектный керамогранит для общественных пространств. КЕРАМОТЕКА.,Под заказ,$$$,https://www.keramoteka.ru/upload/uf/444/keramoteka-atlas-concorde-seastone.pdf,Статус NHS - ОТСУТСВУЕТ,Мозаика /Керамогранит/,Sand Mosaico,30X30 СМ,8S81,./temp_files/img/ATLAS CONCORDE_SEASTONE_Sand Mosaico.jpg
ATLAS CONCORDE,./temp_files/logo/ATLAS CONCORDE.png,"atlas concorde, атлас конкорд, плитка atlas concorde, керамогранит atlas concorde, плитка, керамогранит, atlas concord, плитка конкорд, плитка atlas, поставщик, атлас конкорд италия, атлас конкорд сайт","Каталог керамической плитки и керамогранита ATLAS CONCORDE / АТЛАС КОНКОРД (Италия) от прямого поставщика КЕРАМОТЕКА. Низкие цены, скидки. Оптовые и розничные продажи. Материал в наличии.",ATLAS CONCORDE / АТЛАС КОНКОРД (Италия) Керамическая плитка и керамогранит от прямого поставщика - компании КЕРАМОТЕКА,Италия,SEASTONE,"atlas concorde seastone, атлас конкорд систоун, керамогранит seastone, купить, поставщик, скидки, цены",Каталог керамического гранита ATLAS CONCORDE SEASTONE от прямого поставщика КЕРАМОТЕКА. Опт и розница. Скидки. Цены.,ATLAS CONCORDE SEASTONE / АТЛАС КОНКОРД СИСТОУН - проектный керамогранит для общественных пространств. КЕРАМОТЕКА.,Под заказ,$$$,https://www.keramoteka.ru/upload/uf/444/keramoteka-atlas-concorde-seastone.pdf,Статус NHS - ОТСУТСВУЕТ,Мозаика /Керамогранит/,Black Mosaico,30X30 СМ,8S78,./temp_files/img/ATLAS CONCORDE_SEASTONE_Black Mosaico.jpg
ATLAS CONCORDE,./temp_files/logo/ATLAS CONCORDE.png,"atlas concorde, атлас конкорд, плитка atlas concorde, керамогранит atlas concorde, плитка, керамогранит, atlas concord, плитка конкорд, плитка atlas, поставщик, атлас конкорд италия, атлас конкорд сайт","Каталог керамической плитки и керамогранита ATLAS CONCORDE / АТЛАС КОНКОРД (Италия) от прямого поставщика КЕРАМОТЕКА. Низкие цены, скидки. Оптовые и розничные продажи. Материал в наличии.",ATLAS CONCORDE / АТЛАС КОНКОРД (Италия) Керамическая плитка и керамогранит от прямого поставщика - компании КЕРАМОТЕКА,Италия,SEASTONE,"atlas concorde seastone, атлас конкорд систоун, керамогранит seastone, купить, поставщик, скидки, цены",Каталог керамического гранита ATLAS CONCORDE SEASTONE от прямого поставщика КЕРАМОТЕКА. Опт и розница. Скидки. Цены.,ATLAS CONCORDE SEASTONE / АТЛАС КОНКОРД СИСТОУН - проектный керамогранит для общественных пространств. КЕРАМОТЕКА.,Под заказ,$$$,https://www.keramoteka.ru/upload/uf/444/keramoteka-atlas-concorde-seastone.pdf,Статус NHS - ОТСУТСВУЕТ,Мозаика /Керамогранит/,White Mosaico,30X30 СМ,8S82,./temp_files/img/ATLAS CONCORDE_SEASTONE_White Mosaico.jpg
ATLAS CONCORDE,./temp_files/logo/ATLAS CONCORDE.png,"atlas concorde, атлас конкорд, плитка atlas concorde, керамогранит atlas concorde, плитка, керамогранит, atlas concord, плитка конкорд, плитка atlas, поставщик, атлас конкорд италия, атлас конкорд сайт","Каталог керамической плитки и керамогранита ATLAS CONCORDE / АТЛАС КОНКОРД (Италия) от прямого поставщика КЕРАМОТЕКА. Низкие цены, скидки. Оптовые и розничные продажи. Материал в наличии.",ATLAS CONCORDE / АТЛАС КОНКОРД (Италия) Керамическая плитка и керамогранит от прямого поставщика - компании КЕРАМОТЕКА,Италия,SEASTONE,"atlas concorde seastone, атлас конкорд систоун, керамогранит seastone, купить, поставщик, скидки, цены",Каталог керамического гранита ATLAS CONCORDE SEASTONE от прямого поставщика КЕРАМОТЕКА. Опт и розница. Скидки. Цены.,ATLAS CONCORDE SEASTONE / АТЛАС КОНКОРД СИСТОУН - проектный керамогранит для общественных пространств. КЕРАМОТЕКА.,Под заказ,$$$,https://www.keramoteka.ru/upload/uf/444/keramoteka-atlas-concorde-seastone.pdf,Статус NHS - ОТСУТСВУЕТ,Декоративные элементы для стен /Керамогранит/,Gray Mosaico 3D,30X30 СМ,8S74,./temp_files/img/ATLAS CONCORDE_SEASTONE_Gray Mosaico 3D.jpg
ATLAS CONCORDE,./temp_files/logo/ATLAS CONCORDE.png,"atlas concorde, атлас конкорд, плитка atlas concorde, керамогранит atlas concorde, плитка, керамогранит, atlas concord, плитка конкорд, плитка atlas, поставщик, атлас конкорд италия, атлас конкорд сайт","Каталог керамической плитки и керамогранита ATLAS CONCORDE / АТЛАС КОНКОРД (Италия) от прямого поставщика КЕРАМОТЕКА. Низкие цены, скидки. Оптовые и розничные продажи. Материал в наличии.",ATLAS CONCORDE / АТЛАС КОНКОРД (Италия) Керамическая плитка и керамогранит от прямого поставщика - компании КЕРАМОТЕКА,Италия,SEASTONE,"atlas concorde seastone, атлас конкорд систоун, керамогранит seastone, купить, поставщик, скидки, цены",Каталог керамического гранита ATLAS CONCORDE SEASTONE от прямого поставщика КЕРАМОТЕКА. Опт и розница. Скидки. Цены.,ATLAS CONCORDE SEASTONE / АТЛАС КОНКОРД СИСТОУН - проектный керамогранит для общественных пространств. КЕРАМОТЕКА.,Под заказ,$$$,https://www.keramoteka.ru/upload/uf/444/keramoteka-atlas-concorde-seastone.pdf,Статус NHS - ОТСУТСВУЕТ,Декоративные элементы для стен /Керамогранит/,Greige Mosaico 3D,30X30 СМ,8S75,./temp_files/img/ATLAS CONCORDE_SEASTONE_Greige Mosaico 3D.jpg
ATLAS CONCORDE,./temp_files/logo/ATLAS CONCORDE.png,"atlas concorde, атлас конкорд, плитка atlas concorde, керамогранит atlas concorde, плитка, керамогранит, atlas concord, плитка конкорд, плитка atlas, поставщик, атлас конкорд италия, атлас конкорд сайт","Каталог керамической плитки и керамогранита ATLAS CONCORDE / АТЛАС КОНКОРД (Италия) от прямого поставщика КЕРАМОТЕКА. Низкие цены, скидки. Оптовые и розничные продажи. Материал в наличии.",ATLAS CONCORDE / АТЛАС КОНКОРД (Италия) Керамическая плитка и керамогранит от прямого поставщика - компании КЕРАМОТЕКА,Италия,SEASTONE,"atlas concorde seastone, атлас конкорд систоун, керамогранит seastone, купить, поставщик, скидки, цены",Каталог керамического гранита ATLAS CONCORDE SEASTONE от прямого поставщика КЕРАМОТЕКА. Опт и розница. Скидки. Цены.,ATLAS CONCORDE SEASTONE / АТЛАС КОНКОРД СИСТОУН - проектный керамогранит для общественных пространств. КЕРАМОТЕКА.,Под заказ,$$$,https://www.keramoteka.ru/upload/uf/444/keramoteka-atlas-concorde-seastone.pdf,Статус NHS - ОТСУТСВУЕТ,Декоративные элементы для стен /Керамогранит/,Sand Mosaico 3D,30X30 СМ,8S76,./temp_files/img/ATLAS CONCORDE_SEASTONE_Sand Mosaico 3D.jpg
ATLAS CONCORDE,./temp_files/logo/ATLAS CONCORDE.png,"atlas concorde, атлас конкорд, плитка atlas concorde, керамогранит atlas concorde, плитка, керамогранит, atlas concord, плитка конкорд, плитка atlas, поставщик, атлас конкорд италия, атлас конкорд сайт","Каталог керамической плитки и керамогранита ATLAS CONCORDE / АТЛАС КОНКОРД (Италия) от прямого поставщика КЕРАМОТЕКА. Низкие цены, скидки. Оптовые и розничные продажи. Материал в наличии.",ATLAS CONCORDE / АТЛАС КОНКОРД (Италия) Керамическая плитка и керамогранит от прямого поставщика - компании КЕРАМОТЕКА,Италия,SEASTONE,"atlas concorde seastone, атлас конкорд систоун, керамогранит seastone, купить, поставщик, скидки, цены",Каталог керамического гранита ATLAS CONCORDE SEASTONE от прямого поставщика КЕРАМОТЕКА. Опт и розница. Скидки. Цены.,ATLAS CONCORDE SEASTONE / АТЛАС КОНКОРД СИСТОУН - проектный керамогранит для общественных пространств. КЕРАМОТЕКА.,Под заказ,$$$,https://www.keramoteka.ru/upload/uf/444/keramoteka-atlas-concorde-seastone.pdf,Статус NHS - ОТСУТСВУЕТ,Декоративные элементы для стен /Керамогранит/,Black Mosaico 3D,30X30 СМ,8S73,./temp_files/img/ATLAS CONCORDE_SEASTONE_Black Mosaico 3D.jpg
ATLAS CONCORDE,./temp_files/logo/ATLAS CONCORDE.png,"atlas concorde, атлас конкорд, плитка atlas concorde, керамогранит atlas concorde, плитка, керамогранит, atlas concord, плитка конкорд, плитка atlas, поставщик, атлас конкорд италия, атлас конкорд сайт","Каталог керамической плитки и керамогранита ATLAS CONCORDE / АТЛАС КОНКОРД (Италия) от прямого поставщика КЕРАМОТЕКА. Низкие цены, скидки. Оптовые и розничные продажи. Материал в наличии.",ATLAS CONCORDE / АТЛАС КОНКОРД (Италия) Керамическая плитка и керамогранит от прямого поставщика - компании КЕРАМОТЕКА,Италия,SEASTONE,"atlas concorde seastone, атлас конкорд систоун, керамогранит seastone, купить, поставщик, скидки, цены",Каталог керамического гранита ATLAS CONCORDE SEASTONE от прямого поставщика КЕРАМОТЕКА. Опт и розница. Скидки. Цены.,ATLAS CONCORDE SEASTONE / АТЛАС КОНКОРД СИСТОУН - проектный керамогранит для общественных пространств. КЕРАМОТЕКА.,Под заказ,$$$,https://www.keramoteka.ru/upload/uf/444/keramoteka-atlas-concorde-seastone.pdf,Статус NHS - ОТСУТСВУЕТ,Декоративные элементы для стен /Керамогранит/,White Mosaico 3D,30X30 СМ,8S77,./temp_files/img/ATLAS CONCORDE_SEASTONE_White Mosaico 3D.jpg
ATLAS CONCORDE,./temp_files/logo/ATLAS CONCORDE.png,"atlas concorde, атлас конкорд, плитка atlas concorde, керамогранит atlas concorde, плитка, керамогранит, atlas concord, плитка конкорд, плитка atlas, поставщик, атлас конкорд италия, атлас конкорд сайт","Каталог керамической плитки и керамогранита ATLAS CONCORDE / АТЛАС КОНКОРД (Италия) от прямого поставщика КЕРАМОТЕКА. Низкие цены, скидки. Оптовые и розничные продажи. Материал в наличии.",ATLAS CONCORDE / АТЛАС КОНКОРД (Италия) Керамическая плитка и керамогранит от прямого поставщика - компании КЕРАМОТЕКА,Италия,SEASTONE,"atlas concorde seastone, атлас конкорд систоун, керамогранит seastone, купить, поставщик, скидки, цены",Каталог керамического гранита ATLAS CONCORDE SEASTONE от прямого поставщика КЕРАМОТЕКА. Опт и розница. Скидки. Цены.,ATLAS CONCORDE SEASTONE / АТЛАС КОНКОРД СИСТОУН - проектный керамогранит для общественных пространств. КЕРАМОТЕКА.,Под заказ,$$$,https://www.keramoteka.ru/upload/uf/444/keramoteka-atlas-concorde-seastone.pdf,Статус NHS - ОТСУТСВУЕТ,Керамогранит LASTRA 20MM для уличного применения,Gray LASTRA 20mm,60X60 СМ,8S42,./temp_files/img/ATLAS CONCORDE_SEASTONE_Gray LASTRA 20mm.jpg
ATLAS CONCORDE,./temp_files/logo/ATLAS CONCORDE.png,"atlas concorde, атлас конкорд, плитка atlas concorde, керамогранит atlas concorde, плитка, керамогранит, atlas concord, плитка конкорд, плитка atlas, поставщик, атлас конкорд италия, атлас конкорд сайт","Каталог керамической плитки и керамогранита ATLAS CONCORDE / АТЛАС КОНКОРД (Италия) от прямого поставщика КЕРАМОТЕКА. Низкие цены, скидки. Оптовые и розничные продажи. Материал в наличии.",ATLAS CONCORDE / АТЛАС КОНКОРД (Италия) Керамическая плитка и керамогранит от прямого поставщика - компании КЕРАМОТЕКА,Италия,SEASTONE,"atlas concorde seastone, атлас конкорд систоун, керамогранит seastone, купить, поставщик, скидки, цены",Каталог керамического гранита ATLAS CONCORDE SEASTONE от прямого поставщика КЕРАМОТЕКА. Опт и розница. Скидки. Цены.,ATLAS CONCORDE SEASTONE / АТЛАС КОНКОРД СИСТОУН - проектный керамогранит для общественных пространств. КЕРАМОТЕКА.,Под заказ,$$$,https://www.keramoteka.ru/upload/uf/444/keramoteka-atlas-concorde-seastone.pdf,Статус NHS - ОТСУТСВУЕТ,Керамогранит LASTRA 20MM для уличного применения,Greige LASTRA 20mm,60X60 СМ,8S41,./temp_files/img/ATLAS CONCORDE_SEASTONE_Greige LASTRA 20mm.jpg
