EQUIPE,./temp_files/logo/EQUIPE.png,"equipe ceramicas, экипе керамикас, плитка equipe, плитка, напольная плитка equipe, поставщик, купить, цены, Caprice, Hexatile, Hexatile Cement, Octagon, Urban, Micro, Carrara, Caprice Deco, Kite, Hexawood, Country, Metro, InMetro Evolution, Brick, Harmony, Scale","Каталог классической керамической плитки и керамогранита EQUIPE CERAMICAS / ЭКИПЕ КЕРАМИКАС от прямого поставщика КЕРАМОТЕКА. Низкие цены, скидки. Оптовые и розничные продажи. Материал в наличии.",EQUIPE CERAMICAS / ЭКИПЕ КЕРАМИКАС Керамическая плитка и керамогранит (Испания) от прямого поставщика КЕРАМОТЕКА.,,EVOLUTION INMETRO,"equipe evolution inmetro, экипе, плитка equipe, керамическая плитка, скидки, купить, цены, поставщик, испания
","Каталог коллекции Equipe Evolution Inmetro / Экипе Эволюшн Инметро (Испания) - от прямого поставщика КЕРАМОТЕКА. Низкие цены, скидки. Оптовые и розничные продажи. Материал в наличии.","Equipe Evolution Inmetro / Экипе Эволюшн Инметро - Керамическая плитка ""под кирпич"" для жилых интерьеров и общественных пространств (Испания). КЕРАМОТЕКА.
",На складе,,Каталог отсутсвует !!!,Статус NHS - ОТСУТСВУЕТ,Керамическая плитка для стен,White,"7,5X15 СМ",21485,./temp_files/img/EQUIPE_EVOLUTION INMETRO_White.jpg
EQUIPE,./temp_files/logo/EQUIPE.png,"equipe ceramicas, экипе керамикас, плитка equipe, плитка, напольная плитка equipe, поставщик, купить, цены, Caprice, Hexatile, Hexatile Cement, Octagon, Urban, Micro, Carrara, Caprice Deco, Kite, Hexawood, Country, Metro, InMetro Evolution, Brick, Harmony, Scale","Каталог классической керамической плитки и керамогранита EQUIPE CERAMICAS / ЭКИПЕ КЕРАМИКАС от прямого поставщика КЕРАМОТЕКА. Низкие цены, скидки. Оптовые и розничные продажи. Материал в наличии.",EQUIPE CERAMICAS / ЭКИПЕ КЕРАМИКАС Керамическая плитка и керамогранит (Испания) от прямого поставщика КЕРАМОТЕКА.,,EVOLUTION INMETRO,"equipe evolution inmetro, экипе, плитка equipe, керамическая плитка, скидки, купить, цены, поставщик, испания
","Каталог коллекции Equipe Evolution Inmetro / Экипе Эволюшн Инметро (Испания) - от прямого поставщика КЕРАМОТЕКА. Низкие цены, скидки. Оптовые и розничные продажи. Материал в наличии.","Equipe Evolution Inmetro / Экипе Эволюшн Инметро - Керамическая плитка ""под кирпич"" для жилых интерьеров и общественных пространств (Испания). КЕРАМОТЕКА.
",На складе,,Каталог отсутсвует !!!,Статус NHS - ОТСУТСВУЕТ,Керамическая плитка для стен,White Matt,"7,5X15 СМ",22352,./temp_files/img/EQUIPE_EVOLUTION INMETRO_White Matt.jpg
EQUIPE,./temp_files/logo/EQUIPE.png,"equipe ceramicas, экипе керамикас, плитка equipe, плитка, напольная плитка equipe, поставщик, купить, цены, Caprice, Hexatile, Hexatile Cement, Octagon, Urban, Micro, Carrara, Caprice Deco, Kite, Hexawood, Country, Metro, InMetro Evolution, Brick, Harmony, Scale","Каталог классической керамической плитки и керамогранита EQUIPE CERAMICAS / ЭКИПЕ КЕРАМИКАС от прямого поставщика КЕРАМОТЕКА. Низкие цены, скидки. Оптовые и розничные продажи. Материал в наличии.",EQUIPE CERAMICAS / ЭКИПЕ КЕРАМИКАС Керамическая плитка и керамогранит (Испания) от прямого поставщика КЕРАМОТЕКА.,,EVOLUTION INMETRO,"equipe evolution inmetro, экипе, плитка equipe, керамическая плитка, скидки, купить, цены, поставщик, испания
","Каталог коллекции Equipe Evolution Inmetro / Экипе Эволюшн Инметро (Испания) - от прямого поставщика КЕРАМОТЕКА. Низкие цены, скидки. Оптовые и розничные продажи. Материал в наличии.","Equipe Evolution Inmetro / Экипе Эволюшн Инметро - Керамическая плитка ""под кирпич"" для жилых интерьеров и общественных пространств (Испания). КЕРАМОТЕКА.
",На складе,,Каталог отсутсвует !!!,Статус NHS - ОТСУТСВУЕТ,Керамическая плитка для стен,Cream,"7,5X15 СМ",22351,./temp_files/img/EQUIPE_EVOLUTION INMETRO_Cream.jpg
EQUIPE,./temp_files/logo/EQUIPE.png,"equipe ceramicas, экипе керамикас, плитка equipe, плитка, напольная плитка equipe, поставщик, купить, цены, Caprice, Hexatile, Hexatile Cement, Octagon, Urban, Micro, Carrara, Caprice Deco, Kite, Hexawood, Country, Metro, InMetro Evolution, Brick, Harmony, Scale","Каталог классической керамической плитки и керамогранита EQUIPE CERAMICAS / ЭКИПЕ КЕРАМИКАС от прямого поставщика КЕРАМОТЕКА. Низкие цены, скидки. Оптовые и розничные продажи. Материал в наличии.",EQUIPE CERAMICAS / ЭКИПЕ КЕРАМИКАС Керамическая плитка и керамогранит (Испания) от прямого поставщика КЕРАМОТЕКА.,,EVOLUTION INMETRO,"equipe evolution inmetro, экипе, плитка equipe, керамическая плитка, скидки, купить, цены, поставщик, испания
","Каталог коллекции Equipe Evolution Inmetro / Экипе Эволюшн Инметро (Испания) - от прямого поставщика КЕРАМОТЕКА. Низкие цены, скидки. Оптовые и розничные продажи. Материал в наличии.","Equipe Evolution Inmetro / Экипе Эволюшн Инметро - Керамическая плитка ""под кирпич"" для жилых интерьеров и общественных пространств (Испания). КЕРАМОТЕКА.
",На складе,,Каталог отсутсвует !!!,Статус NHS - ОТСУТСВУЕТ,Керамическая плитка для стен,Light Grey,"7,5X15 СМ",22350,./temp_files/img/EQUIPE_EVOLUTION INMETRO_Light Grey.jpg
EQUIPE,./temp_files/logo/EQUIPE.png,"equipe ceramicas, экипе керамикас, плитка equipe, плитка, напольная плитка equipe, поставщик, купить, цены, Caprice, Hexatile, Hexatile Cement, Octagon, Urban, Micro, Carrara, Caprice Deco, Kite, Hexawood, Country, Metro, InMetro Evolution, Brick, Harmony, Scale","Каталог классической керамической плитки и керамогранита EQUIPE CERAMICAS / ЭКИПЕ КЕРАМИКАС от прямого поставщика КЕРАМОТЕКА. Низкие цены, скидки. Оптовые и розничные продажи. Материал в наличии.",EQUIPE CERAMICAS / ЭКИПЕ КЕРАМИКАС Керамическая плитка и керамогранит (Испания) от прямого поставщика КЕРАМОТЕКА.,,EVOLUTION INMETRO,"equipe evolution inmetro, экипе, плитка equipe, керамическая плитка, скидки, купить, цены, поставщик, испания
","Каталог коллекции Equipe Evolution Inmetro / Экипе Эволюшн Инметро (Испания) - от прямого поставщика КЕРАМОТЕКА. Низкие цены, скидки. Оптовые и розничные продажи. Материал в наличии.","Equipe Evolution Inmetro / Экипе Эволюшн Инметро - Керамическая плитка ""под кирпич"" для жилых интерьеров и общественных пространств (Испания). КЕРАМОТЕКА.
",На складе,,Каталог отсутсвует !!!,Статус NHS - ОТСУТСВУЕТ,Керамическая плитка для стен,Dark Grey,"7,5X15 СМ",22000,./temp_files/img/EQUIPE_EVOLUTION INMETRO_Dark Grey.jpg
EQUIPE,./temp_files/logo/EQUIPE.png,"equipe ceramicas, экипе керамикас, плитка equipe, плитка, напольная плитка equipe, поставщик, купить, цены, Caprice, Hexatile, Hexatile Cement, Octagon, Urban, Micro, Carrara, Caprice Deco, Kite, Hexawood, Country, Metro, InMetro Evolution, Brick, Harmony, Scale","Каталог классической керамической плитки и керамогранита EQUIPE CERAMICAS / ЭКИПЕ КЕРАМИКАС от прямого поставщика КЕРАМОТЕКА. Низкие цены, скидки. Оптовые и розничные продажи. Материал в наличии.",EQUIPE CERAMICAS / ЭКИПЕ КЕРАМИКАС Керамическая плитка и керамогранит (Испания) от прямого поставщика КЕРАМОТЕКА.,,EVOLUTION INMETRO,"equipe evolution inmetro, экипе, плитка equipe, керамическая плитка, скидки, купить, цены, поставщик, испания
","Каталог коллекции Equipe Evolution Inmetro / Экипе Эволюшн Инметро (Испания) - от прямого поставщика КЕРАМОТЕКА. Низкие цены, скидки. Оптовые и розничные продажи. Материал в наличии.","Equipe Evolution Inmetro / Экипе Эволюшн Инметро - Керамическая плитка ""под кирпич"" для жилых интерьеров и общественных пространств (Испания). КЕРАМОТЕКА.
",На складе,,Каталог отсутсвует !!!,Статус NHS - ОТСУТСВУЕТ,Керамическая плитка для стен,Black,"7,5X15 СМ",22001,./temp_files/img/EQUIPE_EVOLUTION INMETRO_Black.jpg
EQUIPE,./temp_files/logo/EQUIPE.png,"equipe ceramicas, экипе керамикас, плитка equipe, плитка, напольная плитка equipe, поставщик, купить, цены, Caprice, Hexatile, Hexatile Cement, Octagon, Urban, Micro, Carrara, Caprice Deco, Kite, Hexawood, Country, Metro, InMetro Evolution, Brick, Harmony, Scale","Каталог классической керамической плитки и керамогранита EQUIPE CERAMICAS / ЭКИПЕ КЕРАМИКАС от прямого поставщика КЕРАМОТЕКА. Низкие цены, скидки. Оптовые и розничные продажи. Материал в наличии.",EQUIPE CERAMICAS / ЭКИПЕ КЕРАМИКАС Керамическая плитка и керамогранит (Испания) от прямого поставщика КЕРАМОТЕКА.,,EVOLUTION INMETRO,"equipe evolution inmetro, экипе, плитка equipe, керамическая плитка, скидки, купить, цены, поставщик, испания
","Каталог коллекции Equipe Evolution Inmetro / Экипе Эволюшн Инметро (Испания) - от прямого поставщика КЕРАМОТЕКА. Низкие цены, скидки. Оптовые и розничные продажи. Материал в наличии.","Equipe Evolution Inmetro / Экипе Эволюшн Инметро - Керамическая плитка ""под кирпич"" для жилых интерьеров и общественных пространств (Испания). КЕРАМОТЕКА.
",На складе,,Каталог отсутсвует !!!,Статус NHS - ОТСУТСВУЕТ,Керамическая плитка для стен,Black Matt,"7,5X15 СМ",22353,./temp_files/img/EQUIPE_EVOLUTION INMETRO_Black Matt.jpg
EQUIPE,./temp_files/logo/EQUIPE.png,"equipe ceramicas, экипе керамикас, плитка equipe, плитка, напольная плитка equipe, поставщик, купить, цены, Caprice, Hexatile, Hexatile Cement, Octagon, Urban, Micro, Carrara, Caprice Deco, Kite, Hexawood, Country, Metro, InMetro Evolution, Brick, Harmony, Scale","Каталог классической керамической плитки и керамогранита EQUIPE CERAMICAS / ЭКИПЕ КЕРАМИКАС от прямого поставщика КЕРАМОТЕКА. Низкие цены, скидки. Оптовые и розничные продажи. Материал в наличии.",EQUIPE CERAMICAS / ЭКИПЕ КЕРАМИКАС Керамическая плитка и керамогранит (Испания) от прямого поставщика КЕРАМОТЕКА.,,EVOLUTION INMETRO,"equipe evolution inmetro, экипе, плитка equipe, керамическая плитка, скидки, купить, цены, поставщик, испания
","Каталог коллекции Equipe Evolution Inmetro / Экипе Эволюшн Инметро (Испания) - от прямого поставщика КЕРАМОТЕКА. Низкие цены, скидки. Оптовые и розничные продажи. Материал в наличии.","Equipe Evolution Inmetro / Экипе Эволюшн Инметро - Керамическая плитка ""под кирпич"" для жилых интерьеров и общественных пространств (Испания). КЕРАМОТЕКА.
",На складе,,Каталог отсутсвует !!!,Статус NHS - ОТСУТСВУЕТ,Керамическая плитка для стен,Amber,"7,5X15 СМ",22356,./temp_files/img/EQUIPE_EVOLUTION INMETRO_Amber.jpg
EQUIPE,./temp_files/logo/EQUIPE.png,"equipe ceramicas, экипе керамикас, плитка equipe, плитка, напольная плитка equipe, поставщик, купить, цены, Caprice, Hexatile, Hexatile Cement, Octagon, Urban, Micro, Carrara, Caprice Deco, Kite, Hexawood, Country, Metro, InMetro Evolution, Brick, Harmony, Scale","Каталог классической керамической плитки и керамогранита EQUIPE CERAMICAS / ЭКИПЕ КЕРАМИКАС от прямого поставщика КЕРАМОТЕКА. Низкие цены, скидки. Оптовые и розничные продажи. Материал в наличии.",EQUIPE CERAMICAS / ЭКИПЕ КЕРАМИКАС Керамическая плитка и керамогранит (Испания) от прямого поставщика КЕРАМОТЕКА.,,EVOLUTION INMETRO,"equipe evolution inmetro, экипе, плитка equipe, керамическая плитка, скидки, купить, цены, поставщик, испания
","Каталог коллекции Equipe Evolution Inmetro / Экипе Эволюшн Инметро (Испания) - от прямого поставщика КЕРАМОТЕКА. Низкие цены, скидки. Оптовые и розничные продажи. Материал в наличии.","Equipe Evolution Inmetro / Экипе Эволюшн Инметро - Керамическая плитка ""под кирпич"" для жилых интерьеров и общественных пространств (Испания). КЕРАМОТЕКА.
",На складе,,Каталог отсутсвует !!!,Статус NHS - ОТСУТСВУЕТ,Керамическая плитка для стен,Victorian Green,"7,5X15 СМ",22354,./temp_files/img/EQUIPE_EVOLUTION INMETRO_Victorian Green.jpg
EQUIPE,./temp_files/logo/EQUIPE.png,"equipe ceramicas, экипе керамикас, плитка equipe, плитка, напольная плитка equipe, поставщик, купить, цены, Caprice, Hexatile, Hexatile Cement, Octagon, Urban, Micro, Carrara, Caprice Deco, Kite, Hexawood, Country, Metro, InMetro Evolution, Brick, Harmony, Scale","Каталог классической керамической плитки и керамогранита EQUIPE CERAMICAS / ЭКИПЕ КЕРАМИКАС от прямого поставщика КЕРАМОТЕКА. Низкие цены, скидки. Оптовые и розничные продажи. Материал в наличии.",EQUIPE CERAMICAS / ЭКИПЕ КЕРАМИКАС Керамическая плитка и керамогранит (Испания) от прямого поставщика КЕРАМОТЕКА.,,EVOLUTION INMETRO,"equipe evolution inmetro, экипе, плитка equipe, керамическая плитка, скидки, купить, цены, поставщик, испания
","Каталог коллекции Equipe Evolution Inmetro / Экипе Эволюшн Инметро (Испания) - от прямого поставщика КЕРАМОТЕКА. Низкие цены, скидки. Оптовые и розничные продажи. Материал в наличии.","Equipe Evolution Inmetro / Экипе Эволюшн Инметро - Керамическая плитка ""под кирпич"" для жилых интерьеров и общественных пространств (Испания). КЕРАМОТЕКА.
",На складе,,Каталог отсутсвует !!!,Статус NHS - ОТСУТСВУЕТ,Керамическая плитка для стен,Cobalt,"7,5X15 СМ",22355,./temp_files/img/EQUIPE_EVOLUTION INMETRO_Cobalt.jpg
