EQUIPE,./temp_files/logo/EQUIPE.png,"equipe ceramicas, экипе керамикас, плитка equipe, плитка, напольная плитка equipe, поставщик, купить, цены, Caprice, Hexatile, Hexatile Cement, Octagon, Urban, Micro, Carrara, Caprice Deco, Kite, Hexawood, Country, Metro, InMetro Evolution, Brick, Harmony, Scale","Каталог классической керамической плитки и керамогранита EQUIPE CERAMICAS / ЭКИПЕ КЕРАМИКАС от прямого поставщика КЕРАМОТЕКА. Низкие цены, скидки. Оптовые и розничные продажи. Материал в наличии.",EQUIPE CERAMICAS / ЭКИПЕ КЕРАМИКАС Керамическая плитка и керамогранит (Испания) от прямого поставщика КЕРАМОТЕКА.,Испания,HEXATILE,"equipe hexatile, экипе гексатайл, плитка марка экипе, керамогранит, напольная плитка, плитка, скидки, купить, цены, испания","Каталог коллекции Equipe Hexatile / Экипе Гексатайл (Испания) от компании КЕРАМОТЕКА. Низкие цены, скидки. Оптовые и розничные продажи. Материал в наличии.
","Equipe Hexatile / Экипе Гексатайл - Плитка / керамогранит для жилых интерьеров, ванных комнат и общественных пространств (Испания). КЕРАМОТЕКА.",На складе,$$$,https://www.keramoteka.ru/upload/uf/ebf/keramoteka-equipe-hexatile.pdf,ХИТ,Декоративные элементы,Lovely B&W,"17,5X20 СМ",21834,./temp_files/img/EQUIPE_HEXATILE_Lovely B&W.jpg
EQUIPE,./temp_files/logo/EQUIPE.png,"equipe ceramicas, экипе керамикас, плитка equipe, плитка, напольная плитка equipe, поставщик, купить, цены, Caprice, Hexatile, Hexatile Cement, Octagon, Urban, Micro, Carrara, Caprice Deco, Kite, Hexawood, Country, Metro, InMetro Evolution, Brick, Harmony, Scale","Каталог классической керамической плитки и керамогранита EQUIPE CERAMICAS / ЭКИПЕ КЕРАМИКАС от прямого поставщика КЕРАМОТЕКА. Низкие цены, скидки. Оптовые и розничные продажи. Материал в наличии.",EQUIPE CERAMICAS / ЭКИПЕ КЕРАМИКАС Керамическая плитка и керамогранит (Испания) от прямого поставщика КЕРАМОТЕКА.,Испания,HEXATILE,"equipe hexatile, экипе гексатайл, плитка марка экипе, керамогранит, напольная плитка, плитка, скидки, купить, цены, испания","Каталог коллекции Equipe Hexatile / Экипе Гексатайл (Испания) от компании КЕРАМОТЕКА. Низкие цены, скидки. Оптовые и розничные продажи. Материал в наличии.
","Equipe Hexatile / Экипе Гексатайл - Плитка / керамогранит для жилых интерьеров, ванных комнат и общественных пространств (Испания). КЕРАМОТЕКА.",На складе,$$$,https://www.keramoteka.ru/upload/uf/ebf/keramoteka-equipe-hexatile.pdf,ХИТ,Декоративные элементы,Lovely Colour,"17,5X20 СМ",21833,./temp_files/img/EQUIPE_HEXATILE_Lovely Colour.jpg
EQUIPE,./temp_files/logo/EQUIPE.png,"equipe ceramicas, экипе керамикас, плитка equipe, плитка, напольная плитка equipe, поставщик, купить, цены, Caprice, Hexatile, Hexatile Cement, Octagon, Urban, Micro, Carrara, Caprice Deco, Kite, Hexawood, Country, Metro, InMetro Evolution, Brick, Harmony, Scale","Каталог классической керамической плитки и керамогранита EQUIPE CERAMICAS / ЭКИПЕ КЕРАМИКАС от прямого поставщика КЕРАМОТЕКА. Низкие цены, скидки. Оптовые и розничные продажи. Материал в наличии.",EQUIPE CERAMICAS / ЭКИПЕ КЕРАМИКАС Керамическая плитка и керамогранит (Испания) от прямого поставщика КЕРАМОТЕКА.,Испания,HEXATILE,"equipe hexatile, экипе гексатайл, плитка марка экипе, керамогранит, напольная плитка, плитка, скидки, купить, цены, испания","Каталог коллекции Equipe Hexatile / Экипе Гексатайл (Испания) от компании КЕРАМОТЕКА. Низкие цены, скидки. Оптовые и розничные продажи. Материал в наличии.
","Equipe Hexatile / Экипе Гексатайл - Плитка / керамогранит для жилых интерьеров, ванных комнат и общественных пространств (Испания). КЕРАМОТЕКА.",На складе,$$$,https://www.keramoteka.ru/upload/uf/ebf/keramoteka-equipe-hexatile.pdf,ХИТ,Декоративные элементы,Charmant,"17,5X20 СМ",21832,./temp_files/img/EQUIPE_HEXATILE_Charmant.jpg
EQUIPE,./temp_files/logo/EQUIPE.png,"equipe ceramicas, экипе керамикас, плитка equipe, плитка, напольная плитка equipe, поставщик, купить, цены, Caprice, Hexatile, Hexatile Cement, Octagon, Urban, Micro, Carrara, Caprice Deco, Kite, Hexawood, Country, Metro, InMetro Evolution, Brick, Harmony, Scale","Каталог классической керамической плитки и керамогранита EQUIPE CERAMICAS / ЭКИПЕ КЕРАМИКАС от прямого поставщика КЕРАМОТЕКА. Низкие цены, скидки. Оптовые и розничные продажи. Материал в наличии.",EQUIPE CERAMICAS / ЭКИПЕ КЕРАМИКАС Керамическая плитка и керамогранит (Испания) от прямого поставщика КЕРАМОТЕКА.,Испания,HEXATILE,"equipe hexatile, экипе гексатайл, плитка марка экипе, керамогранит, напольная плитка, плитка, скидки, купить, цены, испания","Каталог коллекции Equipe Hexatile / Экипе Гексатайл (Испания) от компании КЕРАМОТЕКА. Низкие цены, скидки. Оптовые и розничные продажи. Материал в наличии.
","Equipe Hexatile / Экипе Гексатайл - Плитка / керамогранит для жилых интерьеров, ванных комнат и общественных пространств (Испания). КЕРАМОТЕКА.",На складе,$$$,https://www.keramoteka.ru/upload/uf/ebf/keramoteka-equipe-hexatile.pdf,ХИТ,Декоративные элементы,Insinuate,"17,5X20 СМ",21835,./temp_files/img/EQUIPE_HEXATILE_Insinuate.jpg
EQUIPE,./temp_files/logo/EQUIPE.png,"equipe ceramicas, экипе керамикас, плитка equipe, плитка, напольная плитка equipe, поставщик, купить, цены, Caprice, Hexatile, Hexatile Cement, Octagon, Urban, Micro, Carrara, Caprice Deco, Kite, Hexawood, Country, Metro, InMetro Evolution, Brick, Harmony, Scale","Каталог классической керамической плитки и керамогранита EQUIPE CERAMICAS / ЭКИПЕ КЕРАМИКАС от прямого поставщика КЕРАМОТЕКА. Низкие цены, скидки. Оптовые и розничные продажи. Материал в наличии.",EQUIPE CERAMICAS / ЭКИПЕ КЕРАМИКАС Керамическая плитка и керамогранит (Испания) от прямого поставщика КЕРАМОТЕКА.,Испания,HEXATILE,"equipe hexatile, экипе гексатайл, плитка марка экипе, керамогранит, напольная плитка, плитка, скидки, купить, цены, испания","Каталог коллекции Equipe Hexatile / Экипе Гексатайл (Испания) от компании КЕРАМОТЕКА. Низкие цены, скидки. Оптовые и розничные продажи. Материал в наличии.
","Equipe Hexatile / Экипе Гексатайл - Плитка / керамогранит для жилых интерьеров, ванных комнат и общественных пространств (Испания). КЕРАМОТЕКА.",На складе,$$$,https://www.keramoteka.ru/upload/uf/ebf/keramoteka-equipe-hexatile.pdf,ХИТ,Напольная плитка / Керамогранит,Blanco Mate,"17,5X20 СМ",20339,./temp_files/img/EQUIPE_HEXATILE_Blanco Mate.jpg
EQUIPE,./temp_files/logo/EQUIPE.png,"equipe ceramicas, экипе керамикас, плитка equipe, плитка, напольная плитка equipe, поставщик, купить, цены, Caprice, Hexatile, Hexatile Cement, Octagon, Urban, Micro, Carrara, Caprice Deco, Kite, Hexawood, Country, Metro, InMetro Evolution, Brick, Harmony, Scale","Каталог классической керамической плитки и керамогранита EQUIPE CERAMICAS / ЭКИПЕ КЕРАМИКАС от прямого поставщика КЕРАМОТЕКА. Низкие цены, скидки. Оптовые и розничные продажи. Материал в наличии.",EQUIPE CERAMICAS / ЭКИПЕ КЕРАМИКАС Керамическая плитка и керамогранит (Испания) от прямого поставщика КЕРАМОТЕКА.,Испания,HEXATILE,"equipe hexatile, экипе гексатайл, плитка марка экипе, керамогранит, напольная плитка, плитка, скидки, купить, цены, испания","Каталог коллекции Equipe Hexatile / Экипе Гексатайл (Испания) от компании КЕРАМОТЕКА. Низкие цены, скидки. Оптовые и розничные продажи. Материал в наличии.
","Equipe Hexatile / Экипе Гексатайл - Плитка / керамогранит для жилых интерьеров, ванных комнат и общественных пространств (Испания). КЕРАМОТЕКА.",На складе,$$$,https://www.keramoteka.ru/upload/uf/ebf/keramoteka-equipe-hexatile.pdf,ХИТ,Напольная плитка / Керамогранит,Gris Mate,"17,5X20 СМ",20340,./temp_files/img/EQUIPE_HEXATILE_Gris Mate.jpg
EQUIPE,./temp_files/logo/EQUIPE.png,"equipe ceramicas, экипе керамикас, плитка equipe, плитка, напольная плитка equipe, поставщик, купить, цены, Caprice, Hexatile, Hexatile Cement, Octagon, Urban, Micro, Carrara, Caprice Deco, Kite, Hexawood, Country, Metro, InMetro Evolution, Brick, Harmony, Scale","Каталог классической керамической плитки и керамогранита EQUIPE CERAMICAS / ЭКИПЕ КЕРАМИКАС от прямого поставщика КЕРАМОТЕКА. Низкие цены, скидки. Оптовые и розничные продажи. Материал в наличии.",EQUIPE CERAMICAS / ЭКИПЕ КЕРАМИКАС Керамическая плитка и керамогранит (Испания) от прямого поставщика КЕРАМОТЕКА.,Испания,HEXATILE,"equipe hexatile, экипе гексатайл, плитка марка экипе, керамогранит, напольная плитка, плитка, скидки, купить, цены, испания","Каталог коллекции Equipe Hexatile / Экипе Гексатайл (Испания) от компании КЕРАМОТЕКА. Низкие цены, скидки. Оптовые и розничные продажи. Материал в наличии.
","Equipe Hexatile / Экипе Гексатайл - Плитка / керамогранит для жилых интерьеров, ванных комнат и общественных пространств (Испания). КЕРАМОТЕКА.",На складе,$$$,https://www.keramoteka.ru/upload/uf/ebf/keramoteka-equipe-hexatile.pdf,ХИТ,Напольная плитка / Керамогранит,Negro Mate,"17,5X20 СМ",20338,./temp_files/img/EQUIPE_HEXATILE_Negro Mate.jpg
EQUIPE,./temp_files/logo/EQUIPE.png,"equipe ceramicas, экипе керамикас, плитка equipe, плитка, напольная плитка equipe, поставщик, купить, цены, Caprice, Hexatile, Hexatile Cement, Octagon, Urban, Micro, Carrara, Caprice Deco, Kite, Hexawood, Country, Metro, InMetro Evolution, Brick, Harmony, Scale","Каталог классической керамической плитки и керамогранита EQUIPE CERAMICAS / ЭКИПЕ КЕРАМИКАС от прямого поставщика КЕРАМОТЕКА. Низкие цены, скидки. Оптовые и розничные продажи. Материал в наличии.",EQUIPE CERAMICAS / ЭКИПЕ КЕРАМИКАС Керамическая плитка и керамогранит (Испания) от прямого поставщика КЕРАМОТЕКА.,Испания,HEXATILE,"equipe hexatile, экипе гексатайл, плитка марка экипе, керамогранит, напольная плитка, плитка, скидки, купить, цены, испания","Каталог коллекции Equipe Hexatile / Экипе Гексатайл (Испания) от компании КЕРАМОТЕКА. Низкие цены, скидки. Оптовые и розничные продажи. Материал в наличии.
","Equipe Hexatile / Экипе Гексатайл - Плитка / керамогранит для жилых интерьеров, ванных комнат и общественных пространств (Испания). КЕРАМОТЕКА.",На складе,$$$,https://www.keramoteka.ru/upload/uf/ebf/keramoteka-equipe-hexatile.pdf,ХИТ,Напольная плитка / Керамогранит,Crema Mate,"17,5X20 СМ",20553,./temp_files/img/EQUIPE_HEXATILE_Crema Mate.jpg
EQUIPE,./temp_files/logo/EQUIPE.png,"equipe ceramicas, экипе керамикас, плитка equipe, плитка, напольная плитка equipe, поставщик, купить, цены, Caprice, Hexatile, Hexatile Cement, Octagon, Urban, Micro, Carrara, Caprice Deco, Kite, Hexawood, Country, Metro, InMetro Evolution, Brick, Harmony, Scale","Каталог классической керамической плитки и керамогранита EQUIPE CERAMICAS / ЭКИПЕ КЕРАМИКАС от прямого поставщика КЕРАМОТЕКА. Низкие цены, скидки. Оптовые и розничные продажи. Материал в наличии.",EQUIPE CERAMICAS / ЭКИПЕ КЕРАМИКАС Керамическая плитка и керамогранит (Испания) от прямого поставщика КЕРАМОТЕКА.,Испания,HEXATILE,"equipe hexatile, экипе гексатайл, плитка марка экипе, керамогранит, напольная плитка, плитка, скидки, купить, цены, испания","Каталог коллекции Equipe Hexatile / Экипе Гексатайл (Испания) от компании КЕРАМОТЕКА. Низкие цены, скидки. Оптовые и розничные продажи. Материал в наличии.
","Equipe Hexatile / Экипе Гексатайл - Плитка / керамогранит для жилых интерьеров, ванных комнат и общественных пространств (Испания). КЕРАМОТЕКА.",На складе,$$$,https://www.keramoteka.ru/upload/uf/ebf/keramoteka-equipe-hexatile.pdf,ХИТ,Напольная плитка / Керамогранит,Marron Mate,"17,5X20 СМ",20548,./temp_files/img/EQUIPE_HEXATILE_Marron Mate.jpg
EQUIPE,./temp_files/logo/EQUIPE.png,"equipe ceramicas, экипе керамикас, плитка equipe, плитка, напольная плитка equipe, поставщик, купить, цены, Caprice, Hexatile, Hexatile Cement, Octagon, Urban, Micro, Carrara, Caprice Deco, Kite, Hexawood, Country, Metro, InMetro Evolution, Brick, Harmony, Scale","Каталог классической керамической плитки и керамогранита EQUIPE CERAMICAS / ЭКИПЕ КЕРАМИКАС от прямого поставщика КЕРАМОТЕКА. Низкие цены, скидки. Оптовые и розничные продажи. Материал в наличии.",EQUIPE CERAMICAS / ЭКИПЕ КЕРАМИКАС Керамическая плитка и керамогранит (Испания) от прямого поставщика КЕРАМОТЕКА.,Испания,HEXATILE,"equipe hexatile, экипе гексатайл, плитка марка экипе, керамогранит, напольная плитка, плитка, скидки, купить, цены, испания","Каталог коллекции Equipe Hexatile / Экипе Гексатайл (Испания) от компании КЕРАМОТЕКА. Низкие цены, скидки. Оптовые и розничные продажи. Материал в наличии.
","Equipe Hexatile / Экипе Гексатайл - Плитка / керамогранит для жилых интерьеров, ванных комнат и общественных пространств (Испания). КЕРАМОТЕКА.",На складе,$$$,https://www.keramoteka.ru/upload/uf/ebf/keramoteka-equipe-hexatile.pdf,ХИТ,Напольная плитка / Керамогранит,Blanco Brillo,"17,5X20 СМ",20519,./temp_files/img/EQUIPE_HEXATILE_Blanco Brillo.jpg
EQUIPE,./temp_files/logo/EQUIPE.png,"equipe ceramicas, экипе керамикас, плитка equipe, плитка, напольная плитка equipe, поставщик, купить, цены, Caprice, Hexatile, Hexatile Cement, Octagon, Urban, Micro, Carrara, Caprice Deco, Kite, Hexawood, Country, Metro, InMetro Evolution, Brick, Harmony, Scale","Каталог классической керамической плитки и керамогранита EQUIPE CERAMICAS / ЭКИПЕ КЕРАМИКАС от прямого поставщика КЕРАМОТЕКА. Низкие цены, скидки. Оптовые и розничные продажи. Материал в наличии.",EQUIPE CERAMICAS / ЭКИПЕ КЕРАМИКАС Керамическая плитка и керамогранит (Испания) от прямого поставщика КЕРАМОТЕКА.,Испания,HEXATILE,"equipe hexatile, экипе гексатайл, плитка марка экипе, керамогранит, напольная плитка, плитка, скидки, купить, цены, испания","Каталог коллекции Equipe Hexatile / Экипе Гексатайл (Испания) от компании КЕРАМОТЕКА. Низкие цены, скидки. Оптовые и розничные продажи. Материал в наличии.
","Equipe Hexatile / Экипе Гексатайл - Плитка / керамогранит для жилых интерьеров, ванных комнат и общественных пространств (Испания). КЕРАМОТЕКА.",На складе,$$$,https://www.keramoteka.ru/upload/uf/ebf/keramoteka-equipe-hexatile.pdf,ХИТ,Напольная плитка / Керамогранит,Gris Claro Brillo,"17,5X20 СМ",20711,./temp_files/img/EQUIPE_HEXATILE_Gris Claro Brillo.jpg
EQUIPE,./temp_files/logo/EQUIPE.png,"equipe ceramicas, экипе керамикас, плитка equipe, плитка, напольная плитка equipe, поставщик, купить, цены, Caprice, Hexatile, Hexatile Cement, Octagon, Urban, Micro, Carrara, Caprice Deco, Kite, Hexawood, Country, Metro, InMetro Evolution, Brick, Harmony, Scale","Каталог классической керамической плитки и керамогранита EQUIPE CERAMICAS / ЭКИПЕ КЕРАМИКАС от прямого поставщика КЕРАМОТЕКА. Низкие цены, скидки. Оптовые и розничные продажи. Материал в наличии.",EQUIPE CERAMICAS / ЭКИПЕ КЕРАМИКАС Керамическая плитка и керамогранит (Испания) от прямого поставщика КЕРАМОТЕКА.,Испания,HEXATILE,"equipe hexatile, экипе гексатайл, плитка марка экипе, керамогранит, напольная плитка, плитка, скидки, купить, цены, испания","Каталог коллекции Equipe Hexatile / Экипе Гексатайл (Испания) от компании КЕРАМОТЕКА. Низкие цены, скидки. Оптовые и розничные продажи. Материал в наличии.
","Equipe Hexatile / Экипе Гексатайл - Плитка / керамогранит для жилых интерьеров, ванных комнат и общественных пространств (Испания). КЕРАМОТЕКА.",На складе,$$$,https://www.keramoteka.ru/upload/uf/ebf/keramoteka-equipe-hexatile.pdf,ХИТ,Напольная плитка / Керамогранит,Gris Oscuro Brillo,"17,5X20 СМ",20712,./temp_files/img/EQUIPE_HEXATILE_Gris Oscuro Brillo.jpg
EQUIPE,./temp_files/logo/EQUIPE.png,"equipe ceramicas, экипе керамикас, плитка equipe, плитка, напольная плитка equipe, поставщик, купить, цены, Caprice, Hexatile, Hexatile Cement, Octagon, Urban, Micro, Carrara, Caprice Deco, Kite, Hexawood, Country, Metro, InMetro Evolution, Brick, Harmony, Scale","Каталог классической керамической плитки и керамогранита EQUIPE CERAMICAS / ЭКИПЕ КЕРАМИКАС от прямого поставщика КЕРАМОТЕКА. Низкие цены, скидки. Оптовые и розничные продажи. Материал в наличии.",EQUIPE CERAMICAS / ЭКИПЕ КЕРАМИКАС Керамическая плитка и керамогранит (Испания) от прямого поставщика КЕРАМОТЕКА.,Испания,HEXATILE,"equipe hexatile, экипе гексатайл, плитка марка экипе, керамогранит, напольная плитка, плитка, скидки, купить, цены, испания","Каталог коллекции Equipe Hexatile / Экипе Гексатайл (Испания) от компании КЕРАМОТЕКА. Низкие цены, скидки. Оптовые и розничные продажи. Материал в наличии.
","Equipe Hexatile / Экипе Гексатайл - Плитка / керамогранит для жилых интерьеров, ванных комнат и общественных пространств (Испания). КЕРАМОТЕКА.",На складе,$$$,https://www.keramoteka.ru/upload/uf/ebf/keramoteka-equipe-hexatile.pdf,ХИТ,Напольная плитка / Керамогранит,Negro Brillo,"17,5X20 СМ",20525,./temp_files/img/EQUIPE_HEXATILE_Negro Brillo.jpg
EQUIPE,./temp_files/logo/EQUIPE.png,"equipe ceramicas, экипе керамикас, плитка equipe, плитка, напольная плитка equipe, поставщик, купить, цены, Caprice, Hexatile, Hexatile Cement, Octagon, Urban, Micro, Carrara, Caprice Deco, Kite, Hexawood, Country, Metro, InMetro Evolution, Brick, Harmony, Scale","Каталог классической керамической плитки и керамогранита EQUIPE CERAMICAS / ЭКИПЕ КЕРАМИКАС от прямого поставщика КЕРАМОТЕКА. Низкие цены, скидки. Оптовые и розничные продажи. Материал в наличии.",EQUIPE CERAMICAS / ЭКИПЕ КЕРАМИКАС Керамическая плитка и керамогранит (Испания) от прямого поставщика КЕРАМОТЕКА.,Испания,HEXATILE,"equipe hexatile, экипе гексатайл, плитка марка экипе, керамогранит, напольная плитка, плитка, скидки, купить, цены, испания","Каталог коллекции Equipe Hexatile / Экипе Гексатайл (Испания) от компании КЕРАМОТЕКА. Низкие цены, скидки. Оптовые и розничные продажи. Материал в наличии.
","Equipe Hexatile / Экипе Гексатайл - Плитка / керамогранит для жилых интерьеров, ванных комнат и общественных пространств (Испания). КЕРАМОТЕКА.",На складе,$$$,https://www.keramoteka.ru/upload/uf/ebf/keramoteka-equipe-hexatile.pdf,ХИТ,Напольная плитка / Керамогранит,Crema Brillo,"17,5X20 СМ",20520,./temp_files/img/EQUIPE_HEXATILE_Crema Brillo.jpg
EQUIPE,./temp_files/logo/EQUIPE.png,"equipe ceramicas, экипе керамикас, плитка equipe, плитка, напольная плитка equipe, поставщик, купить, цены, Caprice, Hexatile, Hexatile Cement, Octagon, Urban, Micro, Carrara, Caprice Deco, Kite, Hexawood, Country, Metro, InMetro Evolution, Brick, Harmony, Scale","Каталог классической керамической плитки и керамогранита EQUIPE CERAMICAS / ЭКИПЕ КЕРАМИКАС от прямого поставщика КЕРАМОТЕКА. Низкие цены, скидки. Оптовые и розничные продажи. Материал в наличии.",EQUIPE CERAMICAS / ЭКИПЕ КЕРАМИКАС Керамическая плитка и керамогранит (Испания) от прямого поставщика КЕРАМОТЕКА.,Испания,HEXATILE,"equipe hexatile, экипе гексатайл, плитка марка экипе, керамогранит, напольная плитка, плитка, скидки, купить, цены, испания","Каталог коллекции Equipe Hexatile / Экипе Гексатайл (Испания) от компании КЕРАМОТЕКА. Низкие цены, скидки. Оптовые и розничные продажи. Материал в наличии.
","Equipe Hexatile / Экипе Гексатайл - Плитка / керамогранит для жилых интерьеров, ванных комнат и общественных пространств (Испания). КЕРАМОТЕКА.",На складе,$$$,https://www.keramoteka.ru/upload/uf/ebf/keramoteka-equipe-hexatile.pdf,ХИТ,Напольная плитка / Керамогранит,Cobalto Brillo,"17,5X20 СМ",20522,./temp_files/img/EQUIPE_HEXATILE_Cobalto Brillo.jpg
EQUIPE,./temp_files/logo/EQUIPE.png,"equipe ceramicas, экипе керамикас, плитка equipe, плитка, напольная плитка equipe, поставщик, купить, цены, Caprice, Hexatile, Hexatile Cement, Octagon, Urban, Micro, Carrara, Caprice Deco, Kite, Hexawood, Country, Metro, InMetro Evolution, Brick, Harmony, Scale","Каталог классической керамической плитки и керамогранита EQUIPE CERAMICAS / ЭКИПЕ КЕРАМИКАС от прямого поставщика КЕРАМОТЕКА. Низкие цены, скидки. Оптовые и розничные продажи. Материал в наличии.",EQUIPE CERAMICAS / ЭКИПЕ КЕРАМИКАС Керамическая плитка и керамогранит (Испания) от прямого поставщика КЕРАМОТЕКА.,Испания,HEXATILE,"equipe hexatile, экипе гексатайл, плитка марка экипе, керамогранит, напольная плитка, плитка, скидки, купить, цены, испания","Каталог коллекции Equipe Hexatile / Экипе Гексатайл (Испания) от компании КЕРАМОТЕКА. Низкие цены, скидки. Оптовые и розничные продажи. Материал в наличии.
","Equipe Hexatile / Экипе Гексатайл - Плитка / керамогранит для жилых интерьеров, ванных комнат и общественных пространств (Испания). КЕРАМОТЕКА.",На складе,$$$,https://www.keramoteka.ru/upload/uf/ebf/keramoteka-equipe-hexatile.pdf,ХИТ,Напольная плитка / Керамогранит,Rojo Brillo,"17,5X20 СМ",20526,./temp_files/img/EQUIPE_HEXATILE_Rojo Brillo.jpg
