EQUIPE,./temp_files/logo/EQUIPE.png,"equipe ceramicas, экипе керамикас, плитка equipe, плитка, напольная плитка equipe, поставщик, купить, цены, Caprice, Hexatile, Hexatile Cement, Octagon, Urban, Micro, Carrara, Caprice Deco, Kite, Hexawood, Country, Metro, InMetro Evolution, Brick, Harmony, Scale","Каталог классической керамической плитки и керамогранита EQUIPE CERAMICAS / ЭКИПЕ КЕРАМИКАС от прямого поставщика КЕРАМОТЕКА. Низкие цены, скидки. Оптовые и розничные продажи. Материал в наличии.",EQUIPE CERAMICAS / ЭКИПЕ КЕРАМИКАС Керамическая плитка и керамогранит (Испания) от прямого поставщика КЕРАМОТЕКА.,Испания,MICRO,"equipe micro, экипе микро, патчворк, плитка, напольная плитка, скидки, купить, цены, испания","Каталог коллекции керамогранита Equipe Micro / Экипе Микро (Испания) от компании КЕРАМОТЕКА. Низкие цены, скидки. Оптовые и розничные продажи. Материал в наличии.","Equipe Micro / Экипе Микро - Керамический гранит ""в стиле патчворк"" для жилых интерьеров и общественных пространств (Испания). КЕРАМОТЕКА.",На складе,$$$,https://www.keramoteka.ru/upload/uf/bb0/keramoteka-equipe-micro.pdf,НОВИНКА,Керамогранит,White,20X20 СМ,23540,./temp_files/img/EQUIPE_MICRO_White.jpg
EQUIPE,./temp_files/logo/EQUIPE.png,"equipe ceramicas, экипе керамикас, плитка equipe, плитка, напольная плитка equipe, поставщик, купить, цены, Caprice, Hexatile, Hexatile Cement, Octagon, Urban, Micro, Carrara, Caprice Deco, Kite, Hexawood, Country, Metro, InMetro Evolution, Brick, Harmony, Scale","Каталог классической керамической плитки и керамогранита EQUIPE CERAMICAS / ЭКИПЕ КЕРАМИКАС от прямого поставщика КЕРАМОТЕКА. Низкие цены, скидки. Оптовые и розничные продажи. Материал в наличии.",EQUIPE CERAMICAS / ЭКИПЕ КЕРАМИКАС Керамическая плитка и керамогранит (Испания) от прямого поставщика КЕРАМОТЕКА.,Испания,MICRO,"equipe micro, экипе микро, патчворк, плитка, напольная плитка, скидки, купить, цены, испания","Каталог коллекции керамогранита Equipe Micro / Экипе Микро (Испания) от компании КЕРАМОТЕКА. Низкие цены, скидки. Оптовые и розничные продажи. Материал в наличии.","Equipe Micro / Экипе Микро - Керамический гранит ""в стиле патчворк"" для жилых интерьеров и общественных пространств (Испания). КЕРАМОТЕКА.",На складе,$$$,https://www.keramoteka.ru/upload/uf/bb0/keramoteka-equipe-micro.pdf,НОВИНКА,Керамогранит,Bone,20X20 СМ,23539,./temp_files/img/EQUIPE_MICRO_Bone.jpg
EQUIPE,./temp_files/logo/EQUIPE.png,"equipe ceramicas, экипе керамикас, плитка equipe, плитка, напольная плитка equipe, поставщик, купить, цены, Caprice, Hexatile, Hexatile Cement, Octagon, Urban, Micro, Carrara, Caprice Deco, Kite, Hexawood, Country, Metro, InMetro Evolution, Brick, Harmony, Scale","Каталог классической керамической плитки и керамогранита EQUIPE CERAMICAS / ЭКИПЕ КЕРАМИКАС от прямого поставщика КЕРАМОТЕКА. Низкие цены, скидки. Оптовые и розничные продажи. Материал в наличии.",EQUIPE CERAMICAS / ЭКИПЕ КЕРАМИКАС Керамическая плитка и керамогранит (Испания) от прямого поставщика КЕРАМОТЕКА.,Испания,MICRO,"equipe micro, экипе микро, патчворк, плитка, напольная плитка, скидки, купить, цены, испания","Каталог коллекции керамогранита Equipe Micro / Экипе Микро (Испания) от компании КЕРАМОТЕКА. Низкие цены, скидки. Оптовые и розничные продажи. Материал в наличии.","Equipe Micro / Экипе Микро - Керамический гранит ""в стиле патчворк"" для жилых интерьеров и общественных пространств (Испания). КЕРАМОТЕКА.",На складе,$$$,https://www.keramoteka.ru/upload/uf/bb0/keramoteka-equipe-micro.pdf,НОВИНКА,Керамогранит,Taupe,20X20 СМ,23538,./temp_files/img/EQUIPE_MICRO_Taupe.jpg
EQUIPE,./temp_files/logo/EQUIPE.png,"equipe ceramicas, экипе керамикас, плитка equipe, плитка, напольная плитка equipe, поставщик, купить, цены, Caprice, Hexatile, Hexatile Cement, Octagon, Urban, Micro, Carrara, Caprice Deco, Kite, Hexawood, Country, Metro, InMetro Evolution, Brick, Harmony, Scale","Каталог классической керамической плитки и керамогранита EQUIPE CERAMICAS / ЭКИПЕ КЕРАМИКАС от прямого поставщика КЕРАМОТЕКА. Низкие цены, скидки. Оптовые и розничные продажи. Материал в наличии.",EQUIPE CERAMICAS / ЭКИПЕ КЕРАМИКАС Керамическая плитка и керамогранит (Испания) от прямого поставщика КЕРАМОТЕКА.,Испания,MICRO,"equipe micro, экипе микро, патчворк, плитка, напольная плитка, скидки, купить, цены, испания","Каталог коллекции керамогранита Equipe Micro / Экипе Микро (Испания) от компании КЕРАМОТЕКА. Низкие цены, скидки. Оптовые и розничные продажи. Материал в наличии.","Equipe Micro / Экипе Микро - Керамический гранит ""в стиле патчворк"" для жилых интерьеров и общественных пространств (Испания). КЕРАМОТЕКА.",На складе,$$$,https://www.keramoteka.ru/upload/uf/bb0/keramoteka-equipe-micro.pdf,НОВИНКА,Керамогранит,Grey,20X20 СМ,23541,./temp_files/img/EQUIPE_MICRO_Grey.jpg
EQUIPE,./temp_files/logo/EQUIPE.png,"equipe ceramicas, экипе керамикас, плитка equipe, плитка, напольная плитка equipe, поставщик, купить, цены, Caprice, Hexatile, Hexatile Cement, Octagon, Urban, Micro, Carrara, Caprice Deco, Kite, Hexawood, Country, Metro, InMetro Evolution, Brick, Harmony, Scale","Каталог классической керамической плитки и керамогранита EQUIPE CERAMICAS / ЭКИПЕ КЕРАМИКАС от прямого поставщика КЕРАМОТЕКА. Низкие цены, скидки. Оптовые и розничные продажи. Материал в наличии.",EQUIPE CERAMICAS / ЭКИПЕ КЕРАМИКАС Керамическая плитка и керамогранит (Испания) от прямого поставщика КЕРАМОТЕКА.,Испания,MICRO,"equipe micro, экипе микро, патчворк, плитка, напольная плитка, скидки, купить, цены, испания","Каталог коллекции керамогранита Equipe Micro / Экипе Микро (Испания) от компании КЕРАМОТЕКА. Низкие цены, скидки. Оптовые и розничные продажи. Материал в наличии.","Equipe Micro / Экипе Микро - Керамический гранит ""в стиле патчворк"" для жилых интерьеров и общественных пространств (Испания). КЕРАМОТЕКА.",На складе,$$$,https://www.keramoteka.ru/upload/uf/bb0/keramoteka-equipe-micro.pdf,НОВИНКА,Керамогранит,Black,20X20 СМ,23537,./temp_files/img/EQUIPE_MICRO_Black.jpg
EQUIPE,./temp_files/logo/EQUIPE.png,"equipe ceramicas, экипе керамикас, плитка equipe, плитка, напольная плитка equipe, поставщик, купить, цены, Caprice, Hexatile, Hexatile Cement, Octagon, Urban, Micro, Carrara, Caprice Deco, Kite, Hexawood, Country, Metro, InMetro Evolution, Brick, Harmony, Scale","Каталог классической керамической плитки и керамогранита EQUIPE CERAMICAS / ЭКИПЕ КЕРАМИКАС от прямого поставщика КЕРАМОТЕКА. Низкие цены, скидки. Оптовые и розничные продажи. Материал в наличии.",EQUIPE CERAMICAS / ЭКИПЕ КЕРАМИКАС Керамическая плитка и керамогранит (Испания) от прямого поставщика КЕРАМОТЕКА.,Испания,MICRO,"equipe micro, экипе микро, патчворк, плитка, напольная плитка, скидки, купить, цены, испания","Каталог коллекции керамогранита Equipe Micro / Экипе Микро (Испания) от компании КЕРАМОТЕКА. Низкие цены, скидки. Оптовые и розничные продажи. Материал в наличии.","Equipe Micro / Экипе Микро - Керамический гранит ""в стиле патчворк"" для жилых интерьеров и общественных пространств (Испания). КЕРАМОТЕКА.",На складе,$$$,https://www.keramoteka.ru/upload/uf/bb0/keramoteka-equipe-micro.pdf,НОВИНКА,Керамогранит,Stracciatella Grey,20X20 СМ,23635,./temp_files/img/EQUIPE_MICRO_Stracciatella Grey.jpg
EQUIPE,./temp_files/logo/EQUIPE.png,"equipe ceramicas, экипе керамикас, плитка equipe, плитка, напольная плитка equipe, поставщик, купить, цены, Caprice, Hexatile, Hexatile Cement, Octagon, Urban, Micro, Carrara, Caprice Deco, Kite, Hexawood, Country, Metro, InMetro Evolution, Brick, Harmony, Scale","Каталог классической керамической плитки и керамогранита EQUIPE CERAMICAS / ЭКИПЕ КЕРАМИКАС от прямого поставщика КЕРАМОТЕКА. Низкие цены, скидки. Оптовые и розничные продажи. Материал в наличии.",EQUIPE CERAMICAS / ЭКИПЕ КЕРАМИКАС Керамическая плитка и керамогранит (Испания) от прямого поставщика КЕРАМОТЕКА.,Испания,MICRO,"equipe micro, экипе микро, патчворк, плитка, напольная плитка, скидки, купить, цены, испания","Каталог коллекции керамогранита Equipe Micro / Экипе Микро (Испания) от компании КЕРАМОТЕКА. Низкие цены, скидки. Оптовые и розничные продажи. Материал в наличии.","Equipe Micro / Экипе Микро - Керамический гранит ""в стиле патчворк"" для жилых интерьеров и общественных пространств (Испания). КЕРАМОТЕКА.",На складе,$$$,https://www.keramoteka.ru/upload/uf/bb0/keramoteka-equipe-micro.pdf,НОВИНКА,Керамогранит,Stracciatella Taupe,20X20 СМ,23638,./temp_files/img/EQUIPE_MICRO_Stracciatella Taupe.jpg
EQUIPE,./temp_files/logo/EQUIPE.png,"equipe ceramicas, экипе керамикас, плитка equipe, плитка, напольная плитка equipe, поставщик, купить, цены, Caprice, Hexatile, Hexatile Cement, Octagon, Urban, Micro, Carrara, Caprice Deco, Kite, Hexawood, Country, Metro, InMetro Evolution, Brick, Harmony, Scale","Каталог классической керамической плитки и керамогранита EQUIPE CERAMICAS / ЭКИПЕ КЕРАМИКАС от прямого поставщика КЕРАМОТЕКА. Низкие цены, скидки. Оптовые и розничные продажи. Материал в наличии.",EQUIPE CERAMICAS / ЭКИПЕ КЕРАМИКАС Керамическая плитка и керамогранит (Испания) от прямого поставщика КЕРАМОТЕКА.,Испания,MICRO,"equipe micro, экипе микро, патчворк, плитка, напольная плитка, скидки, купить, цены, испания","Каталог коллекции керамогранита Equipe Micro / Экипе Микро (Испания) от компании КЕРАМОТЕКА. Низкие цены, скидки. Оптовые и розничные продажи. Материал в наличии.","Equipe Micro / Экипе Микро - Керамический гранит ""в стиле патчворк"" для жилых интерьеров и общественных пространств (Испания). КЕРАМОТЕКА.",На складе,$$$,https://www.keramoteka.ru/upload/uf/bb0/keramoteka-equipe-micro.pdf,НОВИНКА,Керамогранит,Elements Grey (12 вариантов паттерна),20X20 СМ,23543,./temp_files/img/EQUIPE_MICRO_Elements Grey (12 вариантов паттерна).jpg
EQUIPE,./temp_files/logo/EQUIPE.png,"equipe ceramicas, экипе керамикас, плитка equipe, плитка, напольная плитка equipe, поставщик, купить, цены, Caprice, Hexatile, Hexatile Cement, Octagon, Urban, Micro, Carrara, Caprice Deco, Kite, Hexawood, Country, Metro, InMetro Evolution, Brick, Harmony, Scale","Каталог классической керамической плитки и керамогранита EQUIPE CERAMICAS / ЭКИПЕ КЕРАМИКАС от прямого поставщика КЕРАМОТЕКА. Низкие цены, скидки. Оптовые и розничные продажи. Материал в наличии.",EQUIPE CERAMICAS / ЭКИПЕ КЕРАМИКАС Керамическая плитка и керамогранит (Испания) от прямого поставщика КЕРАМОТЕКА.,Испания,MICRO,"equipe micro, экипе микро, патчворк, плитка, напольная плитка, скидки, купить, цены, испания","Каталог коллекции керамогранита Equipe Micro / Экипе Микро (Испания) от компании КЕРАМОТЕКА. Низкие цены, скидки. Оптовые и розничные продажи. Материал в наличии.","Equipe Micro / Экипе Микро - Керамический гранит ""в стиле патчворк"" для жилых интерьеров и общественных пространств (Испания). КЕРАМОТЕКА.",На складе,$$$,https://www.keramoteka.ru/upload/uf/bb0/keramoteka-equipe-micro.pdf,НОВИНКА,Керамогранит,Elements Taupe (12 вариантов паттерна),20X20 СМ,23542,./temp_files/img/EQUIPE_MICRO_Elements Taupe (12 вариантов паттерна).jpg
EQUIPE,./temp_files/logo/EQUIPE.png,"equipe ceramicas, экипе керамикас, плитка equipe, плитка, напольная плитка equipe, поставщик, купить, цены, Caprice, Hexatile, Hexatile Cement, Octagon, Urban, Micro, Carrara, Caprice Deco, Kite, Hexawood, Country, Metro, InMetro Evolution, Brick, Harmony, Scale","Каталог классической керамической плитки и керамогранита EQUIPE CERAMICAS / ЭКИПЕ КЕРАМИКАС от прямого поставщика КЕРАМОТЕКА. Низкие цены, скидки. Оптовые и розничные продажи. Материал в наличии.",EQUIPE CERAMICAS / ЭКИПЕ КЕРАМИКАС Керамическая плитка и керамогранит (Испания) от прямого поставщика КЕРАМОТЕКА.,Испания,MICRO,"equipe micro, экипе микро, патчворк, плитка, напольная плитка, скидки, купить, цены, испания","Каталог коллекции керамогранита Equipe Micro / Экипе Микро (Испания) от компании КЕРАМОТЕКА. Низкие цены, скидки. Оптовые и розничные продажи. Материал в наличии.","Equipe Micro / Экипе Микро - Керамический гранит ""в стиле патчворк"" для жилых интерьеров и общественных пространств (Испания). КЕРАМОТЕКА.",На складе,$$$,https://www.keramoteka.ru/upload/uf/bb0/keramoteka-equipe-micro.pdf,НОВИНКА,Керамогранит,Evoke Grey (9 вариантов паттерна),20X20 СМ,23548,./temp_files/img/EQUIPE_MICRO_Evoke Grey (9 вариантов паттерна).jpg
EQUIPE,./temp_files/logo/EQUIPE.png,"equipe ceramicas, экипе керамикас, плитка equipe, плитка, напольная плитка equipe, поставщик, купить, цены, Caprice, Hexatile, Hexatile Cement, Octagon, Urban, Micro, Carrara, Caprice Deco, Kite, Hexawood, Country, Metro, InMetro Evolution, Brick, Harmony, Scale","Каталог классической керамической плитки и керамогранита EQUIPE CERAMICAS / ЭКИПЕ КЕРАМИКАС от прямого поставщика КЕРАМОТЕКА. Низкие цены, скидки. Оптовые и розничные продажи. Материал в наличии.",EQUIPE CERAMICAS / ЭКИПЕ КЕРАМИКАС Керамическая плитка и керамогранит (Испания) от прямого поставщика КЕРАМОТЕКА.,Испания,MICRO,"equipe micro, экипе микро, патчворк, плитка, напольная плитка, скидки, купить, цены, испания","Каталог коллекции керамогранита Equipe Micro / Экипе Микро (Испания) от компании КЕРАМОТЕКА. Низкие цены, скидки. Оптовые и розничные продажи. Материал в наличии.","Equipe Micro / Экипе Микро - Керамический гранит ""в стиле патчворк"" для жилых интерьеров и общественных пространств (Испания). КЕРАМОТЕКА.",На складе,$$$,https://www.keramoteka.ru/upload/uf/bb0/keramoteka-equipe-micro.pdf,НОВИНКА,Керамогранит,Evoke Taupe (9 вариантов паттерна),20X20 СМ,23547,./temp_files/img/EQUIPE_MICRO_Evoke Taupe (9 вариантов паттерна).jpg
EQUIPE,./temp_files/logo/EQUIPE.png,"equipe ceramicas, экипе керамикас, плитка equipe, плитка, напольная плитка equipe, поставщик, купить, цены, Caprice, Hexatile, Hexatile Cement, Octagon, Urban, Micro, Carrara, Caprice Deco, Kite, Hexawood, Country, Metro, InMetro Evolution, Brick, Harmony, Scale","Каталог классической керамической плитки и керамогранита EQUIPE CERAMICAS / ЭКИПЕ КЕРАМИКАС от прямого поставщика КЕРАМОТЕКА. Низкие цены, скидки. Оптовые и розничные продажи. Материал в наличии.",EQUIPE CERAMICAS / ЭКИПЕ КЕРАМИКАС Керамическая плитка и керамогранит (Испания) от прямого поставщика КЕРАМОТЕКА.,Испания,MICRO,"equipe micro, экипе микро, патчворк, плитка, напольная плитка, скидки, купить, цены, испания","Каталог коллекции керамогранита Equipe Micro / Экипе Микро (Испания) от компании КЕРАМОТЕКА. Низкие цены, скидки. Оптовые и розничные продажи. Материал в наличии.","Equipe Micro / Экипе Микро - Керамический гранит ""в стиле патчворк"" для жилых интерьеров и общественных пространств (Испания). КЕРАМОТЕКА.",На складе,$$$,https://www.keramoteka.ru/upload/uf/bb0/keramoteka-equipe-micro.pdf,НОВИНКА,Керамогранит,Revival (16 вариантов паттерна),20X20 СМ,23544,./temp_files/img/EQUIPE_MICRO_Revival (16 вариантов паттерна).jpg
EQUIPE,./temp_files/logo/EQUIPE.png,"equipe ceramicas, экипе керамикас, плитка equipe, плитка, напольная плитка equipe, поставщик, купить, цены, Caprice, Hexatile, Hexatile Cement, Octagon, Urban, Micro, Carrara, Caprice Deco, Kite, Hexawood, Country, Metro, InMetro Evolution, Brick, Harmony, Scale","Каталог классической керамической плитки и керамогранита EQUIPE CERAMICAS / ЭКИПЕ КЕРАМИКАС от прямого поставщика КЕРАМОТЕКА. Низкие цены, скидки. Оптовые и розничные продажи. Материал в наличии.",EQUIPE CERAMICAS / ЭКИПЕ КЕРАМИКАС Керамическая плитка и керамогранит (Испания) от прямого поставщика КЕРАМОТЕКА.,Испания,MICRO,"equipe micro, экипе микро, патчворк, плитка, напольная плитка, скидки, купить, цены, испания","Каталог коллекции керамогранита Equipe Micro / Экипе Микро (Испания) от компании КЕРАМОТЕКА. Низкие цены, скидки. Оптовые и розничные продажи. Материал в наличии.","Equipe Micro / Экипе Микро - Керамический гранит ""в стиле патчворк"" для жилых интерьеров и общественных пространств (Испания). КЕРАМОТЕКА.",На складе,$$$,https://www.keramoteka.ru/upload/uf/bb0/keramoteka-equipe-micro.pdf,НОВИНКА,Керамогранит,Majesty (16 вариантов паттерна),20X20 СМ,23549,./temp_files/img/EQUIPE_MICRO_Majesty (16 вариантов паттерна).jpg
EQUIPE,./temp_files/logo/EQUIPE.png,"equipe ceramicas, экипе керамикас, плитка equipe, плитка, напольная плитка equipe, поставщик, купить, цены, Caprice, Hexatile, Hexatile Cement, Octagon, Urban, Micro, Carrara, Caprice Deco, Kite, Hexawood, Country, Metro, InMetro Evolution, Brick, Harmony, Scale","Каталог классической керамической плитки и керамогранита EQUIPE CERAMICAS / ЭКИПЕ КЕРАМИКАС от прямого поставщика КЕРАМОТЕКА. Низкие цены, скидки. Оптовые и розничные продажи. Материал в наличии.",EQUIPE CERAMICAS / ЭКИПЕ КЕРАМИКАС Керамическая плитка и керамогранит (Испания) от прямого поставщика КЕРАМОТЕКА.,Испания,MICRO,"equipe micro, экипе микро, патчворк, плитка, напольная плитка, скидки, купить, цены, испания","Каталог коллекции керамогранита Equipe Micro / Экипе Микро (Испания) от компании КЕРАМОТЕКА. Низкие цены, скидки. Оптовые и розничные продажи. Материал в наличии.","Equipe Micro / Экипе Микро - Керамический гранит ""в стиле патчворк"" для жилых интерьеров и общественных пространств (Испания). КЕРАМОТЕКА.",На складе,$$$,https://www.keramoteka.ru/upload/uf/bb0/keramoteka-equipe-micro.pdf,НОВИНКА,Керамогранит,Canvas / Promise Grey,20X20 СМ,23546,./temp_files/img/EQUIPE_MICRO_Canvas - Promise Grey.jpg
EQUIPE,./temp_files/logo/EQUIPE.png,"equipe ceramicas, экипе керамикас, плитка equipe, плитка, напольная плитка equipe, поставщик, купить, цены, Caprice, Hexatile, Hexatile Cement, Octagon, Urban, Micro, Carrara, Caprice Deco, Kite, Hexawood, Country, Metro, InMetro Evolution, Brick, Harmony, Scale","Каталог классической керамической плитки и керамогранита EQUIPE CERAMICAS / ЭКИПЕ КЕРАМИКАС от прямого поставщика КЕРАМОТЕКА. Низкие цены, скидки. Оптовые и розничные продажи. Материал в наличии.",EQUIPE CERAMICAS / ЭКИПЕ КЕРАМИКАС Керамическая плитка и керамогранит (Испания) от прямого поставщика КЕРАМОТЕКА.,Испания,MICRO,"equipe micro, экипе микро, патчворк, плитка, напольная плитка, скидки, купить, цены, испания","Каталог коллекции керамогранита Equipe Micro / Экипе Микро (Испания) от компании КЕРАМОТЕКА. Низкие цены, скидки. Оптовые и розничные продажи. Материал в наличии.","Equipe Micro / Экипе Микро - Керамический гранит ""в стиле патчворк"" для жилых интерьеров и общественных пространств (Испания). КЕРАМОТЕКА.",На складе,$$$,https://www.keramoteka.ru/upload/uf/bb0/keramoteka-equipe-micro.pdf,НОВИНКА,Керамогранит,Miramar,20X20 СМ,23552,./temp_files/img/EQUIPE_MICRO_Miramar.jpg
EQUIPE,./temp_files/logo/EQUIPE.png,"equipe ceramicas, экипе керамикас, плитка equipe, плитка, напольная плитка equipe, поставщик, купить, цены, Caprice, Hexatile, Hexatile Cement, Octagon, Urban, Micro, Carrara, Caprice Deco, Kite, Hexawood, Country, Metro, InMetro Evolution, Brick, Harmony, Scale","Каталог классической керамической плитки и керамогранита EQUIPE CERAMICAS / ЭКИПЕ КЕРАМИКАС от прямого поставщика КЕРАМОТЕКА. Низкие цены, скидки. Оптовые и розничные продажи. Материал в наличии.",EQUIPE CERAMICAS / ЭКИПЕ КЕРАМИКАС Керамическая плитка и керамогранит (Испания) от прямого поставщика КЕРАМОТЕКА.,Испания,MICRO,"equipe micro, экипе микро, патчворк, плитка, напольная плитка, скидки, купить, цены, испания","Каталог коллекции керамогранита Equipe Micro / Экипе Микро (Испания) от компании КЕРАМОТЕКА. Низкие цены, скидки. Оптовые и розничные продажи. Материал в наличии.","Equipe Micro / Экипе Микро - Керамический гранит ""в стиле патчворк"" для жилых интерьеров и общественных пространств (Испания). КЕРАМОТЕКА.",На складе,$$$,https://www.keramoteka.ru/upload/uf/bb0/keramoteka-equipe-micro.pdf,НОВИНКА,Керамогранит,Buena Vista,20X20 СМ,23551,./temp_files/img/EQUIPE_MICRO_Buena Vista.jpg
EQUIPE,./temp_files/logo/EQUIPE.png,"equipe ceramicas, экипе керамикас, плитка equipe, плитка, напольная плитка equipe, поставщик, купить, цены, Caprice, Hexatile, Hexatile Cement, Octagon, Urban, Micro, Carrara, Caprice Deco, Kite, Hexawood, Country, Metro, InMetro Evolution, Brick, Harmony, Scale","Каталог классической керамической плитки и керамогранита EQUIPE CERAMICAS / ЭКИПЕ КЕРАМИКАС от прямого поставщика КЕРАМОТЕКА. Низкие цены, скидки. Оптовые и розничные продажи. Материал в наличии.",EQUIPE CERAMICAS / ЭКИПЕ КЕРАМИКАС Керамическая плитка и керамогранит (Испания) от прямого поставщика КЕРАМОТЕКА.,Испания,MICRO,"equipe micro, экипе микро, патчворк, плитка, напольная плитка, скидки, купить, цены, испания","Каталог коллекции керамогранита Equipe Micro / Экипе Микро (Испания) от компании КЕРАМОТЕКА. Низкие цены, скидки. Оптовые и розничные продажи. Материал в наличии.","Equipe Micro / Экипе Микро - Керамический гранит ""в стиле патчворк"" для жилых интерьеров и общественных пространств (Испания). КЕРАМОТЕКА.",На складе,$$$,https://www.keramoteka.ru/upload/uf/bb0/keramoteka-equipe-micro.pdf,НОВИНКА,Керамогранит,Havana,20X20 СМ,23550,./temp_files/img/EQUIPE_MICRO_Havana.jpg
