EQUIPE,./temp_files/logo/EQUIPE.png,"equipe ceramicas, экипе керамикас, плитка equipe, плитка, напольная плитка equipe, поставщик, купить, цены, Caprice, Hexatile, Hexatile Cement, Octagon, Urban, Micro, Carrara, Caprice Deco, Kite, Hexawood, Country, Metro, InMetro Evolution, Brick, Harmony, Scale","Каталог классической керамической плитки и керамогранита EQUIPE CERAMICAS / ЭКИПЕ КЕРАМИКАС от прямого поставщика КЕРАМОТЕКА. Низкие цены, скидки. Оптовые и розничные продажи. Материал в наличии.",EQUIPE CERAMICAS / ЭКИПЕ КЕРАМИКАС Керамическая плитка и керамогранит (Испания) от прямого поставщика КЕРАМОТЕКА.,Испания,KITE,"equipe kite, экипе ките, плитка equipe kite, керамическая плитка, скидки, купить, цены, испания","Каталог коллекции Equipe Kite / Экипе Кайт (Испания) от компании КЕРАМОТЕКА. Низкие цены, скидки. Оптовые и розничные продажи. Материал в наличии.","Equipe Kite / Экипе Кайт - Оригинальная шестиугольная плитка для ванных комнат и жилых пространств (Испания). КЕРАМОТЕКА.
",На складе,$$$,https://www.keramoteka.ru/upload/uf/8da/keramoteka-equipe-kite.pdf,НОВИНКА,Керамогранит,White,10X30 СМ,22986,./temp_files/img/EQUIPE_KITE_White.jpg
EQUIPE,./temp_files/logo/EQUIPE.png,"equipe ceramicas, экипе керамикас, плитка equipe, плитка, напольная плитка equipe, поставщик, купить, цены, Caprice, Hexatile, Hexatile Cement, Octagon, Urban, Micro, Carrara, Caprice Deco, Kite, Hexawood, Country, Metro, InMetro Evolution, Brick, Harmony, Scale","Каталог классической керамической плитки и керамогранита EQUIPE CERAMICAS / ЭКИПЕ КЕРАМИКАС от прямого поставщика КЕРАМОТЕКА. Низкие цены, скидки. Оптовые и розничные продажи. Материал в наличии.",EQUIPE CERAMICAS / ЭКИПЕ КЕРАМИКАС Керамическая плитка и керамогранит (Испания) от прямого поставщика КЕРАМОТЕКА.,Испания,KITE,"equipe kite, экипе ките, плитка equipe kite, керамическая плитка, скидки, купить, цены, испания","Каталог коллекции Equipe Kite / Экипе Кайт (Испания) от компании КЕРАМОТЕКА. Низкие цены, скидки. Оптовые и розничные продажи. Материал в наличии.","Equipe Kite / Экипе Кайт - Оригинальная шестиугольная плитка для ванных комнат и жилых пространств (Испания). КЕРАМОТЕКА.
",На складе,$$$,https://www.keramoteka.ru/upload/uf/8da/keramoteka-equipe-kite.pdf,НОВИНКА,Керамогранит,Gesso,10X30 СМ,22990,./temp_files/img/EQUIPE_KITE_Gesso.jpg
EQUIPE,./temp_files/logo/EQUIPE.png,"equipe ceramicas, экипе керамикас, плитка equipe, плитка, напольная плитка equipe, поставщик, купить, цены, Caprice, Hexatile, Hexatile Cement, Octagon, Urban, Micro, Carrara, Caprice Deco, Kite, Hexawood, Country, Metro, InMetro Evolution, Brick, Harmony, Scale","Каталог классической керамической плитки и керамогранита EQUIPE CERAMICAS / ЭКИПЕ КЕРАМИКАС от прямого поставщика КЕРАМОТЕКА. Низкие цены, скидки. Оптовые и розничные продажи. Материал в наличии.",EQUIPE CERAMICAS / ЭКИПЕ КЕРАМИКАС Керамическая плитка и керамогранит (Испания) от прямого поставщика КЕРАМОТЕКА.,Испания,KITE,"equipe kite, экипе ките, плитка equipe kite, керамическая плитка, скидки, купить, цены, испания","Каталог коллекции Equipe Kite / Экипе Кайт (Испания) от компании КЕРАМОТЕКА. Низкие цены, скидки. Оптовые и розничные продажи. Материал в наличии.","Equipe Kite / Экипе Кайт - Оригинальная шестиугольная плитка для ванных комнат и жилых пространств (Испания). КЕРАМОТЕКА.
",На складе,$$$,https://www.keramoteka.ru/upload/uf/8da/keramoteka-equipe-kite.pdf,НОВИНКА,Керамогранит,Caramel,10X30 СМ,22991,./temp_files/img/EQUIPE_KITE_Caramel.jpg
EQUIPE,./temp_files/logo/EQUIPE.png,"equipe ceramicas, экипе керамикас, плитка equipe, плитка, напольная плитка equipe, поставщик, купить, цены, Caprice, Hexatile, Hexatile Cement, Octagon, Urban, Micro, Carrara, Caprice Deco, Kite, Hexawood, Country, Metro, InMetro Evolution, Brick, Harmony, Scale","Каталог классической керамической плитки и керамогранита EQUIPE CERAMICAS / ЭКИПЕ КЕРАМИКАС от прямого поставщика КЕРАМОТЕКА. Низкие цены, скидки. Оптовые и розничные продажи. Материал в наличии.",EQUIPE CERAMICAS / ЭКИПЕ КЕРАМИКАС Керамическая плитка и керамогранит (Испания) от прямого поставщика КЕРАМОТЕКА.,Испания,KITE,"equipe kite, экипе ките, плитка equipe kite, керамическая плитка, скидки, купить, цены, испания","Каталог коллекции Equipe Kite / Экипе Кайт (Испания) от компании КЕРАМОТЕКА. Низкие цены, скидки. Оптовые и розничные продажи. Материал в наличии.","Equipe Kite / Экипе Кайт - Оригинальная шестиугольная плитка для ванных комнат и жилых пространств (Испания). КЕРАМОТЕКА.
",На складе,$$$,https://www.keramoteka.ru/upload/uf/8da/keramoteka-equipe-kite.pdf,НОВИНКА,Керамогранит,Taupe,10X30 СМ,22992,./temp_files/img/EQUIPE_KITE_Taupe.jpg
EQUIPE,./temp_files/logo/EQUIPE.png,"equipe ceramicas, экипе керамикас, плитка equipe, плитка, напольная плитка equipe, поставщик, купить, цены, Caprice, Hexatile, Hexatile Cement, Octagon, Urban, Micro, Carrara, Caprice Deco, Kite, Hexawood, Country, Metro, InMetro Evolution, Brick, Harmony, Scale","Каталог классической керамической плитки и керамогранита EQUIPE CERAMICAS / ЭКИПЕ КЕРАМИКАС от прямого поставщика КЕРАМОТЕКА. Низкие цены, скидки. Оптовые и розничные продажи. Материал в наличии.",EQUIPE CERAMICAS / ЭКИПЕ КЕРАМИКАС Керамическая плитка и керамогранит (Испания) от прямого поставщика КЕРАМОТЕКА.,Испания,KITE,"equipe kite, экипе ките, плитка equipe kite, керамическая плитка, скидки, купить, цены, испания","Каталог коллекции Equipe Kite / Экипе Кайт (Испания) от компании КЕРАМОТЕКА. Низкие цены, скидки. Оптовые и розничные продажи. Материал в наличии.","Equipe Kite / Экипе Кайт - Оригинальная шестиугольная плитка для ванных комнат и жилых пространств (Испания). КЕРАМОТЕКА.
",На складе,$$$,https://www.keramoteka.ru/upload/uf/8da/keramoteka-equipe-kite.pdf,НОВИНКА,Керамогранит,Light Grey,10X30 СМ,22988,./temp_files/img/EQUIPE_KITE_Light Grey.jpg
EQUIPE,./temp_files/logo/EQUIPE.png,"equipe ceramicas, экипе керамикас, плитка equipe, плитка, напольная плитка equipe, поставщик, купить, цены, Caprice, Hexatile, Hexatile Cement, Octagon, Urban, Micro, Carrara, Caprice Deco, Kite, Hexawood, Country, Metro, InMetro Evolution, Brick, Harmony, Scale","Каталог классической керамической плитки и керамогранита EQUIPE CERAMICAS / ЭКИПЕ КЕРАМИКАС от прямого поставщика КЕРАМОТЕКА. Низкие цены, скидки. Оптовые и розничные продажи. Материал в наличии.",EQUIPE CERAMICAS / ЭКИПЕ КЕРАМИКАС Керамическая плитка и керамогранит (Испания) от прямого поставщика КЕРАМОТЕКА.,Испания,KITE,"equipe kite, экипе ките, плитка equipe kite, керамическая плитка, скидки, купить, цены, испания","Каталог коллекции Equipe Kite / Экипе Кайт (Испания) от компании КЕРАМОТЕКА. Низкие цены, скидки. Оптовые и розничные продажи. Материал в наличии.","Equipe Kite / Экипе Кайт - Оригинальная шестиугольная плитка для ванных комнат и жилых пространств (Испания). КЕРАМОТЕКА.
",На складе,$$$,https://www.keramoteka.ru/upload/uf/8da/keramoteka-equipe-kite.pdf,НОВИНКА,Керамогранит,Dark Grey,10X30 СМ,22989,./temp_files/img/EQUIPE_KITE_Dark Grey.jpg
EQUIPE,./temp_files/logo/EQUIPE.png,"equipe ceramicas, экипе керамикас, плитка equipe, плитка, напольная плитка equipe, поставщик, купить, цены, Caprice, Hexatile, Hexatile Cement, Octagon, Urban, Micro, Carrara, Caprice Deco, Kite, Hexawood, Country, Metro, InMetro Evolution, Brick, Harmony, Scale","Каталог классической керамической плитки и керамогранита EQUIPE CERAMICAS / ЭКИПЕ КЕРАМИКАС от прямого поставщика КЕРАМОТЕКА. Низкие цены, скидки. Оптовые и розничные продажи. Материал в наличии.",EQUIPE CERAMICAS / ЭКИПЕ КЕРАМИКАС Керамическая плитка и керамогранит (Испания) от прямого поставщика КЕРАМОТЕКА.,Испания,KITE,"equipe kite, экипе ките, плитка equipe kite, керамическая плитка, скидки, купить, цены, испания","Каталог коллекции Equipe Kite / Экипе Кайт (Испания) от компании КЕРАМОТЕКА. Низкие цены, скидки. Оптовые и розничные продажи. Материал в наличии.","Equipe Kite / Экипе Кайт - Оригинальная шестиугольная плитка для ванных комнат и жилых пространств (Испания). КЕРАМОТЕКА.
",На складе,$$$,https://www.keramoteka.ru/upload/uf/8da/keramoteka-equipe-kite.pdf,НОВИНКА,Керамогранит,Black,10X30 СМ,22987,./temp_files/img/EQUIPE_KITE_Black.jpg
EQUIPE,./temp_files/logo/EQUIPE.png,"equipe ceramicas, экипе керамикас, плитка equipe, плитка, напольная плитка equipe, поставщик, купить, цены, Caprice, Hexatile, Hexatile Cement, Octagon, Urban, Micro, Carrara, Caprice Deco, Kite, Hexawood, Country, Metro, InMetro Evolution, Brick, Harmony, Scale","Каталог классической керамической плитки и керамогранита EQUIPE CERAMICAS / ЭКИПЕ КЕРАМИКАС от прямого поставщика КЕРАМОТЕКА. Низкие цены, скидки. Оптовые и розничные продажи. Материал в наличии.",EQUIPE CERAMICAS / ЭКИПЕ КЕРАМИКАС Керамическая плитка и керамогранит (Испания) от прямого поставщика КЕРАМОТЕКА.,Испания,KITE,"equipe kite, экипе ките, плитка equipe kite, керамическая плитка, скидки, купить, цены, испания","Каталог коллекции Equipe Kite / Экипе Кайт (Испания) от компании КЕРАМОТЕКА. Низкие цены, скидки. Оптовые и розничные продажи. Материал в наличии.","Equipe Kite / Экипе Кайт - Оригинальная шестиугольная плитка для ванных комнат и жилых пространств (Испания). КЕРАМОТЕКА.
",На складе,$$$,https://www.keramoteka.ru/upload/uf/8da/keramoteka-equipe-kite.pdf,НОВИНКА,Декоративные элементы /Керамогранит/,Arrow Grey,10X30 СМ,22996,./temp_files/img/EQUIPE_KITE_Arrow Grey.jpg
EQUIPE,./temp_files/logo/EQUIPE.png,"equipe ceramicas, экипе керамикас, плитка equipe, плитка, напольная плитка equipe, поставщик, купить, цены, Caprice, Hexatile, Hexatile Cement, Octagon, Urban, Micro, Carrara, Caprice Deco, Kite, Hexawood, Country, Metro, InMetro Evolution, Brick, Harmony, Scale","Каталог классической керамической плитки и керамогранита EQUIPE CERAMICAS / ЭКИПЕ КЕРАМИКАС от прямого поставщика КЕРАМОТЕКА. Низкие цены, скидки. Оптовые и розничные продажи. Материал в наличии.",EQUIPE CERAMICAS / ЭКИПЕ КЕРАМИКАС Керамическая плитка и керамогранит (Испания) от прямого поставщика КЕРАМОТЕКА.,Испания,KITE,"equipe kite, экипе ките, плитка equipe kite, керамическая плитка, скидки, купить, цены, испания","Каталог коллекции Equipe Kite / Экипе Кайт (Испания) от компании КЕРАМОТЕКА. Низкие цены, скидки. Оптовые и розничные продажи. Материал в наличии.","Equipe Kite / Экипе Кайт - Оригинальная шестиугольная плитка для ванных комнат и жилых пространств (Испания). КЕРАМОТЕКА.
",На складе,$$$,https://www.keramoteka.ru/upload/uf/8da/keramoteka-equipe-kite.pdf,НОВИНКА,Декоративные элементы /Керамогранит/,Arrow Caramel,10X30 СМ,22995,./temp_files/img/EQUIPE_KITE_Arrow Caramel.jpg
EQUIPE,./temp_files/logo/EQUIPE.png,"equipe ceramicas, экипе керамикас, плитка equipe, плитка, напольная плитка equipe, поставщик, купить, цены, Caprice, Hexatile, Hexatile Cement, Octagon, Urban, Micro, Carrara, Caprice Deco, Kite, Hexawood, Country, Metro, InMetro Evolution, Brick, Harmony, Scale","Каталог классической керамической плитки и керамогранита EQUIPE CERAMICAS / ЭКИПЕ КЕРАМИКАС от прямого поставщика КЕРАМОТЕКА. Низкие цены, скидки. Оптовые и розничные продажи. Материал в наличии.",EQUIPE CERAMICAS / ЭКИПЕ КЕРАМИКАС Керамическая плитка и керамогранит (Испания) от прямого поставщика КЕРАМОТЕКА.,Испания,KITE,"equipe kite, экипе ките, плитка equipe kite, керамическая плитка, скидки, купить, цены, испания","Каталог коллекции Equipe Kite / Экипе Кайт (Испания) от компании КЕРАМОТЕКА. Низкие цены, скидки. Оптовые и розничные продажи. Материал в наличии.","Equipe Kite / Экипе Кайт - Оригинальная шестиугольная плитка для ванных комнат и жилых пространств (Испания). КЕРАМОТЕКА.
",На складе,$$$,https://www.keramoteka.ru/upload/uf/8da/keramoteka-equipe-kite.pdf,НОВИНКА,Декоративные элементы /Керамогранит/,Century Grey,10X30 СМ,22993,./temp_files/img/EQUIPE_KITE_Century Grey.jpg
EQUIPE,./temp_files/logo/EQUIPE.png,"equipe ceramicas, экипе керамикас, плитка equipe, плитка, напольная плитка equipe, поставщик, купить, цены, Caprice, Hexatile, Hexatile Cement, Octagon, Urban, Micro, Carrara, Caprice Deco, Kite, Hexawood, Country, Metro, InMetro Evolution, Brick, Harmony, Scale","Каталог классической керамической плитки и керамогранита EQUIPE CERAMICAS / ЭКИПЕ КЕРАМИКАС от прямого поставщика КЕРАМОТЕКА. Низкие цены, скидки. Оптовые и розничные продажи. Материал в наличии.",EQUIPE CERAMICAS / ЭКИПЕ КЕРАМИКАС Керамическая плитка и керамогранит (Испания) от прямого поставщика КЕРАМОТЕКА.,Испания,KITE,"equipe kite, экипе ките, плитка equipe kite, керамическая плитка, скидки, купить, цены, испания","Каталог коллекции Equipe Kite / Экипе Кайт (Испания) от компании КЕРАМОТЕКА. Низкие цены, скидки. Оптовые и розничные продажи. Материал в наличии.","Equipe Kite / Экипе Кайт - Оригинальная шестиугольная плитка для ванных комнат и жилых пространств (Испания). КЕРАМОТЕКА.
",На складе,$$$,https://www.keramoteka.ru/upload/uf/8da/keramoteka-equipe-kite.pdf,НОВИНКА,Декоративные элементы /Керамогранит/,Century Caramel,10X30 СМ,22994,./temp_files/img/EQUIPE_KITE_Century Caramel.jpg
EQUIPE,./temp_files/logo/EQUIPE.png,"equipe ceramicas, экипе керамикас, плитка equipe, плитка, напольная плитка equipe, поставщик, купить, цены, Caprice, Hexatile, Hexatile Cement, Octagon, Urban, Micro, Carrara, Caprice Deco, Kite, Hexawood, Country, Metro, InMetro Evolution, Brick, Harmony, Scale","Каталог классической керамической плитки и керамогранита EQUIPE CERAMICAS / ЭКИПЕ КЕРАМИКАС от прямого поставщика КЕРАМОТЕКА. Низкие цены, скидки. Оптовые и розничные продажи. Материал в наличии.",EQUIPE CERAMICAS / ЭКИПЕ КЕРАМИКАС Керамическая плитка и керамогранит (Испания) от прямого поставщика КЕРАМОТЕКА.,Испания,KITE,"equipe kite, экипе ките, плитка equipe kite, керамическая плитка, скидки, купить, цены, испания","Каталог коллекции Equipe Kite / Экипе Кайт (Испания) от компании КЕРАМОТЕКА. Низкие цены, скидки. Оптовые и розничные продажи. Материал в наличии.","Equipe Kite / Экипе Кайт - Оригинальная шестиугольная плитка для ванных комнат и жилых пространств (Испания). КЕРАМОТЕКА.
",На складе,$$$,https://www.keramoteka.ru/upload/uf/8da/keramoteka-equipe-kite.pdf,НОВИНКА,Декоративные элементы /Керамогранит/,Patchwork Kite B&W (Микс / 13 видов паттерна),10X30 СМ,22997,./temp_files/img/EQUIPE_KITE_Patchwork Kite B&W (Микс - 13 видов паттерна).jpg
