EQUIPE,./temp_files/logo/EQUIPE.png,"equipe ceramicas, экипе керамикас, плитка equipe, плитка, напольная плитка equipe, поставщик, купить, цены, Caprice, Hexatile, Hexatile Cement, Octagon, Urban, Micro, Carrara, Caprice Deco, Kite, Hexawood, Country, Metro, InMetro Evolution, Brick, Harmony, Scale","Каталог классической керамической плитки и керамогранита EQUIPE CERAMICAS / ЭКИПЕ КЕРАМИКАС от прямого поставщика КЕРАМОТЕКА. Низкие цены, скидки. Оптовые и розничные продажи. Материал в наличии.",EQUIPE CERAMICAS / ЭКИПЕ КЕРАМИКАС Керамическая плитка и керамогранит (Испания) от прямого поставщика КЕРАМОТЕКА.,Испания,METRO,"equipe metro, экипе метро, плитка equipe, керамическая плитка, скидки, купить, цены, испания
","Каталог коллекции Equipe Metro / Экипе Метро (Испания) от прямого поставщика КЕРАМОТЕКА. Низкие цены, скидки. Оптовые и розничные продажи. Материал в наличии.",Equipe Metro / Экипе Метро - Керамическая плитка - имитация кирпичной кладки для ванных комнат и жилых пространств (Испания). КЕРАМОТЕКА.,На складе,$$$,https://www.keramoteka.ru/upload/uf/478/keramoteka-equipe-metro.pdf,ХИТ,Керамическая плитка для стен,Cream,10X30 СМ,20130,./temp_files/img/EQUIPE_METRO_Cream.jpg
EQUIPE,./temp_files/logo/EQUIPE.png,"equipe ceramicas, экипе керамикас, плитка equipe, плитка, напольная плитка equipe, поставщик, купить, цены, Caprice, Hexatile, Hexatile Cement, Octagon, Urban, Micro, Carrara, Caprice Deco, Kite, Hexawood, Country, Metro, InMetro Evolution, Brick, Harmony, Scale","Каталог классической керамической плитки и керамогранита EQUIPE CERAMICAS / ЭКИПЕ КЕРАМИКАС от прямого поставщика КЕРАМОТЕКА. Низкие цены, скидки. Оптовые и розничные продажи. Материал в наличии.",EQUIPE CERAMICAS / ЭКИПЕ КЕРАМИКАС Керамическая плитка и керамогранит (Испания) от прямого поставщика КЕРАМОТЕКА.,Испания,METRO,"equipe metro, экипе метро, плитка equipe, керамическая плитка, скидки, купить, цены, испания
","Каталог коллекции Equipe Metro / Экипе Метро (Испания) от прямого поставщика КЕРАМОТЕКА. Низкие цены, скидки. Оптовые и розничные продажи. Материал в наличии.",Equipe Metro / Экипе Метро - Керамическая плитка - имитация кирпичной кладки для ванных комнат и жилых пространств (Испания). КЕРАМОТЕКА.,На складе,$$$,https://www.keramoteka.ru/upload/uf/478/keramoteka-equipe-metro.pdf,ХИТ,Керамическая плитка для стен,Rosso,10X30 СМ,20133,./temp_files/img/EQUIPE_METRO_Rosso.jpg
EQUIPE,./temp_files/logo/EQUIPE.png,"equipe ceramicas, экипе керамикас, плитка equipe, плитка, напольная плитка equipe, поставщик, купить, цены, Caprice, Hexatile, Hexatile Cement, Octagon, Urban, Micro, Carrara, Caprice Deco, Kite, Hexawood, Country, Metro, InMetro Evolution, Brick, Harmony, Scale","Каталог классической керамической плитки и керамогранита EQUIPE CERAMICAS / ЭКИПЕ КЕРАМИКАС от прямого поставщика КЕРАМОТЕКА. Низкие цены, скидки. Оптовые и розничные продажи. Материал в наличии.",EQUIPE CERAMICAS / ЭКИПЕ КЕРАМИКАС Керамическая плитка и керамогранит (Испания) от прямого поставщика КЕРАМОТЕКА.,Испания,METRO,"equipe metro, экипе метро, плитка equipe, керамическая плитка, скидки, купить, цены, испания
","Каталог коллекции Equipe Metro / Экипе Метро (Испания) от прямого поставщика КЕРАМОТЕКА. Низкие цены, скидки. Оптовые и розничные продажи. Материал в наличии.",Equipe Metro / Экипе Метро - Керамическая плитка - имитация кирпичной кладки для ванных комнат и жилых пространств (Испания). КЕРАМОТЕКА.,На складе,$$$,https://www.keramoteka.ru/upload/uf/478/keramoteka-equipe-metro.pdf,ХИТ,Керамическая плитка для стен,Silver,10X30 СМ,20134,./temp_files/img/EQUIPE_METRO_Silver.jpg
EQUIPE,./temp_files/logo/EQUIPE.png,"equipe ceramicas, экипе керамикас, плитка equipe, плитка, напольная плитка equipe, поставщик, купить, цены, Caprice, Hexatile, Hexatile Cement, Octagon, Urban, Micro, Carrara, Caprice Deco, Kite, Hexawood, Country, Metro, InMetro Evolution, Brick, Harmony, Scale","Каталог классической керамической плитки и керамогранита EQUIPE CERAMICAS / ЭКИПЕ КЕРАМИКАС от прямого поставщика КЕРАМОТЕКА. Низкие цены, скидки. Оптовые и розничные продажи. Материал в наличии.",EQUIPE CERAMICAS / ЭКИПЕ КЕРАМИКАС Керамическая плитка и керамогранит (Испания) от прямого поставщика КЕРАМОТЕКА.,Испания,METRO,"equipe metro, экипе метро, плитка equipe, керамическая плитка, скидки, купить, цены, испания
","Каталог коллекции Equipe Metro / Экипе Метро (Испания) от прямого поставщика КЕРАМОТЕКА. Низкие цены, скидки. Оптовые и розничные продажи. Материал в наличии.",Equipe Metro / Экипе Метро - Керамическая плитка - имитация кирпичной кладки для ванных комнат и жилых пространств (Испания). КЕРАМОТЕКА.,На складе,$$$,https://www.keramoteka.ru/upload/uf/478/keramoteka-equipe-metro.pdf,ХИТ,Керамическая плитка для стен,Light Grey,10X30 СМ,20997,./temp_files/img/EQUIPE_METRO_Light Grey.jpg
EQUIPE,./temp_files/logo/EQUIPE.png,"equipe ceramicas, экипе керамикас, плитка equipe, плитка, напольная плитка equipe, поставщик, купить, цены, Caprice, Hexatile, Hexatile Cement, Octagon, Urban, Micro, Carrara, Caprice Deco, Kite, Hexawood, Country, Metro, InMetro Evolution, Brick, Harmony, Scale","Каталог классической керамической плитки и керамогранита EQUIPE CERAMICAS / ЭКИПЕ КЕРАМИКАС от прямого поставщика КЕРАМОТЕКА. Низкие цены, скидки. Оптовые и розничные продажи. Материал в наличии.",EQUIPE CERAMICAS / ЭКИПЕ КЕРАМИКАС Керамическая плитка и керамогранит (Испания) от прямого поставщика КЕРАМОТЕКА.,Испания,METRO,"equipe metro, экипе метро, плитка equipe, керамическая плитка, скидки, купить, цены, испания
","Каталог коллекции Equipe Metro / Экипе Метро (Испания) от прямого поставщика КЕРАМОТЕКА. Низкие цены, скидки. Оптовые и розничные продажи. Материал в наличии.",Equipe Metro / Экипе Метро - Керамическая плитка - имитация кирпичной кладки для ванных комнат и жилых пространств (Испания). КЕРАМОТЕКА.,На складе,$$$,https://www.keramoteka.ru/upload/uf/478/keramoteka-equipe-metro.pdf,ХИТ,Керамическая плитка для стен,Dark Grey,10X30 СМ,20998,./temp_files/img/EQUIPE_METRO_Dark Grey.jpg
EQUIPE,./temp_files/logo/EQUIPE.png,"equipe ceramicas, экипе керамикас, плитка equipe, плитка, напольная плитка equipe, поставщик, купить, цены, Caprice, Hexatile, Hexatile Cement, Octagon, Urban, Micro, Carrara, Caprice Deco, Kite, Hexawood, Country, Metro, InMetro Evolution, Brick, Harmony, Scale","Каталог классической керамической плитки и керамогранита EQUIPE CERAMICAS / ЭКИПЕ КЕРАМИКАС от прямого поставщика КЕРАМОТЕКА. Низкие цены, скидки. Оптовые и розничные продажи. Материал в наличии.",EQUIPE CERAMICAS / ЭКИПЕ КЕРАМИКАС Керамическая плитка и керамогранит (Испания) от прямого поставщика КЕРАМОТЕКА.,Испания,METRO,"equipe metro, экипе метро, плитка equipe, керамическая плитка, скидки, купить, цены, испания
","Каталог коллекции Equipe Metro / Экипе Метро (Испания) от прямого поставщика КЕРАМОТЕКА. Низкие цены, скидки. Оптовые и розничные продажи. Материал в наличии.",Equipe Metro / Экипе Метро - Керамическая плитка - имитация кирпичной кладки для ванных комнат и жилых пространств (Испания). КЕРАМОТЕКА.,На складе,$$$,https://www.keramoteka.ru/upload/uf/478/keramoteka-equipe-metro.pdf,ХИТ,Керамическая плитка для стен,White,10X30 СМ,20128,./temp_files/img/EQUIPE_METRO_White.jpg
EQUIPE,./temp_files/logo/EQUIPE.png,"equipe ceramicas, экипе керамикас, плитка equipe, плитка, напольная плитка equipe, поставщик, купить, цены, Caprice, Hexatile, Hexatile Cement, Octagon, Urban, Micro, Carrara, Caprice Deco, Kite, Hexawood, Country, Metro, InMetro Evolution, Brick, Harmony, Scale","Каталог классической керамической плитки и керамогранита EQUIPE CERAMICAS / ЭКИПЕ КЕРАМИКАС от прямого поставщика КЕРАМОТЕКА. Низкие цены, скидки. Оптовые и розничные продажи. Материал в наличии.",EQUIPE CERAMICAS / ЭКИПЕ КЕРАМИКАС Керамическая плитка и керамогранит (Испания) от прямого поставщика КЕРАМОТЕКА.,Испания,METRO,"equipe metro, экипе метро, плитка equipe, керамическая плитка, скидки, купить, цены, испания
","Каталог коллекции Equipe Metro / Экипе Метро (Испания) от прямого поставщика КЕРАМОТЕКА. Низкие цены, скидки. Оптовые и розничные продажи. Материал в наличии.",Equipe Metro / Экипе Метро - Керамическая плитка - имитация кирпичной кладки для ванных комнат и жилых пространств (Испания). КЕРАМОТЕКА.,На складе,$$$,https://www.keramoteka.ru/upload/uf/478/keramoteka-equipe-metro.pdf,ХИТ,Керамическая плитка для стен,White Matt,10X30 СМ,20131,./temp_files/img/EQUIPE_METRO_White Matt.jpg
EQUIPE,./temp_files/logo/EQUIPE.png,"equipe ceramicas, экипе керамикас, плитка equipe, плитка, напольная плитка equipe, поставщик, купить, цены, Caprice, Hexatile, Hexatile Cement, Octagon, Urban, Micro, Carrara, Caprice Deco, Kite, Hexawood, Country, Metro, InMetro Evolution, Brick, Harmony, Scale","Каталог классической керамической плитки и керамогранита EQUIPE CERAMICAS / ЭКИПЕ КЕРАМИКАС от прямого поставщика КЕРАМОТЕКА. Низкие цены, скидки. Оптовые и розничные продажи. Материал в наличии.",EQUIPE CERAMICAS / ЭКИПЕ КЕРАМИКАС Керамическая плитка и керамогранит (Испания) от прямого поставщика КЕРАМОТЕКА.,Испания,METRO,"equipe metro, экипе метро, плитка equipe, керамическая плитка, скидки, купить, цены, испания
","Каталог коллекции Equipe Metro / Экипе Метро (Испания) от прямого поставщика КЕРАМОТЕКА. Низкие цены, скидки. Оптовые и розничные продажи. Материал в наличии.",Equipe Metro / Экипе Метро - Керамическая плитка - имитация кирпичной кладки для ванных комнат и жилых пространств (Испания). КЕРАМОТЕКА.,На складе,$$$,https://www.keramoteka.ru/upload/uf/478/keramoteka-equipe-metro.pdf,ХИТ,Керамическая плитка для стен,Black,10X30 СМ,20129,./temp_files/img/EQUIPE_METRO_Black.jpg
EQUIPE,./temp_files/logo/EQUIPE.png,"equipe ceramicas, экипе керамикас, плитка equipe, плитка, напольная плитка equipe, поставщик, купить, цены, Caprice, Hexatile, Hexatile Cement, Octagon, Urban, Micro, Carrara, Caprice Deco, Kite, Hexawood, Country, Metro, InMetro Evolution, Brick, Harmony, Scale","Каталог классической керамической плитки и керамогранита EQUIPE CERAMICAS / ЭКИПЕ КЕРАМИКАС от прямого поставщика КЕРАМОТЕКА. Низкие цены, скидки. Оптовые и розничные продажи. Материал в наличии.",EQUIPE CERAMICAS / ЭКИПЕ КЕРАМИКАС Керамическая плитка и керамогранит (Испания) от прямого поставщика КЕРАМОТЕКА.,Испания,METRO,"equipe metro, экипе метро, плитка equipe, керамическая плитка, скидки, купить, цены, испания
","Каталог коллекции Equipe Metro / Экипе Метро (Испания) от прямого поставщика КЕРАМОТЕКА. Низкие цены, скидки. Оптовые и розничные продажи. Материал в наличии.",Equipe Metro / Экипе Метро - Керамическая плитка - имитация кирпичной кладки для ванных комнат и жилых пространств (Испания). КЕРАМОТЕКА.,На складе,$$$,https://www.keramoteka.ru/upload/uf/478/keramoteka-equipe-metro.pdf,ХИТ,Керамическая плитка для стен,Black Matt,10X30 СМ,20132,./temp_files/img/EQUIPE_METRO_Black Matt.jpg
EQUIPE,./temp_files/logo/EQUIPE.png,"equipe ceramicas, экипе керамикас, плитка equipe, плитка, напольная плитка equipe, поставщик, купить, цены, Caprice, Hexatile, Hexatile Cement, Octagon, Urban, Micro, Carrara, Caprice Deco, Kite, Hexawood, Country, Metro, InMetro Evolution, Brick, Harmony, Scale","Каталог классической керамической плитки и керамогранита EQUIPE CERAMICAS / ЭКИПЕ КЕРАМИКАС от прямого поставщика КЕРАМОТЕКА. Низкие цены, скидки. Оптовые и розничные продажи. Материал в наличии.",EQUIPE CERAMICAS / ЭКИПЕ КЕРАМИКАС Керамическая плитка и керамогранит (Испания) от прямого поставщика КЕРАМОТЕКА.,Испания,METRO,"equipe metro, экипе метро, плитка equipe, керамическая плитка, скидки, купить, цены, испания
","Каталог коллекции Equipe Metro / Экипе Метро (Испания) от прямого поставщика КЕРАМОТЕКА. Низкие цены, скидки. Оптовые и розничные продажи. Материал в наличии.",Equipe Metro / Экипе Метро - Керамическая плитка - имитация кирпичной кладки для ванных комнат и жилых пространств (Испания). КЕРАМОТЕКА.,На складе,$$$,https://www.keramoteka.ru/upload/uf/478/keramoteka-equipe-metro.pdf,ХИТ,Керамическая плитка для стен,Cream,"7,5X30 СМ",14248,./temp_files/img/EQUIPE_METRO_Cream.jpg
EQUIPE,./temp_files/logo/EQUIPE.png,"equipe ceramicas, экипе керамикас, плитка equipe, плитка, напольная плитка equipe, поставщик, купить, цены, Caprice, Hexatile, Hexatile Cement, Octagon, Urban, Micro, Carrara, Caprice Deco, Kite, Hexawood, Country, Metro, InMetro Evolution, Brick, Harmony, Scale","Каталог классической керамической плитки и керамогранита EQUIPE CERAMICAS / ЭКИПЕ КЕРАМИКАС от прямого поставщика КЕРАМОТЕКА. Низкие цены, скидки. Оптовые и розничные продажи. Материал в наличии.",EQUIPE CERAMICAS / ЭКИПЕ КЕРАМИКАС Керамическая плитка и керамогранит (Испания) от прямого поставщика КЕРАМОТЕКА.,Испания,METRO,"equipe metro, экипе метро, плитка equipe, керамическая плитка, скидки, купить, цены, испания
","Каталог коллекции Equipe Metro / Экипе Метро (Испания) от прямого поставщика КЕРАМОТЕКА. Низкие цены, скидки. Оптовые и розничные продажи. Материал в наличии.",Equipe Metro / Экипе Метро - Керамическая плитка - имитация кирпичной кладки для ванных комнат и жилых пространств (Испания). КЕРАМОТЕКА.,На складе,$$$,https://www.keramoteka.ru/upload/uf/478/keramoteka-equipe-metro.pdf,ХИТ,Керамическая плитка для стен,Rosso,"7,5X30 СМ",14251,./temp_files/img/EQUIPE_METRO_Rosso.jpg
EQUIPE,./temp_files/logo/EQUIPE.png,"equipe ceramicas, экипе керамикас, плитка equipe, плитка, напольная плитка equipe, поставщик, купить, цены, Caprice, Hexatile, Hexatile Cement, Octagon, Urban, Micro, Carrara, Caprice Deco, Kite, Hexawood, Country, Metro, InMetro Evolution, Brick, Harmony, Scale","Каталог классической керамической плитки и керамогранита EQUIPE CERAMICAS / ЭКИПЕ КЕРАМИКАС от прямого поставщика КЕРАМОТЕКА. Низкие цены, скидки. Оптовые и розничные продажи. Материал в наличии.",EQUIPE CERAMICAS / ЭКИПЕ КЕРАМИКАС Керамическая плитка и керамогранит (Испания) от прямого поставщика КЕРАМОТЕКА.,Испания,METRO,"equipe metro, экипе метро, плитка equipe, керамическая плитка, скидки, купить, цены, испания
","Каталог коллекции Equipe Metro / Экипе Метро (Испания) от прямого поставщика КЕРАМОТЕКА. Низкие цены, скидки. Оптовые и розничные продажи. Материал в наличии.",Equipe Metro / Экипе Метро - Керамическая плитка - имитация кирпичной кладки для ванных комнат и жилых пространств (Испания). КЕРАМОТЕКА.,На складе,$$$,https://www.keramoteka.ru/upload/uf/478/keramoteka-equipe-metro.pdf,ХИТ,Керамическая плитка для стен,Silver,"7,5X30 СМ",14252,./temp_files/img/EQUIPE_METRO_Silver.jpg
EQUIPE,./temp_files/logo/EQUIPE.png,"equipe ceramicas, экипе керамикас, плитка equipe, плитка, напольная плитка equipe, поставщик, купить, цены, Caprice, Hexatile, Hexatile Cement, Octagon, Urban, Micro, Carrara, Caprice Deco, Kite, Hexawood, Country, Metro, InMetro Evolution, Brick, Harmony, Scale","Каталог классической керамической плитки и керамогранита EQUIPE CERAMICAS / ЭКИПЕ КЕРАМИКАС от прямого поставщика КЕРАМОТЕКА. Низкие цены, скидки. Оптовые и розничные продажи. Материал в наличии.",EQUIPE CERAMICAS / ЭКИПЕ КЕРАМИКАС Керамическая плитка и керамогранит (Испания) от прямого поставщика КЕРАМОТЕКА.,Испания,METRO,"equipe metro, экипе метро, плитка equipe, керамическая плитка, скидки, купить, цены, испания
","Каталог коллекции Equipe Metro / Экипе Метро (Испания) от прямого поставщика КЕРАМОТЕКА. Низкие цены, скидки. Оптовые и розничные продажи. Материал в наличии.",Equipe Metro / Экипе Метро - Керамическая плитка - имитация кирпичной кладки для ванных комнат и жилых пространств (Испания). КЕРАМОТЕКА.,На складе,$$$,https://www.keramoteka.ru/upload/uf/478/keramoteka-equipe-metro.pdf,ХИТ,Керамическая плитка для стен,Light Grey,"7,5X30 СМ",20757,./temp_files/img/EQUIPE_METRO_Light Grey.jpg
EQUIPE,./temp_files/logo/EQUIPE.png,"equipe ceramicas, экипе керамикас, плитка equipe, плитка, напольная плитка equipe, поставщик, купить, цены, Caprice, Hexatile, Hexatile Cement, Octagon, Urban, Micro, Carrara, Caprice Deco, Kite, Hexawood, Country, Metro, InMetro Evolution, Brick, Harmony, Scale","Каталог классической керамической плитки и керамогранита EQUIPE CERAMICAS / ЭКИПЕ КЕРАМИКАС от прямого поставщика КЕРАМОТЕКА. Низкие цены, скидки. Оптовые и розничные продажи. Материал в наличии.",EQUIPE CERAMICAS / ЭКИПЕ КЕРАМИКАС Керамическая плитка и керамогранит (Испания) от прямого поставщика КЕРАМОТЕКА.,Испания,METRO,"equipe metro, экипе метро, плитка equipe, керамическая плитка, скидки, купить, цены, испания
","Каталог коллекции Equipe Metro / Экипе Метро (Испания) от прямого поставщика КЕРАМОТЕКА. Низкие цены, скидки. Оптовые и розничные продажи. Материал в наличии.",Equipe Metro / Экипе Метро - Керамическая плитка - имитация кирпичной кладки для ванных комнат и жилых пространств (Испания). КЕРАМОТЕКА.,На складе,$$$,https://www.keramoteka.ru/upload/uf/478/keramoteka-equipe-metro.pdf,ХИТ,Керамическая плитка для стен,Dark Grey,"7,5X30 СМ",20904,./temp_files/img/EQUIPE_METRO_Dark Grey.jpg
EQUIPE,./temp_files/logo/EQUIPE.png,"equipe ceramicas, экипе керамикас, плитка equipe, плитка, напольная плитка equipe, поставщик, купить, цены, Caprice, Hexatile, Hexatile Cement, Octagon, Urban, Micro, Carrara, Caprice Deco, Kite, Hexawood, Country, Metro, InMetro Evolution, Brick, Harmony, Scale","Каталог классической керамической плитки и керамогранита EQUIPE CERAMICAS / ЭКИПЕ КЕРАМИКАС от прямого поставщика КЕРАМОТЕКА. Низкие цены, скидки. Оптовые и розничные продажи. Материал в наличии.",EQUIPE CERAMICAS / ЭКИПЕ КЕРАМИКАС Керамическая плитка и керамогранит (Испания) от прямого поставщика КЕРАМОТЕКА.,Испания,METRO,"equipe metro, экипе метро, плитка equipe, керамическая плитка, скидки, купить, цены, испания
","Каталог коллекции Equipe Metro / Экипе Метро (Испания) от прямого поставщика КЕРАМОТЕКА. Низкие цены, скидки. Оптовые и розничные продажи. Материал в наличии.",Equipe Metro / Экипе Метро - Керамическая плитка - имитация кирпичной кладки для ванных комнат и жилых пространств (Испания). КЕРАМОТЕКА.,На складе,$$$,https://www.keramoteka.ru/upload/uf/478/keramoteka-equipe-metro.pdf,ХИТ,Керамическая плитка для стен,White,"7,5X30 СМ",14246,./temp_files/img/EQUIPE_METRO_White.jpg
EQUIPE,./temp_files/logo/EQUIPE.png,"equipe ceramicas, экипе керамикас, плитка equipe, плитка, напольная плитка equipe, поставщик, купить, цены, Caprice, Hexatile, Hexatile Cement, Octagon, Urban, Micro, Carrara, Caprice Deco, Kite, Hexawood, Country, Metro, InMetro Evolution, Brick, Harmony, Scale","Каталог классической керамической плитки и керамогранита EQUIPE CERAMICAS / ЭКИПЕ КЕРАМИКАС от прямого поставщика КЕРАМОТЕКА. Низкие цены, скидки. Оптовые и розничные продажи. Материал в наличии.",EQUIPE CERAMICAS / ЭКИПЕ КЕРАМИКАС Керамическая плитка и керамогранит (Испания) от прямого поставщика КЕРАМОТЕКА.,Испания,METRO,"equipe metro, экипе метро, плитка equipe, керамическая плитка, скидки, купить, цены, испания
","Каталог коллекции Equipe Metro / Экипе Метро (Испания) от прямого поставщика КЕРАМОТЕКА. Низкие цены, скидки. Оптовые и розничные продажи. Материал в наличии.",Equipe Metro / Экипе Метро - Керамическая плитка - имитация кирпичной кладки для ванных комнат и жилых пространств (Испания). КЕРАМОТЕКА.,На складе,$$$,https://www.keramoteka.ru/upload/uf/478/keramoteka-equipe-metro.pdf,ХИТ,Керамическая плитка для стен,White Matt,"7,5X30 СМ",14247,./temp_files/img/EQUIPE_METRO_White Matt.jpg
EQUIPE,./temp_files/logo/EQUIPE.png,"equipe ceramicas, экипе керамикас, плитка equipe, плитка, напольная плитка equipe, поставщик, купить, цены, Caprice, Hexatile, Hexatile Cement, Octagon, Urban, Micro, Carrara, Caprice Deco, Kite, Hexawood, Country, Metro, InMetro Evolution, Brick, Harmony, Scale","Каталог классической керамической плитки и керамогранита EQUIPE CERAMICAS / ЭКИПЕ КЕРАМИКАС от прямого поставщика КЕРАМОТЕКА. Низкие цены, скидки. Оптовые и розничные продажи. Материал в наличии.",EQUIPE CERAMICAS / ЭКИПЕ КЕРАМИКАС Керамическая плитка и керамогранит (Испания) от прямого поставщика КЕРАМОТЕКА.,Испания,METRO,"equipe metro, экипе метро, плитка equipe, керамическая плитка, скидки, купить, цены, испания
","Каталог коллекции Equipe Metro / Экипе Метро (Испания) от прямого поставщика КЕРАМОТЕКА. Низкие цены, скидки. Оптовые и розничные продажи. Материал в наличии.",Equipe Metro / Экипе Метро - Керамическая плитка - имитация кирпичной кладки для ванных комнат и жилых пространств (Испания). КЕРАМОТЕКА.,На складе,$$$,https://www.keramoteka.ru/upload/uf/478/keramoteka-equipe-metro.pdf,ХИТ,Керамическая плитка для стен,Black,"7,5X30 СМ",14249,./temp_files/img/EQUIPE_METRO_Black.jpg
EQUIPE,./temp_files/logo/EQUIPE.png,"equipe ceramicas, экипе керамикас, плитка equipe, плитка, напольная плитка equipe, поставщик, купить, цены, Caprice, Hexatile, Hexatile Cement, Octagon, Urban, Micro, Carrara, Caprice Deco, Kite, Hexawood, Country, Metro, InMetro Evolution, Brick, Harmony, Scale","Каталог классической керамической плитки и керамогранита EQUIPE CERAMICAS / ЭКИПЕ КЕРАМИКАС от прямого поставщика КЕРАМОТЕКА. Низкие цены, скидки. Оптовые и розничные продажи. Материал в наличии.",EQUIPE CERAMICAS / ЭКИПЕ КЕРАМИКАС Керамическая плитка и керамогранит (Испания) от прямого поставщика КЕРАМОТЕКА.,Испания,METRO,"equipe metro, экипе метро, плитка equipe, керамическая плитка, скидки, купить, цены, испания
","Каталог коллекции Equipe Metro / Экипе Метро (Испания) от прямого поставщика КЕРАМОТЕКА. Низкие цены, скидки. Оптовые и розничные продажи. Материал в наличии.",Equipe Metro / Экипе Метро - Керамическая плитка - имитация кирпичной кладки для ванных комнат и жилых пространств (Испания). КЕРАМОТЕКА.,На складе,$$$,https://www.keramoteka.ru/upload/uf/478/keramoteka-equipe-metro.pdf,ХИТ,Керамическая плитка для стен,Black Matt,"7,5X30 СМ",14250,./temp_files/img/EQUIPE_METRO_Black Matt.jpg
EQUIPE,./temp_files/logo/EQUIPE.png,"equipe ceramicas, экипе керамикас, плитка equipe, плитка, напольная плитка equipe, поставщик, купить, цены, Caprice, Hexatile, Hexatile Cement, Octagon, Urban, Micro, Carrara, Caprice Deco, Kite, Hexawood, Country, Metro, InMetro Evolution, Brick, Harmony, Scale","Каталог классической керамической плитки и керамогранита EQUIPE CERAMICAS / ЭКИПЕ КЕРАМИКАС от прямого поставщика КЕРАМОТЕКА. Низкие цены, скидки. Оптовые и розничные продажи. Материал в наличии.",EQUIPE CERAMICAS / ЭКИПЕ КЕРАМИКАС Керамическая плитка и керамогранит (Испания) от прямого поставщика КЕРАМОТЕКА.,Испания,METRO,"equipe metro, экипе метро, плитка equipe, керамическая плитка, скидки, купить, цены, испания
","Каталог коллекции Equipe Metro / Экипе Метро (Испания) от прямого поставщика КЕРАМОТЕКА. Низкие цены, скидки. Оптовые и розничные продажи. Материал в наличии.",Equipe Metro / Экипе Метро - Керамическая плитка - имитация кирпичной кладки для ванных комнат и жилых пространств (Испания). КЕРАМОТЕКА.,На складе,$$$,https://www.keramoteka.ru/upload/uf/478/keramoteka-equipe-metro.pdf,ХИТ,Керамическая плитка для стен,Cream,10X20 СМ,13925,./temp_files/img/EQUIPE_METRO_Cream.jpg
EQUIPE,./temp_files/logo/EQUIPE.png,"equipe ceramicas, экипе керамикас, плитка equipe, плитка, напольная плитка equipe, поставщик, купить, цены, Caprice, Hexatile, Hexatile Cement, Octagon, Urban, Micro, Carrara, Caprice Deco, Kite, Hexawood, Country, Metro, InMetro Evolution, Brick, Harmony, Scale","Каталог классической керамической плитки и керамогранита EQUIPE CERAMICAS / ЭКИПЕ КЕРАМИКАС от прямого поставщика КЕРАМОТЕКА. Низкие цены, скидки. Оптовые и розничные продажи. Материал в наличии.",EQUIPE CERAMICAS / ЭКИПЕ КЕРАМИКАС Керамическая плитка и керамогранит (Испания) от прямого поставщика КЕРАМОТЕКА.,Испания,METRO,"equipe metro, экипе метро, плитка equipe, керамическая плитка, скидки, купить, цены, испания
","Каталог коллекции Equipe Metro / Экипе Метро (Испания) от прямого поставщика КЕРАМОТЕКА. Низкие цены, скидки. Оптовые и розничные продажи. Материал в наличии.",Equipe Metro / Экипе Метро - Керамическая плитка - имитация кирпичной кладки для ванных комнат и жилых пространств (Испания). КЕРАМОТЕКА.,На складе,$$$,https://www.keramoteka.ru/upload/uf/478/keramoteka-equipe-metro.pdf,ХИТ,Керамическая плитка для стен,Rosso,10X20 СМ,20123,./temp_files/img/EQUIPE_METRO_Rosso.jpg
EQUIPE,./temp_files/logo/EQUIPE.png,"equipe ceramicas, экипе керамикас, плитка equipe, плитка, напольная плитка equipe, поставщик, купить, цены, Caprice, Hexatile, Hexatile Cement, Octagon, Urban, Micro, Carrara, Caprice Deco, Kite, Hexawood, Country, Metro, InMetro Evolution, Brick, Harmony, Scale","Каталог классической керамической плитки и керамогранита EQUIPE CERAMICAS / ЭКИПЕ КЕРАМИКАС от прямого поставщика КЕРАМОТЕКА. Низкие цены, скидки. Оптовые и розничные продажи. Материал в наличии.",EQUIPE CERAMICAS / ЭКИПЕ КЕРАМИКАС Керамическая плитка и керамогранит (Испания) от прямого поставщика КЕРАМОТЕКА.,Испания,METRO,"equipe metro, экипе метро, плитка equipe, керамическая плитка, скидки, купить, цены, испания
","Каталог коллекции Equipe Metro / Экипе Метро (Испания) от прямого поставщика КЕРАМОТЕКА. Низкие цены, скидки. Оптовые и розничные продажи. Материал в наличии.",Equipe Metro / Экипе Метро - Керамическая плитка - имитация кирпичной кладки для ванных комнат и жилых пространств (Испания). КЕРАМОТЕКА.,На складе,$$$,https://www.keramoteka.ru/upload/uf/478/keramoteka-equipe-metro.pdf,ХИТ,Керамическая плитка для стен,Silver,10X20 СМ,20125,./temp_files/img/EQUIPE_METRO_Silver.jpg
EQUIPE,./temp_files/logo/EQUIPE.png,"equipe ceramicas, экипе керамикас, плитка equipe, плитка, напольная плитка equipe, поставщик, купить, цены, Caprice, Hexatile, Hexatile Cement, Octagon, Urban, Micro, Carrara, Caprice Deco, Kite, Hexawood, Country, Metro, InMetro Evolution, Brick, Harmony, Scale","Каталог классической керамической плитки и керамогранита EQUIPE CERAMICAS / ЭКИПЕ КЕРАМИКАС от прямого поставщика КЕРАМОТЕКА. Низкие цены, скидки. Оптовые и розничные продажи. Материал в наличии.",EQUIPE CERAMICAS / ЭКИПЕ КЕРАМИКАС Керамическая плитка и керамогранит (Испания) от прямого поставщика КЕРАМОТЕКА.,Испания,METRO,"equipe metro, экипе метро, плитка equipe, керамическая плитка, скидки, купить, цены, испания
","Каталог коллекции Equipe Metro / Экипе Метро (Испания) от прямого поставщика КЕРАМОТЕКА. Низкие цены, скидки. Оптовые и розничные продажи. Материал в наличии.",Equipe Metro / Экипе Метро - Керамическая плитка - имитация кирпичной кладки для ванных комнат и жилых пространств (Испания). КЕРАМОТЕКА.,На складе,$$$,https://www.keramoteka.ru/upload/uf/478/keramoteka-equipe-metro.pdf,ХИТ,Керамическая плитка для стен,Light Grey,10X20 СМ,20758,./temp_files/img/EQUIPE_METRO_Light Grey.jpg
EQUIPE,./temp_files/logo/EQUIPE.png,"equipe ceramicas, экипе керамикас, плитка equipe, плитка, напольная плитка equipe, поставщик, купить, цены, Caprice, Hexatile, Hexatile Cement, Octagon, Urban, Micro, Carrara, Caprice Deco, Kite, Hexawood, Country, Metro, InMetro Evolution, Brick, Harmony, Scale","Каталог классической керамической плитки и керамогранита EQUIPE CERAMICAS / ЭКИПЕ КЕРАМИКАС от прямого поставщика КЕРАМОТЕКА. Низкие цены, скидки. Оптовые и розничные продажи. Материал в наличии.",EQUIPE CERAMICAS / ЭКИПЕ КЕРАМИКАС Керамическая плитка и керамогранит (Испания) от прямого поставщика КЕРАМОТЕКА.,Испания,METRO,"equipe metro, экипе метро, плитка equipe, керамическая плитка, скидки, купить, цены, испания
","Каталог коллекции Equipe Metro / Экипе Метро (Испания) от прямого поставщика КЕРАМОТЕКА. Низкие цены, скидки. Оптовые и розничные продажи. Материал в наличии.",Equipe Metro / Экипе Метро - Керамическая плитка - имитация кирпичной кладки для ванных комнат и жилых пространств (Испания). КЕРАМОТЕКА.,На складе,$$$,https://www.keramoteka.ru/upload/uf/478/keramoteka-equipe-metro.pdf,ХИТ,Керамическая плитка для стен,Dark Grey,10X20 СМ,20996,./temp_files/img/EQUIPE_METRO_Dark Grey.jpg
EQUIPE,./temp_files/logo/EQUIPE.png,"equipe ceramicas, экипе керамикас, плитка equipe, плитка, напольная плитка equipe, поставщик, купить, цены, Caprice, Hexatile, Hexatile Cement, Octagon, Urban, Micro, Carrara, Caprice Deco, Kite, Hexawood, Country, Metro, InMetro Evolution, Brick, Harmony, Scale","Каталог классической керамической плитки и керамогранита EQUIPE CERAMICAS / ЭКИПЕ КЕРАМИКАС от прямого поставщика КЕРАМОТЕКА. Низкие цены, скидки. Оптовые и розничные продажи. Материал в наличии.",EQUIPE CERAMICAS / ЭКИПЕ КЕРАМИКАС Керамическая плитка и керамогранит (Испания) от прямого поставщика КЕРАМОТЕКА.,Испания,METRO,"equipe metro, экипе метро, плитка equipe, керамическая плитка, скидки, купить, цены, испания
","Каталог коллекции Equipe Metro / Экипе Метро (Испания) от прямого поставщика КЕРАМОТЕКА. Низкие цены, скидки. Оптовые и розничные продажи. Материал в наличии.",Equipe Metro / Экипе Метро - Керамическая плитка - имитация кирпичной кладки для ванных комнат и жилых пространств (Испания). КЕРАМОТЕКА.,На складе,$$$,https://www.keramoteka.ru/upload/uf/478/keramoteka-equipe-metro.pdf,ХИТ,Керамическая плитка для стен,White,10X20 СМ,13923,./temp_files/img/EQUIPE_METRO_White.jpg
EQUIPE,./temp_files/logo/EQUIPE.png,"equipe ceramicas, экипе керамикас, плитка equipe, плитка, напольная плитка equipe, поставщик, купить, цены, Caprice, Hexatile, Hexatile Cement, Octagon, Urban, Micro, Carrara, Caprice Deco, Kite, Hexawood, Country, Metro, InMetro Evolution, Brick, Harmony, Scale","Каталог классической керамической плитки и керамогранита EQUIPE CERAMICAS / ЭКИПЕ КЕРАМИКАС от прямого поставщика КЕРАМОТЕКА. Низкие цены, скидки. Оптовые и розничные продажи. Материал в наличии.",EQUIPE CERAMICAS / ЭКИПЕ КЕРАМИКАС Керамическая плитка и керамогранит (Испания) от прямого поставщика КЕРАМОТЕКА.,Испания,METRO,"equipe metro, экипе метро, плитка equipe, керамическая плитка, скидки, купить, цены, испания
","Каталог коллекции Equipe Metro / Экипе Метро (Испания) от прямого поставщика КЕРАМОТЕКА. Низкие цены, скидки. Оптовые и розничные продажи. Материал в наличии.",Equipe Metro / Экипе Метро - Керамическая плитка - имитация кирпичной кладки для ванных комнат и жилых пространств (Испания). КЕРАМОТЕКА.,На складе,$$$,https://www.keramoteka.ru/upload/uf/478/keramoteka-equipe-metro.pdf,ХИТ,Керамическая плитка для стен,White Matt,10X20 СМ,14026,./temp_files/img/EQUIPE_METRO_White Matt.jpg
EQUIPE,./temp_files/logo/EQUIPE.png,"equipe ceramicas, экипе керамикас, плитка equipe, плитка, напольная плитка equipe, поставщик, купить, цены, Caprice, Hexatile, Hexatile Cement, Octagon, Urban, Micro, Carrara, Caprice Deco, Kite, Hexawood, Country, Metro, InMetro Evolution, Brick, Harmony, Scale","Каталог классической керамической плитки и керамогранита EQUIPE CERAMICAS / ЭКИПЕ КЕРАМИКАС от прямого поставщика КЕРАМОТЕКА. Низкие цены, скидки. Оптовые и розничные продажи. Материал в наличии.",EQUIPE CERAMICAS / ЭКИПЕ КЕРАМИКАС Керамическая плитка и керамогранит (Испания) от прямого поставщика КЕРАМОТЕКА.,Испания,METRO,"equipe metro, экипе метро, плитка equipe, керамическая плитка, скидки, купить, цены, испания
","Каталог коллекции Equipe Metro / Экипе Метро (Испания) от прямого поставщика КЕРАМОТЕКА. Низкие цены, скидки. Оптовые и розничные продажи. Материал в наличии.",Equipe Metro / Экипе Метро - Керамическая плитка - имитация кирпичной кладки для ванных комнат и жилых пространств (Испания). КЕРАМОТЕКА.,На складе,$$$,https://www.keramoteka.ru/upload/uf/478/keramoteka-equipe-metro.pdf,ХИТ,Керамическая плитка для стен,Black,10X20 СМ,14027,./temp_files/img/EQUIPE_METRO_Black.jpg
EQUIPE,./temp_files/logo/EQUIPE.png,"equipe ceramicas, экипе керамикас, плитка equipe, плитка, напольная плитка equipe, поставщик, купить, цены, Caprice, Hexatile, Hexatile Cement, Octagon, Urban, Micro, Carrara, Caprice Deco, Kite, Hexawood, Country, Metro, InMetro Evolution, Brick, Harmony, Scale","Каталог классической керамической плитки и керамогранита EQUIPE CERAMICAS / ЭКИПЕ КЕРАМИКАС от прямого поставщика КЕРАМОТЕКА. Низкие цены, скидки. Оптовые и розничные продажи. Материал в наличии.",EQUIPE CERAMICAS / ЭКИПЕ КЕРАМИКАС Керамическая плитка и керамогранит (Испания) от прямого поставщика КЕРАМОТЕКА.,Испания,METRO,"equipe metro, экипе метро, плитка equipe, керамическая плитка, скидки, купить, цены, испания
","Каталог коллекции Equipe Metro / Экипе Метро (Испания) от прямого поставщика КЕРАМОТЕКА. Низкие цены, скидки. Оптовые и розничные продажи. Материал в наличии.",Equipe Metro / Экипе Метро - Керамическая плитка - имитация кирпичной кладки для ванных комнат и жилых пространств (Испания). КЕРАМОТЕКА.,На складе,$$$,https://www.keramoteka.ru/upload/uf/478/keramoteka-equipe-metro.pdf,ХИТ,Керамическая плитка для стен,Black Matt,10X20 СМ,20124,./temp_files/img/EQUIPE_METRO_Black Matt.jpg
EQUIPE,./temp_files/logo/EQUIPE.png,"equipe ceramicas, экипе керамикас, плитка equipe, плитка, напольная плитка equipe, поставщик, купить, цены, Caprice, Hexatile, Hexatile Cement, Octagon, Urban, Micro, Carrara, Caprice Deco, Kite, Hexawood, Country, Metro, InMetro Evolution, Brick, Harmony, Scale","Каталог классической керамической плитки и керамогранита EQUIPE CERAMICAS / ЭКИПЕ КЕРАМИКАС от прямого поставщика КЕРАМОТЕКА. Низкие цены, скидки. Оптовые и розничные продажи. Материал в наличии.",EQUIPE CERAMICAS / ЭКИПЕ КЕРАМИКАС Керамическая плитка и керамогранит (Испания) от прямого поставщика КЕРАМОТЕКА.,Испания,METRO,"equipe metro, экипе метро, плитка equipe, керамическая плитка, скидки, купить, цены, испания
","Каталог коллекции Equipe Metro / Экипе Метро (Испания) от прямого поставщика КЕРАМОТЕКА. Низкие цены, скидки. Оптовые и розничные продажи. Материал в наличии.",Equipe Metro / Экипе Метро - Керамическая плитка - имитация кирпичной кладки для ванных комнат и жилых пространств (Испания). КЕРАМОТЕКА.,На складе,$$$,https://www.keramoteka.ru/upload/uf/478/keramoteka-equipe-metro.pdf,ХИТ,Керамическая плитка для стен,Cream,"7,5X15 СМ",12737,./temp_files/img/EQUIPE_METRO_Cream.jpg
EQUIPE,./temp_files/logo/EQUIPE.png,"equipe ceramicas, экипе керамикас, плитка equipe, плитка, напольная плитка equipe, поставщик, купить, цены, Caprice, Hexatile, Hexatile Cement, Octagon, Urban, Micro, Carrara, Caprice Deco, Kite, Hexawood, Country, Metro, InMetro Evolution, Brick, Harmony, Scale","Каталог классической керамической плитки и керамогранита EQUIPE CERAMICAS / ЭКИПЕ КЕРАМИКАС от прямого поставщика КЕРАМОТЕКА. Низкие цены, скидки. Оптовые и розничные продажи. Материал в наличии.",EQUIPE CERAMICAS / ЭКИПЕ КЕРАМИКАС Керамическая плитка и керамогранит (Испания) от прямого поставщика КЕРАМОТЕКА.,Испания,METRO,"equipe metro, экипе метро, плитка equipe, керамическая плитка, скидки, купить, цены, испания
","Каталог коллекции Equipe Metro / Экипе Метро (Испания) от прямого поставщика КЕРАМОТЕКА. Низкие цены, скидки. Оптовые и розничные продажи. Материал в наличии.",Equipe Metro / Экипе Метро - Керамическая плитка - имитация кирпичной кладки для ванных комнат и жилых пространств (Испания). КЕРАМОТЕКА.,На складе,$$$,https://www.keramoteka.ru/upload/uf/478/keramoteka-equipe-metro.pdf,ХИТ,Керамическая плитка для стен,Olive,"7,5X15 СМ",21287,./temp_files/img/EQUIPE_METRO_Olive.jpg
EQUIPE,./temp_files/logo/EQUIPE.png,"equipe ceramicas, экипе керамикас, плитка equipe, плитка, напольная плитка equipe, поставщик, купить, цены, Caprice, Hexatile, Hexatile Cement, Octagon, Urban, Micro, Carrara, Caprice Deco, Kite, Hexawood, Country, Metro, InMetro Evolution, Brick, Harmony, Scale","Каталог классической керамической плитки и керамогранита EQUIPE CERAMICAS / ЭКИПЕ КЕРАМИКАС от прямого поставщика КЕРАМОТЕКА. Низкие цены, скидки. Оптовые и розничные продажи. Материал в наличии.",EQUIPE CERAMICAS / ЭКИПЕ КЕРАМИКАС Керамическая плитка и керамогранит (Испания) от прямого поставщика КЕРАМОТЕКА.,Испания,METRO,"equipe metro, экипе метро, плитка equipe, керамическая плитка, скидки, купить, цены, испания
","Каталог коллекции Equipe Metro / Экипе Метро (Испания) от прямого поставщика КЕРАМОТЕКА. Низкие цены, скидки. Оптовые и розничные продажи. Материал в наличии.",Equipe Metro / Экипе Метро - Керамическая плитка - имитация кирпичной кладки для ванных комнат и жилых пространств (Испания). КЕРАМОТЕКА.,На складе,$$$,https://www.keramoteka.ru/upload/uf/478/keramoteka-equipe-metro.pdf,ХИТ,Керамическая плитка для стен,Jade,"7,5X15 СМ",21288,./temp_files/img/EQUIPE_METRO_Jade.jpg
EQUIPE,./temp_files/logo/EQUIPE.png,"equipe ceramicas, экипе керамикас, плитка equipe, плитка, напольная плитка equipe, поставщик, купить, цены, Caprice, Hexatile, Hexatile Cement, Octagon, Urban, Micro, Carrara, Caprice Deco, Kite, Hexawood, Country, Metro, InMetro Evolution, Brick, Harmony, Scale","Каталог классической керамической плитки и керамогранита EQUIPE CERAMICAS / ЭКИПЕ КЕРАМИКАС от прямого поставщика КЕРАМОТЕКА. Низкие цены, скидки. Оптовые и розничные продажи. Материал в наличии.",EQUIPE CERAMICAS / ЭКИПЕ КЕРАМИКАС Керамическая плитка и керамогранит (Испания) от прямого поставщика КЕРАМОТЕКА.,Испания,METRO,"equipe metro, экипе метро, плитка equipe, керамическая плитка, скидки, купить, цены, испания
","Каталог коллекции Equipe Metro / Экипе Метро (Испания) от прямого поставщика КЕРАМОТЕКА. Низкие цены, скидки. Оптовые и розничные продажи. Материал в наличии.",Equipe Metro / Экипе Метро - Керамическая плитка - имитация кирпичной кладки для ванных комнат и жилых пространств (Испания). КЕРАМОТЕКА.,На складе,$$$,https://www.keramoteka.ru/upload/uf/478/keramoteka-equipe-metro.pdf,ХИТ,Керамическая плитка для стен,Blue,"7,5X15 СМ",21289,./temp_files/img/EQUIPE_METRO_Blue.jpg
EQUIPE,./temp_files/logo/EQUIPE.png,"equipe ceramicas, экипе керамикас, плитка equipe, плитка, напольная плитка equipe, поставщик, купить, цены, Caprice, Hexatile, Hexatile Cement, Octagon, Urban, Micro, Carrara, Caprice Deco, Kite, Hexawood, Country, Metro, InMetro Evolution, Brick, Harmony, Scale","Каталог классической керамической плитки и керамогранита EQUIPE CERAMICAS / ЭКИПЕ КЕРАМИКАС от прямого поставщика КЕРАМОТЕКА. Низкие цены, скидки. Оптовые и розничные продажи. Материал в наличии.",EQUIPE CERAMICAS / ЭКИПЕ КЕРАМИКАС Керамическая плитка и керамогранит (Испания) от прямого поставщика КЕРАМОТЕКА.,Испания,METRO,"equipe metro, экипе метро, плитка equipe, керамическая плитка, скидки, купить, цены, испания
","Каталог коллекции Equipe Metro / Экипе Метро (Испания) от прямого поставщика КЕРАМОТЕКА. Низкие цены, скидки. Оптовые и розничные продажи. Материал в наличии.",Equipe Metro / Экипе Метро - Керамическая плитка - имитация кирпичной кладки для ванных комнат и жилых пространств (Испания). КЕРАМОТЕКА.,На складе,$$$,https://www.keramoteka.ru/upload/uf/478/keramoteka-equipe-metro.pdf,ХИТ,Керамическая плитка для стен,Rosso,"7,5X15 СМ",14059,./temp_files/img/EQUIPE_METRO_Rosso.jpg
EQUIPE,./temp_files/logo/EQUIPE.png,"equipe ceramicas, экипе керамикас, плитка equipe, плитка, напольная плитка equipe, поставщик, купить, цены, Caprice, Hexatile, Hexatile Cement, Octagon, Urban, Micro, Carrara, Caprice Deco, Kite, Hexawood, Country, Metro, InMetro Evolution, Brick, Harmony, Scale","Каталог классической керамической плитки и керамогранита EQUIPE CERAMICAS / ЭКИПЕ КЕРАМИКАС от прямого поставщика КЕРАМОТЕКА. Низкие цены, скидки. Оптовые и розничные продажи. Материал в наличии.",EQUIPE CERAMICAS / ЭКИПЕ КЕРАМИКАС Керамическая плитка и керамогранит (Испания) от прямого поставщика КЕРАМОТЕКА.,Испания,METRO,"equipe metro, экипе метро, плитка equipe, керамическая плитка, скидки, купить, цены, испания
","Каталог коллекции Equipe Metro / Экипе Метро (Испания) от прямого поставщика КЕРАМОТЕКА. Низкие цены, скидки. Оптовые и розничные продажи. Материал в наличии.",Equipe Metro / Экипе Метро - Керамическая плитка - имитация кирпичной кладки для ванных комнат и жилых пространств (Испания). КЕРАМОТЕКА.,На складе,$$$,https://www.keramoteka.ru/upload/uf/478/keramoteka-equipe-metro.pdf,ХИТ,Керамическая плитка для стен,Silver,"7,5X15 СМ",14060,./temp_files/img/EQUIPE_METRO_Silver.jpg
EQUIPE,./temp_files/logo/EQUIPE.png,"equipe ceramicas, экипе керамикас, плитка equipe, плитка, напольная плитка equipe, поставщик, купить, цены, Caprice, Hexatile, Hexatile Cement, Octagon, Urban, Micro, Carrara, Caprice Deco, Kite, Hexawood, Country, Metro, InMetro Evolution, Brick, Harmony, Scale","Каталог классической керамической плитки и керамогранита EQUIPE CERAMICAS / ЭКИПЕ КЕРАМИКАС от прямого поставщика КЕРАМОТЕКА. Низкие цены, скидки. Оптовые и розничные продажи. Материал в наличии.",EQUIPE CERAMICAS / ЭКИПЕ КЕРАМИКАС Керамическая плитка и керамогранит (Испания) от прямого поставщика КЕРАМОТЕКА.,Испания,METRO,"equipe metro, экипе метро, плитка equipe, керамическая плитка, скидки, купить, цены, испания
","Каталог коллекции Equipe Metro / Экипе Метро (Испания) от прямого поставщика КЕРАМОТЕКА. Низкие цены, скидки. Оптовые и розничные продажи. Материал в наличии.",Equipe Metro / Экипе Метро - Керамическая плитка - имитация кирпичной кладки для ванных комнат и жилых пространств (Испания). КЕРАМОТЕКА.,На складе,$$$,https://www.keramoteka.ru/upload/uf/478/keramoteka-equipe-metro.pdf,ХИТ,Керамическая плитка для стен,Light Grey,"7,5X15 СМ",20759,./temp_files/img/EQUIPE_METRO_Light Grey.jpg
EQUIPE,./temp_files/logo/EQUIPE.png,"equipe ceramicas, экипе керамикас, плитка equipe, плитка, напольная плитка equipe, поставщик, купить, цены, Caprice, Hexatile, Hexatile Cement, Octagon, Urban, Micro, Carrara, Caprice Deco, Kite, Hexawood, Country, Metro, InMetro Evolution, Brick, Harmony, Scale","Каталог классической керамической плитки и керамогранита EQUIPE CERAMICAS / ЭКИПЕ КЕРАМИКАС от прямого поставщика КЕРАМОТЕКА. Низкие цены, скидки. Оптовые и розничные продажи. Материал в наличии.",EQUIPE CERAMICAS / ЭКИПЕ КЕРАМИКАС Керамическая плитка и керамогранит (Испания) от прямого поставщика КЕРАМОТЕКА.,Испания,METRO,"equipe metro, экипе метро, плитка equipe, керамическая плитка, скидки, купить, цены, испания
","Каталог коллекции Equipe Metro / Экипе Метро (Испания) от прямого поставщика КЕРАМОТЕКА. Низкие цены, скидки. Оптовые и розничные продажи. Материал в наличии.",Equipe Metro / Экипе Метро - Керамическая плитка - имитация кирпичной кладки для ванных комнат и жилых пространств (Испания). КЕРАМОТЕКА.,На складе,$$$,https://www.keramoteka.ru/upload/uf/478/keramoteka-equipe-metro.pdf,ХИТ,Керамическая плитка для стен,Dark Grey,"7,5X15 СМ",20903,./temp_files/img/EQUIPE_METRO_Dark Grey.jpg
EQUIPE,./temp_files/logo/EQUIPE.png,"equipe ceramicas, экипе керамикас, плитка equipe, плитка, напольная плитка equipe, поставщик, купить, цены, Caprice, Hexatile, Hexatile Cement, Octagon, Urban, Micro, Carrara, Caprice Deco, Kite, Hexawood, Country, Metro, InMetro Evolution, Brick, Harmony, Scale","Каталог классической керамической плитки и керамогранита EQUIPE CERAMICAS / ЭКИПЕ КЕРАМИКАС от прямого поставщика КЕРАМОТЕКА. Низкие цены, скидки. Оптовые и розничные продажи. Материал в наличии.",EQUIPE CERAMICAS / ЭКИПЕ КЕРАМИКАС Керамическая плитка и керамогранит (Испания) от прямого поставщика КЕРАМОТЕКА.,Испания,METRO,"equipe metro, экипе метро, плитка equipe, керамическая плитка, скидки, купить, цены, испания
","Каталог коллекции Equipe Metro / Экипе Метро (Испания) от прямого поставщика КЕРАМОТЕКА. Низкие цены, скидки. Оптовые и розничные продажи. Материал в наличии.",Equipe Metro / Экипе Метро - Керамическая плитка - имитация кирпичной кладки для ванных комнат и жилых пространств (Испания). КЕРАМОТЕКА.,На складе,$$$,https://www.keramoteka.ru/upload/uf/478/keramoteka-equipe-metro.pdf,ХИТ,Керамическая плитка для стен,White,"7,5X15 СМ",12738,./temp_files/img/EQUIPE_METRO_White.jpg
EQUIPE,./temp_files/logo/EQUIPE.png,"equipe ceramicas, экипе керамикас, плитка equipe, плитка, напольная плитка equipe, поставщик, купить, цены, Caprice, Hexatile, Hexatile Cement, Octagon, Urban, Micro, Carrara, Caprice Deco, Kite, Hexawood, Country, Metro, InMetro Evolution, Brick, Harmony, Scale","Каталог классической керамической плитки и керамогранита EQUIPE CERAMICAS / ЭКИПЕ КЕРАМИКАС от прямого поставщика КЕРАМОТЕКА. Низкие цены, скидки. Оптовые и розничные продажи. Материал в наличии.",EQUIPE CERAMICAS / ЭКИПЕ КЕРАМИКАС Керамическая плитка и керамогранит (Испания) от прямого поставщика КЕРАМОТЕКА.,Испания,METRO,"equipe metro, экипе метро, плитка equipe, керамическая плитка, скидки, купить, цены, испания
","Каталог коллекции Equipe Metro / Экипе Метро (Испания) от прямого поставщика КЕРАМОТЕКА. Низкие цены, скидки. Оптовые и розничные продажи. Материал в наличии.",Equipe Metro / Экипе Метро - Керамическая плитка - имитация кирпичной кладки для ванных комнат и жилых пространств (Испания). КЕРАМОТЕКА.,На складе,$$$,https://www.keramoteka.ru/upload/uf/478/keramoteka-equipe-metro.pdf,ХИТ,Керамическая плитка для стен,White Matt,"7,5X15 СМ",12739,./temp_files/img/EQUIPE_METRO_White Matt.jpg
EQUIPE,./temp_files/logo/EQUIPE.png,"equipe ceramicas, экипе керамикас, плитка equipe, плитка, напольная плитка equipe, поставщик, купить, цены, Caprice, Hexatile, Hexatile Cement, Octagon, Urban, Micro, Carrara, Caprice Deco, Kite, Hexawood, Country, Metro, InMetro Evolution, Brick, Harmony, Scale","Каталог классической керамической плитки и керамогранита EQUIPE CERAMICAS / ЭКИПЕ КЕРАМИКАС от прямого поставщика КЕРАМОТЕКА. Низкие цены, скидки. Оптовые и розничные продажи. Материал в наличии.",EQUIPE CERAMICAS / ЭКИПЕ КЕРАМИКАС Керамическая плитка и керамогранит (Испания) от прямого поставщика КЕРАМОТЕКА.,Испания,METRO,"equipe metro, экипе метро, плитка equipe, керамическая плитка, скидки, купить, цены, испания
","Каталог коллекции Equipe Metro / Экипе Метро (Испания) от прямого поставщика КЕРАМОТЕКА. Низкие цены, скидки. Оптовые и розничные продажи. Материал в наличии.",Equipe Metro / Экипе Метро - Керамическая плитка - имитация кирпичной кладки для ванных комнат и жилых пространств (Испания). КЕРАМОТЕКА.,На складе,$$$,https://www.keramoteka.ru/upload/uf/478/keramoteka-equipe-metro.pdf,ХИТ,Керамическая плитка для стен,Black,"7,5X15 СМ",12736,./temp_files/img/EQUIPE_METRO_Black.jpg
EQUIPE,./temp_files/logo/EQUIPE.png,"equipe ceramicas, экипе керамикас, плитка equipe, плитка, напольная плитка equipe, поставщик, купить, цены, Caprice, Hexatile, Hexatile Cement, Octagon, Urban, Micro, Carrara, Caprice Deco, Kite, Hexawood, Country, Metro, InMetro Evolution, Brick, Harmony, Scale","Каталог классической керамической плитки и керамогранита EQUIPE CERAMICAS / ЭКИПЕ КЕРАМИКАС от прямого поставщика КЕРАМОТЕКА. Низкие цены, скидки. Оптовые и розничные продажи. Материал в наличии.",EQUIPE CERAMICAS / ЭКИПЕ КЕРАМИКАС Керамическая плитка и керамогранит (Испания) от прямого поставщика КЕРАМОТЕКА.,Испания,METRO,"equipe metro, экипе метро, плитка equipe, керамическая плитка, скидки, купить, цены, испания
","Каталог коллекции Equipe Metro / Экипе Метро (Испания) от прямого поставщика КЕРАМОТЕКА. Низкие цены, скидки. Оптовые и розничные продажи. Материал в наличии.",Equipe Metro / Экипе Метро - Керамическая плитка - имитация кирпичной кладки для ванных комнат и жилых пространств (Испания). КЕРАМОТЕКА.,На складе,$$$,https://www.keramoteka.ru/upload/uf/478/keramoteka-equipe-metro.pdf,ХИТ,Керамическая плитка для стен,Black Matt,"7,5X15 СМ",14263,./temp_files/img/EQUIPE_METRO_Black Matt.jpg
EQUIPE,./temp_files/logo/EQUIPE.png,"equipe ceramicas, экипе керамикас, плитка equipe, плитка, напольная плитка equipe, поставщик, купить, цены, Caprice, Hexatile, Hexatile Cement, Octagon, Urban, Micro, Carrara, Caprice Deco, Kite, Hexawood, Country, Metro, InMetro Evolution, Brick, Harmony, Scale","Каталог классической керамической плитки и керамогранита EQUIPE CERAMICAS / ЭКИПЕ КЕРАМИКАС от прямого поставщика КЕРАМОТЕКА. Низкие цены, скидки. Оптовые и розничные продажи. Материал в наличии.",EQUIPE CERAMICAS / ЭКИПЕ КЕРАМИКАС Керамическая плитка и керамогранит (Испания) от прямого поставщика КЕРАМОТЕКА.,Испания,METRO,"equipe metro, экипе метро, плитка equipe, керамическая плитка, скидки, купить, цены, испания
","Каталог коллекции Equipe Metro / Экипе Метро (Испания) от прямого поставщика КЕРАМОТЕКА. Низкие цены, скидки. Оптовые и розничные продажи. Материал в наличии.",Equipe Metro / Экипе Метро - Керамическая плитка - имитация кирпичной кладки для ванных комнат и жилых пространств (Испания). КЕРАМОТЕКА.,На складе,$$$,https://www.keramoteka.ru/upload/uf/478/keramoteka-equipe-metro.pdf,ХИТ,Декоративные элементы,Metro Patchwork Colours (16 видов паттерна),"7,5X15 СМ",20922,./temp_files/img/EQUIPE_METRO_Metro Patchwork Colours (16 видов паттерна).jpg
EQUIPE,./temp_files/logo/EQUIPE.png,"equipe ceramicas, экипе керамикас, плитка equipe, плитка, напольная плитка equipe, поставщик, купить, цены, Caprice, Hexatile, Hexatile Cement, Octagon, Urban, Micro, Carrara, Caprice Deco, Kite, Hexawood, Country, Metro, InMetro Evolution, Brick, Harmony, Scale","Каталог классической керамической плитки и керамогранита EQUIPE CERAMICAS / ЭКИПЕ КЕРАМИКАС от прямого поставщика КЕРАМОТЕКА. Низкие цены, скидки. Оптовые и розничные продажи. Материал в наличии.",EQUIPE CERAMICAS / ЭКИПЕ КЕРАМИКАС Керамическая плитка и керамогранит (Испания) от прямого поставщика КЕРАМОТЕКА.,Испания,METRO,"equipe metro, экипе метро, плитка equipe, керамическая плитка, скидки, купить, цены, испания
","Каталог коллекции Equipe Metro / Экипе Метро (Испания) от прямого поставщика КЕРАМОТЕКА. Низкие цены, скидки. Оптовые и розничные продажи. Материал в наличии.",Equipe Metro / Экипе Метро - Керамическая плитка - имитация кирпичной кладки для ванных комнат и жилых пространств (Испания). КЕРАМОТЕКА.,На складе,$$$,https://www.keramoteka.ru/upload/uf/478/keramoteka-equipe-metro.pdf,ХИТ,Декоративные элементы,Metro Patchwork B&W (16 видов паттерна),"7,5X15 СМ",21396,./temp_files/img/EQUIPE_METRO_Metro Patchwork B&W (16 видов паттерна).jpg
EQUIPE,./temp_files/logo/EQUIPE.png,"equipe ceramicas, экипе керамикас, плитка equipe, плитка, напольная плитка equipe, поставщик, купить, цены, Caprice, Hexatile, Hexatile Cement, Octagon, Urban, Micro, Carrara, Caprice Deco, Kite, Hexawood, Country, Metro, InMetro Evolution, Brick, Harmony, Scale","Каталог классической керамической плитки и керамогранита EQUIPE CERAMICAS / ЭКИПЕ КЕРАМИКАС от прямого поставщика КЕРАМОТЕКА. Низкие цены, скидки. Оптовые и розничные продажи. Материал в наличии.",EQUIPE CERAMICAS / ЭКИПЕ КЕРАМИКАС Керамическая плитка и керамогранит (Испания) от прямого поставщика КЕРАМОТЕКА.,Испания,METRO,"equipe metro, экипе метро, плитка equipe, керамическая плитка, скидки, купить, цены, испания
","Каталог коллекции Equipe Metro / Экипе Метро (Испания) от прямого поставщика КЕРАМОТЕКА. Низкие цены, скидки. Оптовые и розничные продажи. Материал в наличии.",Equipe Metro / Экипе Метро - Керамическая плитка - имитация кирпичной кладки для ванных комнат и жилых пространств (Испания). КЕРАМОТЕКА.,На складе,$$$,https://www.keramoteka.ru/upload/uf/478/keramoteka-equipe-metro.pdf,ХИТ,Декоративные элементы,Paradise Cream (4 вида паттерна),"7,5X15 СМ",21281,./temp_files/img/EQUIPE_METRO_Paradise Cream (4 вида паттерна).jpg
EQUIPE,./temp_files/logo/EQUIPE.png,"equipe ceramicas, экипе керамикас, плитка equipe, плитка, напольная плитка equipe, поставщик, купить, цены, Caprice, Hexatile, Hexatile Cement, Octagon, Urban, Micro, Carrara, Caprice Deco, Kite, Hexawood, Country, Metro, InMetro Evolution, Brick, Harmony, Scale","Каталог классической керамической плитки и керамогранита EQUIPE CERAMICAS / ЭКИПЕ КЕРАМИКАС от прямого поставщика КЕРАМОТЕКА. Низкие цены, скидки. Оптовые и розничные продажи. Материал в наличии.",EQUIPE CERAMICAS / ЭКИПЕ КЕРАМИКАС Керамическая плитка и керамогранит (Испания) от прямого поставщика КЕРАМОТЕКА.,Испания,METRO,"equipe metro, экипе метро, плитка equipe, керамическая плитка, скидки, купить, цены, испания
","Каталог коллекции Equipe Metro / Экипе Метро (Испания) от прямого поставщика КЕРАМОТЕКА. Низкие цены, скидки. Оптовые и розничные продажи. Материал в наличии.",Equipe Metro / Экипе Метро - Керамическая плитка - имитация кирпичной кладки для ванных комнат и жилых пространств (Испания). КЕРАМОТЕКА.,На складе,$$$,https://www.keramoteka.ru/upload/uf/478/keramoteka-equipe-metro.pdf,ХИТ,Декоративные элементы,Paradise Olive (4 вида паттерна),"7,5X15 СМ",21282,./temp_files/img/EQUIPE_METRO_Paradise Olive (4 вида паттерна).jpg
EQUIPE,./temp_files/logo/EQUIPE.png,"equipe ceramicas, экипе керамикас, плитка equipe, плитка, напольная плитка equipe, поставщик, купить, цены, Caprice, Hexatile, Hexatile Cement, Octagon, Urban, Micro, Carrara, Caprice Deco, Kite, Hexawood, Country, Metro, InMetro Evolution, Brick, Harmony, Scale","Каталог классической керамической плитки и керамогранита EQUIPE CERAMICAS / ЭКИПЕ КЕРАМИКАС от прямого поставщика КЕРАМОТЕКА. Низкие цены, скидки. Оптовые и розничные продажи. Материал в наличии.",EQUIPE CERAMICAS / ЭКИПЕ КЕРАМИКАС Керамическая плитка и керамогранит (Испания) от прямого поставщика КЕРАМОТЕКА.,Испания,METRO,"equipe metro, экипе метро, плитка equipe, керамическая плитка, скидки, купить, цены, испания
","Каталог коллекции Equipe Metro / Экипе Метро (Испания) от прямого поставщика КЕРАМОТЕКА. Низкие цены, скидки. Оптовые и розничные продажи. Материал в наличии.",Equipe Metro / Экипе Метро - Керамическая плитка - имитация кирпичной кладки для ванных комнат и жилых пространств (Испания). КЕРАМОТЕКА.,На складе,$$$,https://www.keramoteka.ru/upload/uf/478/keramoteka-equipe-metro.pdf,ХИТ,Декоративные элементы,Paradise Jade (4 вида паттерна),"7,5X15 СМ",21283,./temp_files/img/EQUIPE_METRO_Paradise Jade (4 вида паттерна).jpg
EQUIPE,./temp_files/logo/EQUIPE.png,"equipe ceramicas, экипе керамикас, плитка equipe, плитка, напольная плитка equipe, поставщик, купить, цены, Caprice, Hexatile, Hexatile Cement, Octagon, Urban, Micro, Carrara, Caprice Deco, Kite, Hexawood, Country, Metro, InMetro Evolution, Brick, Harmony, Scale","Каталог классической керамической плитки и керамогранита EQUIPE CERAMICAS / ЭКИПЕ КЕРАМИКАС от прямого поставщика КЕРАМОТЕКА. Низкие цены, скидки. Оптовые и розничные продажи. Материал в наличии.",EQUIPE CERAMICAS / ЭКИПЕ КЕРАМИКАС Керамическая плитка и керамогранит (Испания) от прямого поставщика КЕРАМОТЕКА.,Испания,METRO,"equipe metro, экипе метро, плитка equipe, керамическая плитка, скидки, купить, цены, испания
","Каталог коллекции Equipe Metro / Экипе Метро (Испания) от прямого поставщика КЕРАМОТЕКА. Низкие цены, скидки. Оптовые и розничные продажи. Материал в наличии.",Equipe Metro / Экипе Метро - Керамическая плитка - имитация кирпичной кладки для ванных комнат и жилых пространств (Испания). КЕРАМОТЕКА.,На складе,$$$,https://www.keramoteka.ru/upload/uf/478/keramoteka-equipe-metro.pdf,ХИТ,Декоративные элементы,Paradise Blue (4 вида паттерна),"7,5X15 СМ",21284,./temp_files/img/EQUIPE_METRO_Paradise Blue (4 вида паттерна).jpg
EQUIPE,./temp_files/logo/EQUIPE.png,"equipe ceramicas, экипе керамикас, плитка equipe, плитка, напольная плитка equipe, поставщик, купить, цены, Caprice, Hexatile, Hexatile Cement, Octagon, Urban, Micro, Carrara, Caprice Deco, Kite, Hexawood, Country, Metro, InMetro Evolution, Brick, Harmony, Scale","Каталог классической керамической плитки и керамогранита EQUIPE CERAMICAS / ЭКИПЕ КЕРАМИКАС от прямого поставщика КЕРАМОТЕКА. Низкие цены, скидки. Оптовые и розничные продажи. Материал в наличии.",EQUIPE CERAMICAS / ЭКИПЕ КЕРАМИКАС Керамическая плитка и керамогранит (Испания) от прямого поставщика КЕРАМОТЕКА.,Испания,METRO,"equipe metro, экипе метро, плитка equipe, керамическая плитка, скидки, купить, цены, испания
","Каталог коллекции Equipe Metro / Экипе Метро (Испания) от прямого поставщика КЕРАМОТЕКА. Низкие цены, скидки. Оптовые и розничные продажи. Материал в наличии.",Equipe Metro / Экипе Метро - Керамическая плитка - имитация кирпичной кладки для ванных комнат и жилых пространств (Испания). КЕРАМОТЕКА.,На складе,$$$,https://www.keramoteka.ru/upload/uf/478/keramoteka-equipe-metro.pdf,ХИТ,Декоративные элементы,Paradise Rosso (4 вида паттерна),"7,5X15 СМ",21280,./temp_files/img/EQUIPE_METRO_Paradise Rosso (4 вида паттерна).jpg
EQUIPE,./temp_files/logo/EQUIPE.png,"equipe ceramicas, экипе керамикас, плитка equipe, плитка, напольная плитка equipe, поставщик, купить, цены, Caprice, Hexatile, Hexatile Cement, Octagon, Urban, Micro, Carrara, Caprice Deco, Kite, Hexawood, Country, Metro, InMetro Evolution, Brick, Harmony, Scale","Каталог классической керамической плитки и керамогранита EQUIPE CERAMICAS / ЭКИПЕ КЕРАМИКАС от прямого поставщика КЕРАМОТЕКА. Низкие цены, скидки. Оптовые и розничные продажи. Материал в наличии.",EQUIPE CERAMICAS / ЭКИПЕ КЕРАМИКАС Керамическая плитка и керамогранит (Испания) от прямого поставщика КЕРАМОТЕКА.,Испания,METRO,"equipe metro, экипе метро, плитка equipe, керамическая плитка, скидки, купить, цены, испания
","Каталог коллекции Equipe Metro / Экипе Метро (Испания) от прямого поставщика КЕРАМОТЕКА. Низкие цены, скидки. Оптовые и розничные продажи. Материал в наличии.",Equipe Metro / Экипе Метро - Керамическая плитка - имитация кирпичной кладки для ванных комнат и жилых пространств (Испания). КЕРАМОТЕКА.,На складе,$$$,https://www.keramoteka.ru/upload/uf/478/keramoteka-equipe-metro.pdf,ХИТ,Декоративные элементы,Paradise Silver (4 вида паттерна),"7,5X15 СМ",21285,./temp_files/img/EQUIPE_METRO_Paradise Silver (4 вида паттерна).jpg
EQUIPE,./temp_files/logo/EQUIPE.png,"equipe ceramicas, экипе керамикас, плитка equipe, плитка, напольная плитка equipe, поставщик, купить, цены, Caprice, Hexatile, Hexatile Cement, Octagon, Urban, Micro, Carrara, Caprice Deco, Kite, Hexawood, Country, Metro, InMetro Evolution, Brick, Harmony, Scale","Каталог классической керамической плитки и керамогранита EQUIPE CERAMICAS / ЭКИПЕ КЕРАМИКАС от прямого поставщика КЕРАМОТЕКА. Низкие цены, скидки. Оптовые и розничные продажи. Материал в наличии.",EQUIPE CERAMICAS / ЭКИПЕ КЕРАМИКАС Керамическая плитка и керамогранит (Испания) от прямого поставщика КЕРАМОТЕКА.,Испания,METRO,"equipe metro, экипе метро, плитка equipe, керамическая плитка, скидки, купить, цены, испания
","Каталог коллекции Equipe Metro / Экипе Метро (Испания) от прямого поставщика КЕРАМОТЕКА. Низкие цены, скидки. Оптовые и розничные продажи. Материал в наличии.",Equipe Metro / Экипе Метро - Керамическая плитка - имитация кирпичной кладки для ванных комнат и жилых пространств (Испания). КЕРАМОТЕКА.,На складе,$$$,https://www.keramoteka.ru/upload/uf/478/keramoteka-equipe-metro.pdf,ХИТ,Декоративные элементы,Paradise Light Grey (4 вида паттерна),"7,5X15 СМ",21276,./temp_files/img/EQUIPE_METRO_Paradise Light Grey (4 вида паттерна).jpg
EQUIPE,./temp_files/logo/EQUIPE.png,"equipe ceramicas, экипе керамикас, плитка equipe, плитка, напольная плитка equipe, поставщик, купить, цены, Caprice, Hexatile, Hexatile Cement, Octagon, Urban, Micro, Carrara, Caprice Deco, Kite, Hexawood, Country, Metro, InMetro Evolution, Brick, Harmony, Scale","Каталог классической керамической плитки и керамогранита EQUIPE CERAMICAS / ЭКИПЕ КЕРАМИКАС от прямого поставщика КЕРАМОТЕКА. Низкие цены, скидки. Оптовые и розничные продажи. Материал в наличии.",EQUIPE CERAMICAS / ЭКИПЕ КЕРАМИКАС Керамическая плитка и керамогранит (Испания) от прямого поставщика КЕРАМОТЕКА.,Испания,METRO,"equipe metro, экипе метро, плитка equipe, керамическая плитка, скидки, купить, цены, испания
","Каталог коллекции Equipe Metro / Экипе Метро (Испания) от прямого поставщика КЕРАМОТЕКА. Низкие цены, скидки. Оптовые и розничные продажи. Материал в наличии.",Equipe Metro / Экипе Метро - Керамическая плитка - имитация кирпичной кладки для ванных комнат и жилых пространств (Испания). КЕРАМОТЕКА.,На складе,$$$,https://www.keramoteka.ru/upload/uf/478/keramoteka-equipe-metro.pdf,ХИТ,Декоративные элементы,Paradise Dark Grey (4 вида паттерна),"7,5X15 СМ",21277,./temp_files/img/EQUIPE_METRO_Paradise Dark Grey (4 вида паттерна).jpg
EQUIPE,./temp_files/logo/EQUIPE.png,"equipe ceramicas, экипе керамикас, плитка equipe, плитка, напольная плитка equipe, поставщик, купить, цены, Caprice, Hexatile, Hexatile Cement, Octagon, Urban, Micro, Carrara, Caprice Deco, Kite, Hexawood, Country, Metro, InMetro Evolution, Brick, Harmony, Scale","Каталог классической керамической плитки и керамогранита EQUIPE CERAMICAS / ЭКИПЕ КЕРАМИКАС от прямого поставщика КЕРАМОТЕКА. Низкие цены, скидки. Оптовые и розничные продажи. Материал в наличии.",EQUIPE CERAMICAS / ЭКИПЕ КЕРАМИКАС Керамическая плитка и керамогранит (Испания) от прямого поставщика КЕРАМОТЕКА.,Испания,METRO,"equipe metro, экипе метро, плитка equipe, керамическая плитка, скидки, купить, цены, испания
","Каталог коллекции Equipe Metro / Экипе Метро (Испания) от прямого поставщика КЕРАМОТЕКА. Низкие цены, скидки. Оптовые и розничные продажи. Материал в наличии.",Equipe Metro / Экипе Метро - Керамическая плитка - имитация кирпичной кладки для ванных комнат и жилых пространств (Испания). КЕРАМОТЕКА.,На складе,$$$,https://www.keramoteka.ru/upload/uf/478/keramoteka-equipe-metro.pdf,ХИТ,Декоративные элементы,Paradise White Matt (4 вида паттерна),"7,5X15 СМ",21274,./temp_files/img/EQUIPE_METRO_Paradise White Matt (4 вида паттерна).jpg
EQUIPE,./temp_files/logo/EQUIPE.png,"equipe ceramicas, экипе керамикас, плитка equipe, плитка, напольная плитка equipe, поставщик, купить, цены, Caprice, Hexatile, Hexatile Cement, Octagon, Urban, Micro, Carrara, Caprice Deco, Kite, Hexawood, Country, Metro, InMetro Evolution, Brick, Harmony, Scale","Каталог классической керамической плитки и керамогранита EQUIPE CERAMICAS / ЭКИПЕ КЕРАМИКАС от прямого поставщика КЕРАМОТЕКА. Низкие цены, скидки. Оптовые и розничные продажи. Материал в наличии.",EQUIPE CERAMICAS / ЭКИПЕ КЕРАМИКАС Керамическая плитка и керамогранит (Испания) от прямого поставщика КЕРАМОТЕКА.,Испания,METRO,"equipe metro, экипе метро, плитка equipe, керамическая плитка, скидки, купить, цены, испания
","Каталог коллекции Equipe Metro / Экипе Метро (Испания) от прямого поставщика КЕРАМОТЕКА. Низкие цены, скидки. Оптовые и розничные продажи. Материал в наличии.",Equipe Metro / Экипе Метро - Керамическая плитка - имитация кирпичной кладки для ванных комнат и жилых пространств (Испания). КЕРАМОТЕКА.,На складе,$$$,https://www.keramoteka.ru/upload/uf/478/keramoteka-equipe-metro.pdf,ХИТ,Декоративные элементы,Paradise Black (4 вида паттерна),"7,5X15 СМ",21279,./temp_files/img/EQUIPE_METRO_Paradise Black (4 вида паттерна).jpg
EQUIPE,./temp_files/logo/EQUIPE.png,"equipe ceramicas, экипе керамикас, плитка equipe, плитка, напольная плитка equipe, поставщик, купить, цены, Caprice, Hexatile, Hexatile Cement, Octagon, Urban, Micro, Carrara, Caprice Deco, Kite, Hexawood, Country, Metro, InMetro Evolution, Brick, Harmony, Scale","Каталог классической керамической плитки и керамогранита EQUIPE CERAMICAS / ЭКИПЕ КЕРАМИКАС от прямого поставщика КЕРАМОТЕКА. Низкие цены, скидки. Оптовые и розничные продажи. Материал в наличии.",EQUIPE CERAMICAS / ЭКИПЕ КЕРАМИКАС Керамическая плитка и керамогранит (Испания) от прямого поставщика КЕРАМОТЕКА.,Испания,METRO,"equipe metro, экипе метро, плитка equipe, керамическая плитка, скидки, купить, цены, испания
","Каталог коллекции Equipe Metro / Экипе Метро (Испания) от прямого поставщика КЕРАМОТЕКА. Низкие цены, скидки. Оптовые и розничные продажи. Материал в наличии.",Equipe Metro / Экипе Метро - Керамическая плитка - имитация кирпичной кладки для ванных комнат и жилых пространств (Испания). КЕРАМОТЕКА.,На складе,$$$,https://www.keramoteka.ru/upload/uf/478/keramoteka-equipe-metro.pdf,ХИТ,Декоративные элементы,Paradise Black Matt (4 вида паттерна),"7,5X15 СМ",21278,./temp_files/img/EQUIPE_METRO_Paradise Black Matt (4 вида паттерна).jpg
