EQUIPE,./temp_files/logo/EQUIPE.png,"equipe ceramicas, экипе керамикас, плитка equipe, плитка, напольная плитка equipe, поставщик, купить, цены, Caprice, Hexatile, Hexatile Cement, Octagon, Urban, Micro, Carrara, Caprice Deco, Kite, Hexawood, Country, Metro, InMetro Evolution, Brick, Harmony, Scale","Каталог классической керамической плитки и керамогранита EQUIPE CERAMICAS / ЭКИПЕ КЕРАМИКАС от прямого поставщика КЕРАМОТЕКА. Низкие цены, скидки. Оптовые и розничные продажи. Материал в наличии.",EQUIPE CERAMICAS / ЭКИПЕ КЕРАМИКАС Керамическая плитка и керамогранит (Испания) от прямого поставщика КЕРАМОТЕКА.,Испания,HEXATILE CEMENT,"equipe hexatile cement, экипе гексатайл цемент, плитка экипе, керамогранит, напольная плитка, плитка, скидки, купить, цены, испания","Каталог коллекции керамогранита Equipe Hexatile Cement / Экипе Гексатайл Цемент (Испания) от компании КЕРАМОТЕКА. Низкие цены, скидки. Оптовые и розничные продажи. Материал в наличии.","Equipe Hexatile Cement / Экипе Гексатайл Цемент - Керамический гранит ""под бетон"" для жилых интерьеров и общественных пространств (Испания). КЕРАМОТЕКА.",На складе,$$$,https://www.keramoteka.ru/upload/uf/c2c/keramoteka-equipe-hexatile.pdf,Статус NHS - ОТСУТСВУЕТ,Напольная плитка / Керамогранит,Sand,"17,5X20 СМ",22095,./temp_files/img/EQUIPE_HEXATILE CEMENT_Sand.jpg
EQUIPE,./temp_files/logo/EQUIPE.png,"equipe ceramicas, экипе керамикас, плитка equipe, плитка, напольная плитка equipe, поставщик, купить, цены, Caprice, Hexatile, Hexatile Cement, Octagon, Urban, Micro, Carrara, Caprice Deco, Kite, Hexawood, Country, Metro, InMetro Evolution, Brick, Harmony, Scale","Каталог классической керамической плитки и керамогранита EQUIPE CERAMICAS / ЭКИПЕ КЕРАМИКАС от прямого поставщика КЕРАМОТЕКА. Низкие цены, скидки. Оптовые и розничные продажи. Материал в наличии.",EQUIPE CERAMICAS / ЭКИПЕ КЕРАМИКАС Керамическая плитка и керамогранит (Испания) от прямого поставщика КЕРАМОТЕКА.,Испания,HEXATILE CEMENT,"equipe hexatile cement, экипе гексатайл цемент, плитка экипе, керамогранит, напольная плитка, плитка, скидки, купить, цены, испания","Каталог коллекции керамогранита Equipe Hexatile Cement / Экипе Гексатайл Цемент (Испания) от компании КЕРАМОТЕКА. Низкие цены, скидки. Оптовые и розничные продажи. Материал в наличии.","Equipe Hexatile Cement / Экипе Гексатайл Цемент - Керамический гранит ""под бетон"" для жилых интерьеров и общественных пространств (Испания). КЕРАМОТЕКА.",На складе,$$$,https://www.keramoteka.ru/upload/uf/c2c/keramoteka-equipe-hexatile.pdf,Статус NHS - ОТСУТСВУЕТ,Напольная плитка / Керамогранит,Mink,"17,5X20 СМ",22096,./temp_files/img/EQUIPE_HEXATILE CEMENT_Mink.jpg
EQUIPE,./temp_files/logo/EQUIPE.png,"equipe ceramicas, экипе керамикас, плитка equipe, плитка, напольная плитка equipe, поставщик, купить, цены, Caprice, Hexatile, Hexatile Cement, Octagon, Urban, Micro, Carrara, Caprice Deco, Kite, Hexawood, Country, Metro, InMetro Evolution, Brick, Harmony, Scale","Каталог классической керамической плитки и керамогранита EQUIPE CERAMICAS / ЭКИПЕ КЕРАМИКАС от прямого поставщика КЕРАМОТЕКА. Низкие цены, скидки. Оптовые и розничные продажи. Материал в наличии.",EQUIPE CERAMICAS / ЭКИПЕ КЕРАМИКАС Керамическая плитка и керамогранит (Испания) от прямого поставщика КЕРАМОТЕКА.,Испания,HEXATILE CEMENT,"equipe hexatile cement, экипе гексатайл цемент, плитка экипе, керамогранит, напольная плитка, плитка, скидки, купить, цены, испания","Каталог коллекции керамогранита Equipe Hexatile Cement / Экипе Гексатайл Цемент (Испания) от компании КЕРАМОТЕКА. Низкие цены, скидки. Оптовые и розничные продажи. Материал в наличии.","Equipe Hexatile Cement / Экипе Гексатайл Цемент - Керамический гранит ""под бетон"" для жилых интерьеров и общественных пространств (Испания). КЕРАМОТЕКА.",На складе,$$$,https://www.keramoteka.ru/upload/uf/c2c/keramoteka-equipe-hexatile.pdf,Статус NHS - ОТСУТСВУЕТ,Напольная плитка / Керамогранит,Mud,"17,5X20 СМ",22097,./temp_files/img/EQUIPE_HEXATILE CEMENT_Mud.jpg
EQUIPE,./temp_files/logo/EQUIPE.png,"equipe ceramicas, экипе керамикас, плитка equipe, плитка, напольная плитка equipe, поставщик, купить, цены, Caprice, Hexatile, Hexatile Cement, Octagon, Urban, Micro, Carrara, Caprice Deco, Kite, Hexawood, Country, Metro, InMetro Evolution, Brick, Harmony, Scale","Каталог классической керамической плитки и керамогранита EQUIPE CERAMICAS / ЭКИПЕ КЕРАМИКАС от прямого поставщика КЕРАМОТЕКА. Низкие цены, скидки. Оптовые и розничные продажи. Материал в наличии.",EQUIPE CERAMICAS / ЭКИПЕ КЕРАМИКАС Керамическая плитка и керамогранит (Испания) от прямого поставщика КЕРАМОТЕКА.,Испания,HEXATILE CEMENT,"equipe hexatile cement, экипе гексатайл цемент, плитка экипе, керамогранит, напольная плитка, плитка, скидки, купить, цены, испания","Каталог коллекции керамогранита Equipe Hexatile Cement / Экипе Гексатайл Цемент (Испания) от компании КЕРАМОТЕКА. Низкие цены, скидки. Оптовые и розничные продажи. Материал в наличии.","Equipe Hexatile Cement / Экипе Гексатайл Цемент - Керамический гранит ""под бетон"" для жилых интерьеров и общественных пространств (Испания). КЕРАМОТЕКА.",На складе,$$$,https://www.keramoteka.ru/upload/uf/c2c/keramoteka-equipe-hexatile.pdf,Статус NHS - ОТСУТСВУЕТ,Напольная плитка / Керамогранит,White,"17,5X20 СМ",22092,./temp_files/img/EQUIPE_HEXATILE CEMENT_White.jpg
EQUIPE,./temp_files/logo/EQUIPE.png,"equipe ceramicas, экипе керамикас, плитка equipe, плитка, напольная плитка equipe, поставщик, купить, цены, Caprice, Hexatile, Hexatile Cement, Octagon, Urban, Micro, Carrara, Caprice Deco, Kite, Hexawood, Country, Metro, InMetro Evolution, Brick, Harmony, Scale","Каталог классической керамической плитки и керамогранита EQUIPE CERAMICAS / ЭКИПЕ КЕРАМИКАС от прямого поставщика КЕРАМОТЕКА. Низкие цены, скидки. Оптовые и розничные продажи. Материал в наличии.",EQUIPE CERAMICAS / ЭКИПЕ КЕРАМИКАС Керамическая плитка и керамогранит (Испания) от прямого поставщика КЕРАМОТЕКА.,Испания,HEXATILE CEMENT,"equipe hexatile cement, экипе гексатайл цемент, плитка экипе, керамогранит, напольная плитка, плитка, скидки, купить, цены, испания","Каталог коллекции керамогранита Equipe Hexatile Cement / Экипе Гексатайл Цемент (Испания) от компании КЕРАМОТЕКА. Низкие цены, скидки. Оптовые и розничные продажи. Материал в наличии.","Equipe Hexatile Cement / Экипе Гексатайл Цемент - Керамический гранит ""под бетон"" для жилых интерьеров и общественных пространств (Испания). КЕРАМОТЕКА.",На складе,$$$,https://www.keramoteka.ru/upload/uf/c2c/keramoteka-equipe-hexatile.pdf,Статус NHS - ОТСУТСВУЕТ,Напольная плитка / Керамогранит,Grey,"17,5X20 СМ",22093,./temp_files/img/EQUIPE_HEXATILE CEMENT_Grey.jpg
EQUIPE,./temp_files/logo/EQUIPE.png,"equipe ceramicas, экипе керамикас, плитка equipe, плитка, напольная плитка equipe, поставщик, купить, цены, Caprice, Hexatile, Hexatile Cement, Octagon, Urban, Micro, Carrara, Caprice Deco, Kite, Hexawood, Country, Metro, InMetro Evolution, Brick, Harmony, Scale","Каталог классической керамической плитки и керамогранита EQUIPE CERAMICAS / ЭКИПЕ КЕРАМИКАС от прямого поставщика КЕРАМОТЕКА. Низкие цены, скидки. Оптовые и розничные продажи. Материал в наличии.",EQUIPE CERAMICAS / ЭКИПЕ КЕРАМИКАС Керамическая плитка и керамогранит (Испания) от прямого поставщика КЕРАМОТЕКА.,Испания,HEXATILE CEMENT,"equipe hexatile cement, экипе гексатайл цемент, плитка экипе, керамогранит, напольная плитка, плитка, скидки, купить, цены, испания","Каталог коллекции керамогранита Equipe Hexatile Cement / Экипе Гексатайл Цемент (Испания) от компании КЕРАМОТЕКА. Низкие цены, скидки. Оптовые и розничные продажи. Материал в наличии.","Equipe Hexatile Cement / Экипе Гексатайл Цемент - Керамический гранит ""под бетон"" для жилых интерьеров и общественных пространств (Испания). КЕРАМОТЕКА.",На складе,$$$,https://www.keramoteka.ru/upload/uf/c2c/keramoteka-equipe-hexatile.pdf,Статус NHS - ОТСУТСВУЕТ,Напольная плитка / Керамогранит,Black,"17,5X20 СМ",22094,./temp_files/img/EQUIPE_HEXATILE CEMENT_Black.jpg
EQUIPE,./temp_files/logo/EQUIPE.png,"equipe ceramicas, экипе керамикас, плитка equipe, плитка, напольная плитка equipe, поставщик, купить, цены, Caprice, Hexatile, Hexatile Cement, Octagon, Urban, Micro, Carrara, Caprice Deco, Kite, Hexawood, Country, Metro, InMetro Evolution, Brick, Harmony, Scale","Каталог классической керамической плитки и керамогранита EQUIPE CERAMICAS / ЭКИПЕ КЕРАМИКАС от прямого поставщика КЕРАМОТЕКА. Низкие цены, скидки. Оптовые и розничные продажи. Материал в наличии.",EQUIPE CERAMICAS / ЭКИПЕ КЕРАМИКАС Керамическая плитка и керамогранит (Испания) от прямого поставщика КЕРАМОТЕКА.,Испания,HEXATILE CEMENT,"equipe hexatile cement, экипе гексатайл цемент, плитка экипе, керамогранит, напольная плитка, плитка, скидки, купить, цены, испания","Каталог коллекции керамогранита Equipe Hexatile Cement / Экипе Гексатайл Цемент (Испания) от компании КЕРАМОТЕКА. Низкие цены, скидки. Оптовые и розничные продажи. Материал в наличии.","Equipe Hexatile Cement / Экипе Гексатайл Цемент - Керамический гранит ""под бетон"" для жилых интерьеров и общественных пространств (Испания). КЕРАМОТЕКА.",На складе,$$$,https://www.keramoteka.ru/upload/uf/c2c/keramoteka-equipe-hexatile.pdf,Статус NHS - ОТСУТСВУЕТ,Декоративные элементы /Керамогранит/,Cement Garden Sand (17 видов паттерна),"17,5X20 СМ",22098,./temp_files/img/EQUIPE_HEXATILE CEMENT_Cement Garden Sand (17 видов паттерна).jpg
EQUIPE,./temp_files/logo/EQUIPE.png,"equipe ceramicas, экипе керамикас, плитка equipe, плитка, напольная плитка equipe, поставщик, купить, цены, Caprice, Hexatile, Hexatile Cement, Octagon, Urban, Micro, Carrara, Caprice Deco, Kite, Hexawood, Country, Metro, InMetro Evolution, Brick, Harmony, Scale","Каталог классической керамической плитки и керамогранита EQUIPE CERAMICAS / ЭКИПЕ КЕРАМИКАС от прямого поставщика КЕРАМОТЕКА. Низкие цены, скидки. Оптовые и розничные продажи. Материал в наличии.",EQUIPE CERAMICAS / ЭКИПЕ КЕРАМИКАС Керамическая плитка и керамогранит (Испания) от прямого поставщика КЕРАМОТЕКА.,Испания,HEXATILE CEMENT,"equipe hexatile cement, экипе гексатайл цемент, плитка экипе, керамогранит, напольная плитка, плитка, скидки, купить, цены, испания","Каталог коллекции керамогранита Equipe Hexatile Cement / Экипе Гексатайл Цемент (Испания) от компании КЕРАМОТЕКА. Низкие цены, скидки. Оптовые и розничные продажи. Материал в наличии.","Equipe Hexatile Cement / Экипе Гексатайл Цемент - Керамический гранит ""под бетон"" для жилых интерьеров и общественных пространств (Испания). КЕРАМОТЕКА.",На складе,$$$,https://www.keramoteka.ru/upload/uf/c2c/keramoteka-equipe-hexatile.pdf,Статус NHS - ОТСУТСВУЕТ,Декоративные элементы /Керамогранит/,Cement GEO Sand (17 видов паттерна),"17,5X20 СМ",22100,./temp_files/img/EQUIPE_HEXATILE CEMENT_Cement GEO Sand (17 видов паттерна).jpg
EQUIPE,./temp_files/logo/EQUIPE.png,"equipe ceramicas, экипе керамикас, плитка equipe, плитка, напольная плитка equipe, поставщик, купить, цены, Caprice, Hexatile, Hexatile Cement, Octagon, Urban, Micro, Carrara, Caprice Deco, Kite, Hexawood, Country, Metro, InMetro Evolution, Brick, Harmony, Scale","Каталог классической керамической плитки и керамогранита EQUIPE CERAMICAS / ЭКИПЕ КЕРАМИКАС от прямого поставщика КЕРАМОТЕКА. Низкие цены, скидки. Оптовые и розничные продажи. Материал в наличии.",EQUIPE CERAMICAS / ЭКИПЕ КЕРАМИКАС Керамическая плитка и керамогранит (Испания) от прямого поставщика КЕРАМОТЕКА.,Испания,HEXATILE CEMENT,"equipe hexatile cement, экипе гексатайл цемент, плитка экипе, керамогранит, напольная плитка, плитка, скидки, купить, цены, испания","Каталог коллекции керамогранита Equipe Hexatile Cement / Экипе Гексатайл Цемент (Испания) от компании КЕРАМОТЕКА. Низкие цены, скидки. Оптовые и розничные продажи. Материал в наличии.","Equipe Hexatile Cement / Экипе Гексатайл Цемент - Керамический гранит ""под бетон"" для жилых интерьеров и общественных пространств (Испания). КЕРАМОТЕКА.",На складе,$$$,https://www.keramoteka.ru/upload/uf/c2c/keramoteka-equipe-hexatile.pdf,Статус NHS - ОТСУТСВУЕТ,Декоративные элементы /Керамогранит/,Cement Garden Grey (17 видов паттерна),"17,5X20 СМ",22099,./temp_files/img/EQUIPE_HEXATILE CEMENT_Cement Garden Grey (17 видов паттерна).jpg
EQUIPE,./temp_files/logo/EQUIPE.png,"equipe ceramicas, экипе керамикас, плитка equipe, плитка, напольная плитка equipe, поставщик, купить, цены, Caprice, Hexatile, Hexatile Cement, Octagon, Urban, Micro, Carrara, Caprice Deco, Kite, Hexawood, Country, Metro, InMetro Evolution, Brick, Harmony, Scale","Каталог классической керамической плитки и керамогранита EQUIPE CERAMICAS / ЭКИПЕ КЕРАМИКАС от прямого поставщика КЕРАМОТЕКА. Низкие цены, скидки. Оптовые и розничные продажи. Материал в наличии.",EQUIPE CERAMICAS / ЭКИПЕ КЕРАМИКАС Керамическая плитка и керамогранит (Испания) от прямого поставщика КЕРАМОТЕКА.,Испания,HEXATILE CEMENT,"equipe hexatile cement, экипе гексатайл цемент, плитка экипе, керамогранит, напольная плитка, плитка, скидки, купить, цены, испания","Каталог коллекции керамогранита Equipe Hexatile Cement / Экипе Гексатайл Цемент (Испания) от компании КЕРАМОТЕКА. Низкие цены, скидки. Оптовые и розничные продажи. Материал в наличии.","Equipe Hexatile Cement / Экипе Гексатайл Цемент - Керамический гранит ""под бетон"" для жилых интерьеров и общественных пространств (Испания). КЕРАМОТЕКА.",На складе,$$$,https://www.keramoteka.ru/upload/uf/c2c/keramoteka-equipe-hexatile.pdf,Статус NHS - ОТСУТСВУЕТ,Декоративные элементы /Керамогранит/,Cement GEO Grey (17 видов паттерна),"17,5X20 СМ",22101,./temp_files/img/EQUIPE_HEXATILE CEMENT_Cement GEO Grey (17 видов паттерна).jpg
