EQUIPE,./temp_files/logo/EQUIPE.png,"equipe ceramicas, экипе керамикас, плитка equipe, плитка, напольная плитка equipe, поставщик, купить, цены, Caprice, Hexatile, Hexatile Cement, Octagon, Urban, Micro, Carrara, Caprice Deco, Kite, Hexawood, Country, Metro, InMetro Evolution, Brick, Harmony, Scale","Каталог классической керамической плитки и керамогранита EQUIPE CERAMICAS / ЭКИПЕ КЕРАМИКАС от прямого поставщика КЕРАМОТЕКА. Низкие цены, скидки. Оптовые и розничные продажи. Материал в наличии.",EQUIPE CERAMICAS / ЭКИПЕ КЕРАМИКАС Керамическая плитка и керамогранит (Испания) от прямого поставщика КЕРАМОТЕКА.,,BRICK,"equipe brick, экипе брик, под кирпич, плитка, напольная плитка, скидки, купить, цены, испания","Каталог коллекции керамогранита Equipe Brick / Экипе Брик (Испания) от компании КЕРАМОТЕКА. Низкие цены, скидки. Оптовые и розничные продажи. Материал в наличии.","Equipe Brick / Экипе Брик - Керамический гранит ""под кирпич"" для жилых интерьеров и общественных пространств (Испания). КЕРАМОТЕКА.
",На складе,,Каталог отсутсвует !!!,Статус NHS - ОТСУТСВУЕТ,Керамогранит,White,10X20 СМ,23012,./temp_files/img/EQUIPE_BRICK_White.jpg
EQUIPE,./temp_files/logo/EQUIPE.png,"equipe ceramicas, экипе керамикас, плитка equipe, плитка, напольная плитка equipe, поставщик, купить, цены, Caprice, Hexatile, Hexatile Cement, Octagon, Urban, Micro, Carrara, Caprice Deco, Kite, Hexawood, Country, Metro, InMetro Evolution, Brick, Harmony, Scale","Каталог классической керамической плитки и керамогранита EQUIPE CERAMICAS / ЭКИПЕ КЕРАМИКАС от прямого поставщика КЕРАМОТЕКА. Низкие цены, скидки. Оптовые и розничные продажи. Материал в наличии.",EQUIPE CERAMICAS / ЭКИПЕ КЕРАМИКАС Керамическая плитка и керамогранит (Испания) от прямого поставщика КЕРАМОТЕКА.,,BRICK,"equipe brick, экипе брик, под кирпич, плитка, напольная плитка, скидки, купить, цены, испания","Каталог коллекции керамогранита Equipe Brick / Экипе Брик (Испания) от компании КЕРАМОТЕКА. Низкие цены, скидки. Оптовые и розничные продажи. Материал в наличии.","Equipe Brick / Экипе Брик - Керамический гранит ""под кирпич"" для жилых интерьеров и общественных пространств (Испания). КЕРАМОТЕКА.
",На складе,,Каталог отсутсвует !!!,Статус NHS - ОТСУТСВУЕТ,Керамогранит,Graphite,10X20 СМ,23014,./temp_files/img/EQUIPE_BRICK_Graphite.jpg
EQUIPE,./temp_files/logo/EQUIPE.png,"equipe ceramicas, экипе керамикас, плитка equipe, плитка, напольная плитка equipe, поставщик, купить, цены, Caprice, Hexatile, Hexatile Cement, Octagon, Urban, Micro, Carrara, Caprice Deco, Kite, Hexawood, Country, Metro, InMetro Evolution, Brick, Harmony, Scale","Каталог классической керамической плитки и керамогранита EQUIPE CERAMICAS / ЭКИПЕ КЕРАМИКАС от прямого поставщика КЕРАМОТЕКА. Низкие цены, скидки. Оптовые и розничные продажи. Материал в наличии.",EQUIPE CERAMICAS / ЭКИПЕ КЕРАМИКАС Керамическая плитка и керамогранит (Испания) от прямого поставщика КЕРАМОТЕКА.,,BRICK,"equipe brick, экипе брик, под кирпич, плитка, напольная плитка, скидки, купить, цены, испания","Каталог коллекции керамогранита Equipe Brick / Экипе Брик (Испания) от компании КЕРАМОТЕКА. Низкие цены, скидки. Оптовые и розничные продажи. Материал в наличии.","Equipe Brick / Экипе Брик - Керамический гранит ""под кирпич"" для жилых интерьеров и общественных пространств (Испания). КЕРАМОТЕКА.
",На складе,,Каталог отсутсвует !!!,Статус NHS - ОТСУТСВУЕТ,Керамогранит,City,10X20 СМ,23011,./temp_files/img/EQUIPE_BRICK_City.jpg
EQUIPE,./temp_files/logo/EQUIPE.png,"equipe ceramicas, экипе керамикас, плитка equipe, плитка, напольная плитка equipe, поставщик, купить, цены, Caprice, Hexatile, Hexatile Cement, Octagon, Urban, Micro, Carrara, Caprice Deco, Kite, Hexawood, Country, Metro, InMetro Evolution, Brick, Harmony, Scale","Каталог классической керамической плитки и керамогранита EQUIPE CERAMICAS / ЭКИПЕ КЕРАМИКАС от прямого поставщика КЕРАМОТЕКА. Низкие цены, скидки. Оптовые и розничные продажи. Материал в наличии.",EQUIPE CERAMICAS / ЭКИПЕ КЕРАМИКАС Керамическая плитка и керамогранит (Испания) от прямого поставщика КЕРАМОТЕКА.,,BRICK,"equipe brick, экипе брик, под кирпич, плитка, напольная плитка, скидки, купить, цены, испания","Каталог коллекции керамогранита Equipe Brick / Экипе Брик (Испания) от компании КЕРАМОТЕКА. Низкие цены, скидки. Оптовые и розничные продажи. Материал в наличии.","Equipe Brick / Экипе Брик - Керамический гранит ""под кирпич"" для жилых интерьеров и общественных пространств (Испания). КЕРАМОТЕКА.
",На складе,,Каталог отсутсвует !!!,Статус NHS - ОТСУТСВУЕТ,Керамогранит,Town,10X20 СМ,23008,./temp_files/img/EQUIPE_BRICK_Town.jpg
EQUIPE,./temp_files/logo/EQUIPE.png,"equipe ceramicas, экипе керамикас, плитка equipe, плитка, напольная плитка equipe, поставщик, купить, цены, Caprice, Hexatile, Hexatile Cement, Octagon, Urban, Micro, Carrara, Caprice Deco, Kite, Hexawood, Country, Metro, InMetro Evolution, Brick, Harmony, Scale","Каталог классической керамической плитки и керамогранита EQUIPE CERAMICAS / ЭКИПЕ КЕРАМИКАС от прямого поставщика КЕРАМОТЕКА. Низкие цены, скидки. Оптовые и розничные продажи. Материал в наличии.",EQUIPE CERAMICAS / ЭКИПЕ КЕРАМИКАС Керамическая плитка и керамогранит (Испания) от прямого поставщика КЕРАМОТЕКА.,,BRICK,"equipe brick, экипе брик, под кирпич, плитка, напольная плитка, скидки, купить, цены, испания","Каталог коллекции керамогранита Equipe Brick / Экипе Брик (Испания) от компании КЕРАМОТЕКА. Низкие цены, скидки. Оптовые и розничные продажи. Материал в наличии.","Equipe Brick / Экипе Брик - Керамический гранит ""под кирпич"" для жилых интерьеров и общественных пространств (Испания). КЕРАМОТЕКА.
",На складе,,Каталог отсутсвует !!!,Статус NHS - ОТСУТСВУЕТ,Керамогранит,District,10X20 СМ,23009,./temp_files/img/EQUIPE_BRICK_District.jpg
EQUIPE,./temp_files/logo/EQUIPE.png,"equipe ceramicas, экипе керамикас, плитка equipe, плитка, напольная плитка equipe, поставщик, купить, цены, Caprice, Hexatile, Hexatile Cement, Octagon, Urban, Micro, Carrara, Caprice Deco, Kite, Hexawood, Country, Metro, InMetro Evolution, Brick, Harmony, Scale","Каталог классической керамической плитки и керамогранита EQUIPE CERAMICAS / ЭКИПЕ КЕРАМИКАС от прямого поставщика КЕРАМОТЕКА. Низкие цены, скидки. Оптовые и розничные продажи. Материал в наличии.",EQUIPE CERAMICAS / ЭКИПЕ КЕРАМИКАС Керамическая плитка и керамогранит (Испания) от прямого поставщика КЕРАМОТЕКА.,,BRICK,"equipe brick, экипе брик, под кирпич, плитка, напольная плитка, скидки, купить, цены, испания","Каталог коллекции керамогранита Equipe Brick / Экипе Брик (Испания) от компании КЕРАМОТЕКА. Низкие цены, скидки. Оптовые и розничные продажи. Материал в наличии.","Equipe Brick / Экипе Брик - Керамический гранит ""под кирпич"" для жилых интерьеров и общественных пространств (Испания). КЕРАМОТЕКА.
",На складе,,Каталог отсутсвует !!!,Статус NHS - ОТСУТСВУЕТ,Керамогранит,Village,10X20 СМ,23007,./temp_files/img/EQUIPE_BRICK_Village.jpg
EQUIPE,./temp_files/logo/EQUIPE.png,"equipe ceramicas, экипе керамикас, плитка equipe, плитка, напольная плитка equipe, поставщик, купить, цены, Caprice, Hexatile, Hexatile Cement, Octagon, Urban, Micro, Carrara, Caprice Deco, Kite, Hexawood, Country, Metro, InMetro Evolution, Brick, Harmony, Scale","Каталог классической керамической плитки и керамогранита EQUIPE CERAMICAS / ЭКИПЕ КЕРАМИКАС от прямого поставщика КЕРАМОТЕКА. Низкие цены, скидки. Оптовые и розничные продажи. Материал в наличии.",EQUIPE CERAMICAS / ЭКИПЕ КЕРАМИКАС Керамическая плитка и керамогранит (Испания) от прямого поставщика КЕРАМОТЕКА.,,BRICK,"equipe brick, экипе брик, под кирпич, плитка, напольная плитка, скидки, купить, цены, испания","Каталог коллекции керамогранита Equipe Brick / Экипе Брик (Испания) от компании КЕРАМОТЕКА. Низкие цены, скидки. Оптовые и розничные продажи. Материал в наличии.","Equipe Brick / Экипе Брик - Керамический гранит ""под кирпич"" для жилых интерьеров и общественных пространств (Испания). КЕРАМОТЕКА.
",На складе,,Каталог отсутсвует !!!,Статус NHS - ОТСУТСВУЕТ,Керамогранит,Quarter,10X20 СМ,23010,./temp_files/img/EQUIPE_BRICK_Quarter.jpg
EQUIPE,./temp_files/logo/EQUIPE.png,"equipe ceramicas, экипе керамикас, плитка equipe, плитка, напольная плитка equipe, поставщик, купить, цены, Caprice, Hexatile, Hexatile Cement, Octagon, Urban, Micro, Carrara, Caprice Deco, Kite, Hexawood, Country, Metro, InMetro Evolution, Brick, Harmony, Scale","Каталог классической керамической плитки и керамогранита EQUIPE CERAMICAS / ЭКИПЕ КЕРАМИКАС от прямого поставщика КЕРАМОТЕКА. Низкие цены, скидки. Оптовые и розничные продажи. Материал в наличии.",EQUIPE CERAMICAS / ЭКИПЕ КЕРАМИКАС Керамическая плитка и керамогранит (Испания) от прямого поставщика КЕРАМОТЕКА.,,BRICK,"equipe brick, экипе брик, под кирпич, плитка, напольная плитка, скидки, купить, цены, испания","Каталог коллекции керамогранита Equipe Brick / Экипе Брик (Испания) от компании КЕРАМОТЕКА. Низкие цены, скидки. Оптовые и розничные продажи. Материал в наличии.","Equipe Brick / Экипе Брик - Керамический гранит ""под кирпич"" для жилых интерьеров и общественных пространств (Испания). КЕРАМОТЕКА.
",На складе,,Каталог отсутсвует !!!,Статус NHS - ОТСУТСВУЕТ,Керамогранит,White,"6X24,6 СМ",23004,./temp_files/img/EQUIPE_BRICK_White.jpg
EQUIPE,./temp_files/logo/EQUIPE.png,"equipe ceramicas, экипе керамикас, плитка equipe, плитка, напольная плитка equipe, поставщик, купить, цены, Caprice, Hexatile, Hexatile Cement, Octagon, Urban, Micro, Carrara, Caprice Deco, Kite, Hexawood, Country, Metro, InMetro Evolution, Brick, Harmony, Scale","Каталог классической керамической плитки и керамогранита EQUIPE CERAMICAS / ЭКИПЕ КЕРАМИКАС от прямого поставщика КЕРАМОТЕКА. Низкие цены, скидки. Оптовые и розничные продажи. Материал в наличии.",EQUIPE CERAMICAS / ЭКИПЕ КЕРАМИКАС Керамическая плитка и керамогранит (Испания) от прямого поставщика КЕРАМОТЕКА.,,BRICK,"equipe brick, экипе брик, под кирпич, плитка, напольная плитка, скидки, купить, цены, испания","Каталог коллекции керамогранита Equipe Brick / Экипе Брик (Испания) от компании КЕРАМОТЕКА. Низкие цены, скидки. Оптовые и розничные продажи. Материал в наличии.","Equipe Brick / Экипе Брик - Керамический гранит ""под кирпич"" для жилых интерьеров и общественных пространств (Испания). КЕРАМОТЕКА.
",На складе,,Каталог отсутсвует !!!,Статус NHS - ОТСУТСВУЕТ,Керамогранит,Graphite,"6X24,6 СМ",23006,./temp_files/img/EQUIPE_BRICK_Graphite.jpg
EQUIPE,./temp_files/logo/EQUIPE.png,"equipe ceramicas, экипе керамикас, плитка equipe, плитка, напольная плитка equipe, поставщик, купить, цены, Caprice, Hexatile, Hexatile Cement, Octagon, Urban, Micro, Carrara, Caprice Deco, Kite, Hexawood, Country, Metro, InMetro Evolution, Brick, Harmony, Scale","Каталог классической керамической плитки и керамогранита EQUIPE CERAMICAS / ЭКИПЕ КЕРАМИКАС от прямого поставщика КЕРАМОТЕКА. Низкие цены, скидки. Оптовые и розничные продажи. Материал в наличии.",EQUIPE CERAMICAS / ЭКИПЕ КЕРАМИКАС Керамическая плитка и керамогранит (Испания) от прямого поставщика КЕРАМОТЕКА.,,BRICK,"equipe brick, экипе брик, под кирпич, плитка, напольная плитка, скидки, купить, цены, испания","Каталог коллекции керамогранита Equipe Brick / Экипе Брик (Испания) от компании КЕРАМОТЕКА. Низкие цены, скидки. Оптовые и розничные продажи. Материал в наличии.","Equipe Brick / Экипе Брик - Керамический гранит ""под кирпич"" для жилых интерьеров и общественных пространств (Испания). КЕРАМОТЕКА.
",На складе,,Каталог отсутсвует !!!,Статус NHS - ОТСУТСВУЕТ,Керамогранит,City,"6X24,6 СМ",23003,./temp_files/img/EQUIPE_BRICK_City.jpg
EQUIPE,./temp_files/logo/EQUIPE.png,"equipe ceramicas, экипе керамикас, плитка equipe, плитка, напольная плитка equipe, поставщик, купить, цены, Caprice, Hexatile, Hexatile Cement, Octagon, Urban, Micro, Carrara, Caprice Deco, Kite, Hexawood, Country, Metro, InMetro Evolution, Brick, Harmony, Scale","Каталог классической керамической плитки и керамогранита EQUIPE CERAMICAS / ЭКИПЕ КЕРАМИКАС от прямого поставщика КЕРАМОТЕКА. Низкие цены, скидки. Оптовые и розничные продажи. Материал в наличии.",EQUIPE CERAMICAS / ЭКИПЕ КЕРАМИКАС Керамическая плитка и керамогранит (Испания) от прямого поставщика КЕРАМОТЕКА.,,BRICK,"equipe brick, экипе брик, под кирпич, плитка, напольная плитка, скидки, купить, цены, испания","Каталог коллекции керамогранита Equipe Brick / Экипе Брик (Испания) от компании КЕРАМОТЕКА. Низкие цены, скидки. Оптовые и розничные продажи. Материал в наличии.","Equipe Brick / Экипе Брик - Керамический гранит ""под кирпич"" для жилых интерьеров и общественных пространств (Испания). КЕРАМОТЕКА.
",На складе,,Каталог отсутсвует !!!,Статус NHS - ОТСУТСВУЕТ,Керамогранит,Town,"6X24,6 СМ",23000,./temp_files/img/EQUIPE_BRICK_Town.jpg
EQUIPE,./temp_files/logo/EQUIPE.png,"equipe ceramicas, экипе керамикас, плитка equipe, плитка, напольная плитка equipe, поставщик, купить, цены, Caprice, Hexatile, Hexatile Cement, Octagon, Urban, Micro, Carrara, Caprice Deco, Kite, Hexawood, Country, Metro, InMetro Evolution, Brick, Harmony, Scale","Каталог классической керамической плитки и керамогранита EQUIPE CERAMICAS / ЭКИПЕ КЕРАМИКАС от прямого поставщика КЕРАМОТЕКА. Низкие цены, скидки. Оптовые и розничные продажи. Материал в наличии.",EQUIPE CERAMICAS / ЭКИПЕ КЕРАМИКАС Керамическая плитка и керамогранит (Испания) от прямого поставщика КЕРАМОТЕКА.,,BRICK,"equipe brick, экипе брик, под кирпич, плитка, напольная плитка, скидки, купить, цены, испания","Каталог коллекции керамогранита Equipe Brick / Экипе Брик (Испания) от компании КЕРАМОТЕКА. Низкие цены, скидки. Оптовые и розничные продажи. Материал в наличии.","Equipe Brick / Экипе Брик - Керамический гранит ""под кирпич"" для жилых интерьеров и общественных пространств (Испания). КЕРАМОТЕКА.
",На складе,,Каталог отсутсвует !!!,Статус NHS - ОТСУТСВУЕТ,Керамогранит,District,"6X24,6 СМ",23001,./temp_files/img/EQUIPE_BRICK_District.jpg
EQUIPE,./temp_files/logo/EQUIPE.png,"equipe ceramicas, экипе керамикас, плитка equipe, плитка, напольная плитка equipe, поставщик, купить, цены, Caprice, Hexatile, Hexatile Cement, Octagon, Urban, Micro, Carrara, Caprice Deco, Kite, Hexawood, Country, Metro, InMetro Evolution, Brick, Harmony, Scale","Каталог классической керамической плитки и керамогранита EQUIPE CERAMICAS / ЭКИПЕ КЕРАМИКАС от прямого поставщика КЕРАМОТЕКА. Низкие цены, скидки. Оптовые и розничные продажи. Материал в наличии.",EQUIPE CERAMICAS / ЭКИПЕ КЕРАМИКАС Керамическая плитка и керамогранит (Испания) от прямого поставщика КЕРАМОТЕКА.,,BRICK,"equipe brick, экипе брик, под кирпич, плитка, напольная плитка, скидки, купить, цены, испания","Каталог коллекции керамогранита Equipe Brick / Экипе Брик (Испания) от компании КЕРАМОТЕКА. Низкие цены, скидки. Оптовые и розничные продажи. Материал в наличии.","Equipe Brick / Экипе Брик - Керамический гранит ""под кирпич"" для жилых интерьеров и общественных пространств (Испания). КЕРАМОТЕКА.
",На складе,,Каталог отсутсвует !!!,Статус NHS - ОТСУТСВУЕТ,Керамогранит,Village,"6X24,6 СМ",22999,./temp_files/img/EQUIPE_BRICK_Village.jpg
EQUIPE,./temp_files/logo/EQUIPE.png,"equipe ceramicas, экипе керамикас, плитка equipe, плитка, напольная плитка equipe, поставщик, купить, цены, Caprice, Hexatile, Hexatile Cement, Octagon, Urban, Micro, Carrara, Caprice Deco, Kite, Hexawood, Country, Metro, InMetro Evolution, Brick, Harmony, Scale","Каталог классической керамической плитки и керамогранита EQUIPE CERAMICAS / ЭКИПЕ КЕРАМИКАС от прямого поставщика КЕРАМОТЕКА. Низкие цены, скидки. Оптовые и розничные продажи. Материал в наличии.",EQUIPE CERAMICAS / ЭКИПЕ КЕРАМИКАС Керамическая плитка и керамогранит (Испания) от прямого поставщика КЕРАМОТЕКА.,,BRICK,"equipe brick, экипе брик, под кирпич, плитка, напольная плитка, скидки, купить, цены, испания","Каталог коллекции керамогранита Equipe Brick / Экипе Брик (Испания) от компании КЕРАМОТЕКА. Низкие цены, скидки. Оптовые и розничные продажи. Материал в наличии.","Equipe Brick / Экипе Брик - Керамический гранит ""под кирпич"" для жилых интерьеров и общественных пространств (Испания). КЕРАМОТЕКА.
",На складе,,Каталог отсутсвует !!!,Статус NHS - ОТСУТСВУЕТ,Керамогранит,Quarter,"6X24,6 СМ",23002,./temp_files/img/EQUIPE_BRICK_Quarter.jpg
